temperature,rainfall,humidity,previousYield,yieldLossRisk
25.2,110.2,70,4105.8,0.71
26.9,126.3,78,4247.8,0.04
27.6,109.4,66,4021.8,1.11
29.6,155.3,79,4326.8,0.0
25.0,172.6,80,3708.0,2.58
27.1,171.1,69,4832.7,0.0
24.9,126.1,80,4331.1,0.0
26.7,118.7,65,4077.9,0.84
25.2,121.9,72,4357.4,0.0
29.0,123.0,65,3741.8,2.42
25.5,106.6,71,3617.7,3.0
26.5,110.7,70,4322.2,0.0
26.4,117.2,72,3605.7,3.06
29.2,100.7,69,4491.3,0.0
28.5,103.8,79,4700.4,0.0
24.3,155.9,84,4982.6,0.0
24.4,149.5,80,4653.9,0.0
27.3,175.6,81,4961.2,0.0
26.6,132.1,75,3533.3,3.4
25.7,135.5,66,4338.3,0.0
28.8,105.4,65,3747.1,2.4
24.8,112.2,81,3867.7,1.83
29.8,155.3,65,4601.8,0.0
24.1,118.8,66,3879.2,1.78
24.7,161.9,81,3769.7,2.29
25.9,156.5,68,4057.8,0.94
27.1,159.8,76,3624.9,2.97
25.3,155.2,74,3719.7,2.52
28.4,156.6,74,3719.7,2.52
26.1,143.7,79,3839.1,1.96
24.2,154.3,75,4806.1,0.0
29.3,142.1,71,3942.9,1.48
29.7,116.5,74,3910.8,1.63
27.7,117.4,83,3689.0,2.67
28.8,132.4,82,3524.2,3.44
24.7,101.1,66,3740.6,2.43
25.6,171.1,71,4584.5,0.0
26.0,121.5,78,4954.8,0.0
29.8,104.1,75,4615.7,0.0
27.1,134.0,65,4779.8,0.0
24.0,165.2,84,4680.1,0.0
26.3,131.8,69,3944.1,1.47
24.0,121.0,68,4596.8,0.0
25.4,143.6,78,4625.9,0.0
26.7,146.0,67,3887.8,1.74
25.9,160.7,82,4881.0,0.0
24.2,164.0,82,4996.9,0.0
24.7,156.5,68,4341.9,0.0
27.3,100.4,67,3974.9,1.33
28.2,100.2,74,4036.4,1.04
26.4,178.2,80,4373.7,0.0
28.4,121.1,67,3511.7,3.5
25.0,122.6,83,3962.5,1.38
24.7,158.6,84,3573.5,3.21
29.0,146.5,79,4436.3,0.0
26.0,137.1,69,4406.1,0.0
26.6,109.3,75,4386.6,0.0
29.7,106.5,73,3726.5,2.49
26.5,156.3,77,4916.8,0.0
24.0,110.0,75,4301.3,0.0
29.6,134.9,78,4333.8,0.0
24.1,158.9,65,4316.4,0.0
28.0,173.9,73,4286.6,0.0
25.9,169.9,77,4907.6,0.0
26.8,169.1,66,4403.0,0.0
27.3,128.7,68,4227.7,0.14
26.5,174.2,80,4649.7,0.0
28.6,154.7,74,3877.2,1.78
29.6,170.9,70,3788.0,2.2
24.5,107.1,73,4158.8,0.46
28.8,103.2,66,3523.5,3.45
24.8,134.4,65,3940.3,1.49
24.5,166.2,76,4130.1,0.6
29.7,132.7,80,4368.0,0.0
26.9,170.8,66,4314.8,0.0
24.9,118.8,77,4051.1,0.97
27.4,103.1,72,4014.9,1.14
25.6,160.9,65,3502.0,3.55
26.8,150.1,69,4821.7,0.0
27.7,135.2,74,3846.9,1.93
29.2,167.6,67,4037.0,1.03
24.0,165.9,75,3530.4,3.41
25.3,126.0,69,4935.3,0.0
24.6,167.0,76,4241.9,0.07
24.6,127.6,76,3534.9,3.39
29.7,149.8,77,3876.8,1.79
29.6,115.4,78,4818.9,0.0
28.5,121.1,68,4063.6,0.91
27.9,135.8,67,4534.1,0.0
29.1,125.2,81,4420.8,0.0
24.4,110.3,72,4207.9,0.23
24.7,138.6,80,4749.8,0.0
25.9,140.9,75,3560.5,3.27
29.0,112.7,69,4868.6,0.0
26.8,113.9,80,4577.1,0.0
27.0,102.3,73,4795.6,0.0
25.4,102.4,77,3525.4,3.44
27.9,128.7,72,3627.2,2.96
29.3,111.7,69,3808.8,2.11
26.0,173.5,73,4390.3,0.0
27.7,116.0,70,3638.6,2.91
26.0,105.3,66,4897.3,0.0
28.8,132.3,71,4622.9,0.0
26.8,115.4,81,4711.4,0.0
26.0,104.9,76,4375.8,0.0
26.5,160.2,65,4446.4,0.0
24.5,144.6,79,3831.6,2.0
29.2,104.6,75,4865.1,0.0
29.7,137.4,74,4473.4,0.0
26.9,103.1,80,4126.6,0.61
25.3,128.3,73,4822.5,0.0
28.0,129.1,76,4795.7,0.0
26.7,165.8,79,3500.8,3.55
25.5,158.8,80,4887.3,0.0
24.2,171.8,65,4045.1,1.0
29.3,111.2,70,4133.2,0.58
28.8,142.7,77,3628.0,2.96
29.0,101.6,65,4816.4,0.0
26.6,166.0,77,4308.8,0.0
28.5,129.3,69,4858.6,0.0
27.5,105.5,67,4671.2,0.0
26.2,126.0,76,4847.0,0.0
29.1,123.0,74,4922.4,0.0
30.0,161.3,73,4828.9,0.0
29.4,110.1,81,3814.8,2.08
28.7,144.5,70,3605.2,3.06
28.5,163.5,78,4430.4,0.0
27.9,159.2,67,3732.6,2.46
29.1,174.9,82,4794.7,0.0
27.0,100.1,71,4921.2,0.0
25.1,128.3,73,3681.9,2.7
28.6,129.6,79,3853.8,1.89
29.5,102.7,83,4437.8,0.0
26.0,165.4,80,4587.9,0.0
28.7,155.1,83,4268.5,0.0
25.6,142.2,83,4053.5,0.96
29.7,132.4,81,3959.0,1.4
28.1,171.6,70,4499.0,0.0
27.4,121.2,65,4616.8,0.0
28.7,126.8,83,3933.3,1.52
28.9,176.2,79,3989.0,1.26
29.4,105.2,67,4190.1,0.31
29.4,162.4,81,4175.3,0.38
24.3,157.4,70,4764.0,0.0
24.7,172.2,68,4155.4,0.48
29.0,107.2,72,4967.6,0.0
29.7,177.6,68,3966.4,1.37
25.8,102.3,66,4539.2,0.0
24.1,127.0,74,4638.4,0.0
25.9,106.8,76,4445.6,0.0
26.3,104.1,65,4050.6,0.97
28.6,177.2,76,3886.1,1.74
24.3,157.6,74,4406.4,0.0
25.3,140.5,76,4487.9,0.0
29.4,108.7,83,3886.4,1.74
24.9,142.1,67,4004.7,1.19
28.6,125.6,83,4793.1,0.0
26.2,121.7,71,4715.8,0.0
28.0,149.4,65,3775.7,2.26
24.4,163.3,77,4900.0,0.0
25.7,135.5,73,4442.0,0.0
26.5,139.5,80,4245.1,0.06
29.1,152.1,82,3801.3,2.14
27.4,110.0,79,4595.3,0.0
24.3,166.3,84,4881.2,0.0
28.8,167.0,79,3597.4,3.1
24.3,143.3,79,4281.1,0.0
29.6,115.0,74,4815.7,0.0
25.3,140.1,82,4928.8,0.0
26.9,108.5,79,3608.2,3.05
24.4,161.1,76,4686.6,0.0
27.4,124.9,65,3922.1,1.57
27.0,124.9,77,4312.3,0.0
26.5,175.6,81,4675.6,0.0
24.2,133.7,81,4317.7,0.0
29.3,163.2,71,3665.1,2.78
28.8,151.0,75,4385.8,0.0
27.8,125.3,76,3676.7,2.73
27.4,109.9,73,4021.2,1.11
28.2,163.8,79,4337.3,0.0
24.9,161.0,65,4987.1,0.0
29.6,113.5,75,4590.4,0.0
25.7,119.9,69,3955.0,1.42
27.9,161.3,83,4814.8,0.0
27.6,178.7,82,3839.2,1.96
27.8,167.5,82,4076.0,0.85
29.3,154.7,82,4470.5,0.0
25.8,173.2,84,4115.8,0.66
28.5,122.8,71,4594.4,0.0
27.6,100.8,78,4475.9,0.0
24.5,125.7,65,4500.9,0.0
26.5,177.8,84,4130.4,0.6
29.0,170.6,73,3582.7,3.17
25.9,104.0,80,4809.1,0.0
26.9,140.2,70,3611.0,3.04
26.9,106.3,71,4196.1,0.29
27.7,163.1,82,3952.9,1.43
29.3,129.8,65,3944.5,1.47
25.0,173.0,80,3839.9,1.96
27.0,104.4,82,3907.5,1.64
26.5,158.7,82,4933.0,0.0
25.8,131.9,83,4958.1,0.0
29.5,121.5,77,4356.4,0.0
24.0,141.4,83,4287.0,0.0
24.7,138.8,67,3572.5,3.22
28.4,127.9,84,4705.6,0.0
25.6,151.9,81,3755.8,2.36
28.3,152.9,75,3713.9,2.55
29.0,106.2,81,4136.1,0.57
25.5,147.6,76,4021.3,1.11
25.2,156.9,76,3645.0,2.88
24.9,106.1,84,3721.9,2.51
25.2,152.7,80,4988.5,0.0
25.6,164.3,65,4602.2,0.0
29.2,166.6,84,4397.8,0.0
28.6,103.3,77,3955.4,1.42
24.0,155.8,66,4142.7,0.54
29.2,163.8,80,4442.0,0.0
24.5,131.7,71,4676.4,0.0
27.9,143.4,66,4919.6,0.0
24.9,121.2,82,3684.0,2.69
24.4,124.8,81,3787.5,2.21
28.6,140.1,80,4351.4,0.0
26.8,112.1,84,4907.7,0.0
27.6,129.6,82,4178.8,0.37
26.6,124.1,84,4450.9,0.0
24.4,119.1,80,3940.6,1.49
28.4,138.7,65,4717.6,0.0
28.9,167.1,69,4407.9,0.0
24.2,119.4,79,4072.7,0.87
26.3,152.8,77,4313.9,0.0
27.3,120.3,69,4542.1,0.0
27.6,111.4,82,3820.3,2.05
27.5,175.5,84,4012.2,1.15
28.2,150.7,69,3875.8,1.79
29.8,108.4,80,4940.2,0.0
26.3,150.6,75,3564.5,3.25
27.3,114.1,75,3584.7,3.16
28.2,171.0,67,4033.6,1.05
27.6,119.8,83,4307.0,0.0
26.3,164.5,74,3993.3,1.24
27.7,115.9,66,4785.4,0.0
27.9,144.7,81,3754.1,2.36
27.5,173.0,67,4046.9,0.99
25.2,123.7,67,4231.9,0.12
27.0,106.5,72,3803.2,2.13
29.3,144.2,80,3935.1,1.51
29.2,113.8,76,4921.1,0.0
28.5,158.3,83,4280.3,0.0
28.2,147.3,65,4804.5,0.0
24.9,127.7,83,3904.0,1.66
26.8,156.5,68,4418.6,0.0
24.7,119.1,81,4644.9,0.0
28.9,173.4,83,4132.4,0.59
25.7,127.8,68,4437.1,0.0
28.6,161.0,79,4794.8,0.0
28.9,120.7,71,3711.2,2.56
29.4,157.2,84,4032.1,1.06
28.5,102.5,81,4735.9,0.0
27.4,123.6,73,3846.3,1.93
27.6,107.4,71,4334.2,0.0
25.9,136.1,68,4157.0,0.47
25.1,134.8,81,4497.3,0.0
24.8,128.7,79,4502.0,0.0
25.1,178.5,73,4367.7,0.0
29.6,119.5,80,4920.2,0.0
25.0,163.3,70,3763.0,2.32
28.3,135.8,81,4752.6,0.0
25.1,126.8,71,4234.1,0.11
29.9,116.3,81,4492.7,0.0
26.2,150.7,78,3910.6,1.63
26.5,126.7,79,3641.9,2.89
26.4,165.0,84,4666.6,0.0
28.9,177.5,82,3877.6,1.78
25.3,118.2,83,4085.4,0.81
29.0,110.3,82,3571.3,3.22
27.9,125.2,78,4475.3,0.0
25.3,137.4,84,4531.2,0.0
24.4,124.1,69,4852.5,0.0
28.6,177.6,71,4836.5,0.0
25.3,162.3,76,4557.7,0.0
29.3,177.3,81,3983.2,1.29
24.8,129.9,83,4061.9,0.92
27.7,124.4,80,4072.6,0.87
28.2,132.6,66,3694.4,2.64
27.9,141.8,76,4920.9,0.0
25.9,159.3,81,4727.2,0.0
29.3,170.5,67,3717.9,2.53
28.6,137.1,72,4919.7,0.0
27.1,123.1,69,4764.8,0.0
27.6,125.5,81,4878.3,0.0
27.4,155.8,78,3928.5,1.54
29.7,145.4,78,4003.4,1.19
29.4,138.9,68,4204.9,0.25
25.4,116.2,79,3836.3,1.98
25.6,170.0,66,4198.1,0.28
29.9,162.5,68,3513.8,3.49
25.4,111.3,81,4816.3,0.0
29.7,129.4,67,3743.4,2.41
27.9,143.4,80,4251.3,0.03
24.3,136.3,76,4893.2,0.0
26.0,131.8,84,4731.5,0.0
26.9,157.5,67,4664.2,0.0
29.0,104.4,69,4408.2,0.0
26.0,137.7,80,4154.4,0.48
25.9,121.0,71,4169.1,0.41
29.5,106.8,84,3630.4,2.94
24.5,137.2,80,3597.2,3.1
27.3,113.7,81,4765.2,0.0
27.0,120.7,66,4113.0,0.68
24.3,140.6,76,3581.0,3.18
24.5,177.9,77,4494.6,0.0
26.3,154.7,69,4525.0,0.0
24.8,122.4,80,3841.2,1.95
26.9,130.6,72,4116.1,0.66
27.7,132.5,78,4360.1,0.0
28.1,112.3,72,4394.4,0.0
27.3,112.9,82,4266.7,0.0
26.3,111.9,84,4046.3,0.99
24.8,141.7,76,3603.2,3.07
25.5,153.9,75,3533.4,3.4
26.5,147.3,80,4189.3,0.32
29.5,178.2,79,3804.4,2.13
25.2,110.1,77,4907.7,0.0
26.5,178.9,82,4460.6,0.0
28.4,137.3,65,4378.3,0.0
28.2,117.5,65,4109.8,0.69
29.8,175.5,65,3994.3,1.23
25.1,137.5,73,3769.7,2.29
24.1,127.8,78,3590.2,3.13
25.9,117.1,82,4451.7,0.0
24.9,121.4,65,4668.8,0.0
27.3,178.3,84,4786.6,0.0
29.4,124.3,75,4586.5,0.0
28.1,178.2,66,4845.4,0.0
24.8,126.4,83,4974.2,0.0
24.7,118.5,66,4942.5,0.0
29.5,114.7,83,4388.3,0.0
26.9,132.9,66,3836.3,1.98
29.5,118.9,70,3659.5,2.81
28.4,155.8,79,4990.9,0.0
30.0,119.2,75,3962.6,1.38
29.2,166.8,80,3551.0,3.32
26.5,166.7,84,4086.6,0.8
28.5,122.8,67,4622.1,0.0
26.8,160.3,67,4836.2,0.0
25.4,168.6,83,4216.3,0.19
25.4,147.2,75,3941.0,1.49
26.4,129.3,70,4667.6,0.0
24.7,135.3,73,4255.7,0.01
25.1,162.9,69,3629.0,2.95
27.0,123.5,71,4831.6,0.0
29.7,126.8,84,4483.7,0.0
27.5,112.9,65,3555.2,3.3
26.5,131.9,67,3513.6,3.49
25.5,106.9,75,3631.6,2.94
25.2,125.7,74,4732.9,0.0
28.0,129.9,77,4222.0,0.17
29.1,120.4,67,4003.0,1.19
26.4,108.1,75,3873.9,1.8
27.3,141.7,84,4260.3,0.0
28.2,169.2,73,3624.6,2.97
24.3,126.9,75,4425.8,0.0
26.1,118.9,73,4070.8,0.88
28.4,122.8,77,4787.7,0.0
28.1,169.0,73,4631.6,0.0
24.3,142.2,78,3527.5,3.43
25.4,110.5,80,3749.7,2.38
28.1,156.7,81,4211.1,0.22
25.6,112.3,79,4488.0,0.0
28.9,104.8,75,4572.7,0.0
24.2,120.5,76,4724.4,0.0
25.1,113.4,75,3573.8,3.21
25.7,148.4,82,3527.7,3.43
29.6,138.8,76,4400.8,0.0
28.8,157.9,72,4585.7,0.0
29.3,140.9,74,4680.0,0.0
26.6,133.5,67,3733.6,2.46
28.9,142.1,84,4953.1,0.0
29.1,134.8,68,3844.1,1.94
26.4,103.0,77,3875.5,1.79
30.0,154.5,84,3731.4,2.47
29.1,177.0,72,3564.9,3.25
29.8,133.8,66,4714.6,0.0
29.2,133.9,66,3508.5,3.52
28.7,103.7,70,4195.7,0.29
29.7,171.2,84,3638.0,2.91
26.5,174.3,71,3567.2,3.24
28.7,165.1,68,4902.0,0.0
25.3,108.5,72,4738.1,0.0
28.4,172.0,82,4092.3,0.77
28.7,101.9,74,4187.9,0.33
28.3,135.6,84,4802.2,0.0
29.1,140.0,75,4695.3,0.0
26.5,166.7,71,4537.4,0.0
27.3,160.1,69,4304.8,0.0
24.1,163.8,75,4411.7,0.0
24.9,169.4,82,4090.0,0.79
27.9,138.1,80,4292.1,0.0
27.4,162.4,83,4309.5,0.0
25.2,105.4,84,4797.3,0.0
25.5,135.6,69,3828.0,2.02
26.1,102.4,71,3869.9,1.82
28.3,173.2,67,3816.4,2.07
27.7,176.7,74,4368.8,0.0
24.4,106.7,83,4542.7,0.0
28.6,142.6,69,3857.8,1.88
25.6,126.0,69,4515.4,0.0
28.0,127.4,75,4442.1,0.0
24.7,136.1,83,3981.6,1.29
30.0,110.0,76,3844.7,1.94
24.5,114.5,81,4822.7,0.0
28.5,146.2,84,4354.5,0.0
27.2,101.5,79,4555.8,0.0
24.5,148.0,82,4888.0,0.0
24.2,125.5,73,3808.1,2.11
26.2,166.6,81,4025.8,1.09
28.8,148.0,75,4151.7,0.5
24.2,156.6,70,3849.3,1.92
28.2,109.2,76,4760.6,0.0
27.9,121.3,75,3625.1,2.97
25.6,179.7,81,3858.7,1.87
24.5,134.7,74,3786.6,2.21
29.5,128.7,77,4930.1,0.0
25.8,169.9,69,4441.0,0.0
24.7,102.6,68,4574.3,0.0
28.1,142.8,71,3662.6,2.79
25.3,116.8,79,3791.0,2.19
26.9,129.5,66,4714.8,0.0
24.3,116.0,81,4351.6,0.0
30.0,103.0,72,3567.7,3.24
26.7,133.3,80,4348.5,0.0
30.0,163.1,84,4213.1,0.21
26.3,176.2,67,3730.5,2.47
26.1,149.9,81,4389.4,0.0
29.5,131.1,69,3760.7,2.33
26.0,161.6,78,4717.2,0.0
26.6,140.4,78,4427.7,0.0
24.5,129.4,78,4807.0,0.0
29.7,114.3,75,4137.0,0.56
24.5,163.7,84,4267.9,0.0
28.6,140.0,77,4640.9,0.0
27.2,177.1,73,4319.4,0.0
24.4,164.2,84,4358.0,0.0
24.0,133.6,66,4330.0,0.0
29.6,159.3,76,4237.0,0.09
28.5,136.3,72,4708.5,0.0
28.1,106.4,80,4227.8,0.14
26.6,141.3,65,4851.2,0.0
25.4,169.3,80,4712.9,0.0
28.1,168.4,70,4538.7,0.0
27.6,146.0,84,4848.0,0.0
28.4,130.4,70,4305.6,0.0
26.2,100.8,67,4732.8,0.0
29.9,124.9,73,3862.7,1.85
24.4,179.2,83,3609.5,3.04
24.5,158.1,67,4527.5,0.0
29.5,157.4,71,3952.4,1.43
27.9,160.9,78,4451.9,0.0
26.0,149.6,78,3616.1,3.01
28.6,146.9,67,4933.5,0.0
26.7,136.3,69,4272.7,0.0
24.1,135.5,69,3514.3,3.49
27.9,169.7,83,4214.1,0.2
25.5,131.5,74,4684.6,0.0
24.7,167.2,73,4797.8,0.0
25.4,167.0,80,4191.9,0.31
26.9,161.7,73,3688.9,2.67
24.3,103.0,70,4859.3,0.0
29.3,111.8,69,4971.8,0.0
27.4,125.2,68,3594.8,3.11
25.8,167.8,84,3617.1,3.01
28.1,169.9,82,4348.4,0.0
28.8,103.3,80,4300.9,0.0
27.7,126.0,71,4383.0,0.0
25.2,168.0,78,3975.7,1.32
24.7,120.0,81,3575.5,3.2
29.2,178.1,72,4370.5,0.0
25.4,139.1,75,3727.2,2.49
24.1,175.0,81,4011.9,1.15
27.9,134.3,78,4373.7,0.0
24.9,125.9,73,3812.7,2.09
29.9,129.0,70,4313.7,0.0
29.2,170.7,72,4572.1,0.0
27.7,126.5,81,3598.7,3.09
29.0,153.5,77,4429.2,0.0
26.8,137.6,77,4264.2,0.0
28.7,175.3,81,3646.2,2.87
27.9,112.7,83,4559.5,0.0
24.2,134.3,66,3966.3,1.37
29.7,110.0,82,3773.4,2.27
29.2,146.3,68,3923.7,1.57
29.7,132.2,71,4319.3,0.0
28.4,104.9,80,4370.1,0.0
26.5,168.0,83,3754.5,2.36
25.2,130.0,79,4905.0,0.0
25.1,139.5,78,3993.4,1.24
24.9,132.6,77,3902.4,1.67
25.3,139.1,84,3780.1,2.24
27.3,101.3,71,3680.8,2.71
28.1,165.2,79,4973.1,0.0
25.9,126.6,65,4512.1,0.0
27.3,158.0,66,4680.5,0.0
26.0,105.2,67,4102.2,0.73
28.2,141.9,69,4121.9,0.64
29.9,172.7,80,4980.3,0.0
28.1,131.9,81,3801.0,2.14
24.4,115.8,82,3990.4,1.25
26.9,107.9,80,3792.7,2.18
28.6,168.7,75,3923.9,1.57
27.3,119.1,67,4495.4,0.0
29.7,178.0,74,3963.4,1.38
24.3,119.8,82,4813.3,0.0
25.7,138.5,80,3573.0,3.21
25.3,136.6,73,4032.1,1.06
28.6,105.0,65,4791.1,0.0
27.1,142.5,75,4432.1,0.0
24.8,153.8,75,4656.4,0.0
25.7,159.4,77,3985.5,1.28
27.1,141.8,72,4054.0,0.95
30.0,165.0,83,4832.3,0.0
26.2,160.2,73,4624.4,0.0
24.9,115.5,70,4076.4,0.85
27.0,132.1,68,3823.0,2.04
25.9,111.4,73,3659.4,2.81
27.4,110.7,79,4792.7,0.0
26.8,157.0,82,4546.5,0.0
28.1,142.4,68,4411.0,0.0
29.5,148.1,83,4664.9,0.0
25.2,158.6,80,4872.5,0.0
28.9,122.2,70,4642.4,0.0
29.7,132.1,76,4131.0,0.59
26.2,148.5,79,3764.7,2.31
24.7,107.7,79,4570.7,0.0
28.9,166.6,79,3870.1,1.82
28.2,127.5,80,4673.9,0.0
25.3,152.7,78,4008.1,1.17
26.7,179.6,72,3735.2,2.45
27.5,138.0,66,3882.0,1.76
25.0,117.2,79,3900.0,1.68
28.3,117.3,72,4068.2,0.89
28.1,104.8,75,3885.9,1.74
29.3,161.4,80,3838.3,1.97
27.4,123.5,72,4087.6,0.8
27.4,113.8,69,4802.2,0.0
27.7,157.1,84,3605.7,3.06
25.6,124.7,68,3944.4,1.47
28.6,148.0,76,4343.5,0.0
28.0,133.4,74,4811.7,0.0
29.0,126.7,68,3926.2,1.55
28.6,139.2,83,4023.1,1.1
27.8,125.1,74,4696.9,0.0
25.0,169.6,83,4058.8,0.93
29.5,105.8,83,4777.3,0.0
26.2,102.4,75,4182.9,0.35
29.8,132.5,77,4353.6,0.0
26.4,113.8,66,4341.3,0.0
24.9,159.5,78,3679.0,2.72
29.3,128.3,84,4032.4,1.06
28.8,120.9,82,3862.4,1.85
28.7,128.8,80,4524.5,0.0
24.5,117.6,68,4900.5,0.0
29.3,124.0,65,3818.6,2.06
27.6,145.4,67,3636.9,2.91
26.8,169.1,76,4259.9,0.0
29.5,129.7,67,4086.3,0.8
28.0,125.7,82,3553.6,3.31
24.8,162.5,68,4882.4,0.0
27.1,101.8,81,4910.2,0.0
27.8,124.2,76,4775.6,0.0
29.4,136.2,84,3920.8,1.58
25.7,148.1,72,3683.6,2.69
28.8,112.5,81,4388.7,0.0
28.8,134.6,78,3922.3,1.57
24.8,145.3,84,3802.6,2.14
24.1,140.8,75,4462.0,0.0
27.5,146.0,72,4625.6,0.0
28.7,153.0,65,4290.9,0.0
27.3,130.3,81,3980.0,1.3
28.9,105.1,84,4268.8,0.0
27.7,104.4,82,4399.6,0.0
27.9,168.7,74,3577.8,3.19
24.2,154.2,73,4165.7,0.43
24.5,161.1,66,4397.5,0.0
28.4,174.3,84,3694.2,2.64
28.6,160.0,67,4173.3,0.39
27.3,155.4,65,4020.1,1.11
27.5,152.5,65,4801.8,0.0
27.7,120.7,82,4234.1,0.11
24.6,176.6,72,4139.4,0.55
28.0,143.4,82,3865.8,1.84
26.9,117.8,65,4936.2,0.0
27.6,116.8,81,4941.7,0.0
27.4,165.2,74,4050.1,0.97
28.6,120.0,73,4893.6,0.0
25.9,103.3,74,4427.9,0.0
26.2,134.3,65,4671.6,0.0
26.3,165.4,80,3634.8,2.92
28.6,133.2,71,3532.0,3.41
26.6,164.3,67,4271.1,0.0
25.1,166.2,81,3613.9,3.02
29.9,168.6,73,4837.6,0.0
27.0,147.1,79,4730.2,0.0
24.7,156.0,72,4572.2,0.0
28.0,120.9,68,3547.1,3.34
28.4,108.0,83,4187.5,0.33
27.0,142.6,66,3617.1,3.01
27.9,100.8,66,4893.0,0.0
25.0,137.3,77,4418.9,0.0
26.2,108.2,83,3734.8,2.45
25.0,108.7,65,4340.9,0.0
26.3,169.7,79,3677.8,2.72
27.4,151.2,66,3718.5,2.53
26.7,151.6,80,3621.4,2.99
27.6,132.4,78,4807.6,0.0
27.0,133.1,70,4318.5,0.0
25.9,124.2,75,3991.9,1.25
24.9,134.7,78,3501.0,3.55
25.5,147.0,84,4208.0,0.23
25.2,114.9,68,4269.2,0.0
28.2,120.9,81,4004.8,1.19
28.9,139.6,80,4226.5,0.14
28.3,130.8,70,3651.1,2.85
27.9,165.6,72,4883.1,0.0
25.8,165.7,77,3887.5,1.74
28.3,126.9,68,4922.7,0.0
27.6,136.1,80,4239.3,0.08
24.3,178.1,81,4785.1,0.0
29.4,166.2,68,4365.8,0.0
24.5,117.3,80,4766.6,0.0
27.0,122.4,66,3515.2,3.49
27.1,106.7,84,3779.7,2.24
29.0,154.2,77,4030.9,1.06
29.5,125.4,67,3944.2,1.47
29.6,142.9,74,4920.1,0.0
27.4,161.5,82,4092.0,0.78
28.1,166.9,67,4958.2,0.0
24.5,126.0,65,4476.5,0.0
26.9,119.0,75,4753.3,0.0
29.4,167.9,69,4090.8,0.78
26.7,130.5,67,3785.1,2.22
24.4,165.8,75,3575.7,3.2
25.2,112.0,65,4484.6,0.0
26.6,173.0,79,4957.7,0.0
25.4,138.7,71,3677.4,2.72
26.4,113.6,66,4657.6,0.0
26.0,142.8,79,4046.9,0.99
25.9,169.6,82,4990.2,0.0
24.5,131.1,68,4805.1,0.0
29.3,114.2,65,3846.2,1.93
28.2,146.1,73,4648.6,0.0
27.7,166.8,73,4601.3,0.0
27.6,109.7,70,4645.1,0.0
26.4,103.3,78,3624.2,2.97
28.9,104.5,73,4714.1,0.0
29.6,118.4,66,3892.1,1.71
24.0,100.6,73,4385.6,0.0
24.5,134.3,77,3673.1,2.74
28.0,155.8,84,4337.2,0.0
25.4,156.8,84,4859.6,0.0
29.5,150.9,76,3765.8,2.31
28.0,123.7,74,4782.6,0.0
26.2,158.9,69,4153.2,0.49
26.5,146.1,76,3983.5,1.29
28.1,168.9,65,3585.6,3.15
24.8,138.2,68,4292.8,0.0
29.3,114.4,77,3799.9,2.15
24.0,150.8,82,4910.2,0.0
29.9,112.1,66,3857.2,1.88
25.0,177.1,75,4380.2,0.0
28.5,156.3,68,4337.8,0.0
24.2,160.5,82,4005.2,1.18
26.6,154.3,71,4778.1,0.0
27.8,107.8,73,3774.9,2.27
24.4,137.2,66,4725.6,0.0
26.7,152.1,68,3811.2,2.1
25.8,118.3,78,3558.6,3.28
27.0,154.4,81,4915.8,0.0
27.0,165.6,65,4455.9,0.0
28.7,122.0,67,4445.7,0.0
24.7,116.0,65,3897.6,1.69
24.5,170.7,84,3708.8,2.58
26.4,100.4,77,4559.1,0.0
29.3,120.5,78,4278.1,0.0
29.1,132.5,76,3976.9,1.32
27.4,153.8,75,3975.2,1.32
29.3,179.8,82,4833.9,0.0
28.8,129.7,66,4834.5,0.0
25.7,175.9,67,3911.9,1.62
25.0,129.3,68,4691.2,0.0
25.8,155.6,73,3840.0,1.96
25.4,113.2,75,4711.9,0.0
27.7,136.8,73,3689.4,2.67
27.5,169.7,81,4637.2,0.0
27.6,125.6,79,4333.5,0.0
25.1,108.4,73,3676.4,2.73
28.8,141.8,71,4423.6,0.0
26.6,135.2,72,3788.6,2.2
26.8,118.4,67,3791.2,2.19
30.0,172.4,65,4171.0,0.4
25.7,148.1,68,4946.4,0.0
26.4,127.8,81,4838.3,0.0
28.1,179.7,65,4739.7,0.0
29.3,111.0,68,4776.7,0.0
24.8,167.8,72,4245.9,0.05
28.4,118.4,81,4062.1,0.92
29.5,119.2,76,4826.0,0.0
26.5,139.9,80,3621.3,2.99
25.7,153.0,69,4994.1,0.0
28.1,155.2,77,4329.5,0.0
25.5,101.8,77,4310.7,0.0
26.3,122.9,76,3937.9,1.5
29.4,152.8,67,3755.5,2.36
27.5,171.2,76,4520.4,0.0
24.6,153.6,84,4042.6,1.01
26.0,121.3,84,3953.7,1.43
27.8,140.6,84,3743.5,2.41
26.9,151.8,75,4302.7,0.0
28.0,110.8,74,4382.5,0.0
28.6,143.6,80,4164.6,0.43
26.9,137.7,70,3518.1,3.47
29.9,126.9,81,4237.5,0.09
29.5,149.9,77,3907.9,1.64
24.4,150.9,82,3708.0,2.58
25.6,177.7,76,4366.4,0.0
25.8,134.3,69,4506.9,0.0
25.1,142.5,84,4278.2,0.0
25.9,112.6,80,4421.4,0.0
26.5,143.9,67,4409.8,0.0
24.3,102.9,80,3686.4,2.68
24.8,112.0,75,3823.7,2.04
24.6,113.7,78,3514.2,3.49
24.3,150.6,77,4972.9,0.0
26.9,145.4,75,3816.8,2.07
26.0,163.8,78,4722.1,0.0
29.6,137.2,74,4671.9,0.0
24.6,138.0,82,4557.5,0.0
29.6,112.9,71,4174.6,0.39
24.5,159.4,82,4375.8,0.0
27.7,100.3,66,3779.5,2.24
25.5,134.0,72,3659.2,2.81
29.0,115.1,79,4027.6,1.08
24.4,161.7,70,4738.4,0.0
29.7,153.9,77,4346.0,0.0
24.3,156.5,69,4645.8,0.0
25.4,111.9,67,4835.5,0.0
26.8,153.5,79,4340.8,0.0
28.5,155.3,73,4050.9,0.97
29.7,100.2,81,4783.5,0.0
26.6,125.4,81,3844.4,1.94
28.5,107.0,77,3537.1,3.38
28.4,154.5,82,3576.0,3.2
27.4,117.0,84,4373.4,0.0
28.1,121.2,69,4838.5,0.0
24.2,106.3,77,4346.4,0.0
26.6,138.7,71,4113.8,0.67
28.7,102.6,68,4365.6,0.0
26.8,167.6,77,4506.7,0.0
29.2,102.1,81,4637.7,0.0
29.0,104.9,72,4021.0,1.11
29.2,151.2,67,4080.3,0.83
24.8,173.4,80,3535.5,3.39
25.5,171.4,66,4474.4,0.0
24.2,106.7,65,4665.1,0.0
29.9,123.1,72,4266.4,0.0
25.4,141.7,67,4064.8,0.9
26.2,102.1,81,3999.7,1.21
25.6,142.3,83,4467.6,0.0
24.2,135.8,80,3996.1,1.23
25.6,147.1,84,4398.6,0.0
24.6,173.6,74,4890.5,0.0
26.4,122.0,79,3995.9,1.23
29.8,151.1,71,3602.5,3.08
28.2,134.4,80,4811.0,0.0
28.2,134.8,81,3910.3,1.63
26.7,151.8,84,4982.8,0.0
28.9,176.1,77,4760.2,0.0
29.4,169.0,74,4140.3,0.55
29.8,151.2,73,4442.3,0.0
24.6,136.9,71,3916.3,1.6
29.3,133.9,76,3626.3,2.96
25.4,163.0,65,4288.7,0.0
26.4,117.5,80,4137.0,0.56
26.1,147.0,68,4954.9,0.0
28.1,140.4,78,4396.2,0.0
27.6,151.9,81,4620.7,0.0
24.7,115.0,76,3702.9,2.6
28.7,155.7,79,4585.5,0.0
26.6,150.2,76,3584.5,3.16
24.0,114.4,67,4419.6,0.0
26.5,136.0,74,4757.8,0.0
27.1,154.3,84,4224.6,0.15
24.4,172.1,81,3822.6,2.04
24.9,109.8,78,4165.6,0.43
30.0,100.7,77,4761.7,0.0
29.2,113.2,77,4571.6,0.0
24.8,179.1,72,4408.2,0.0
27.5,161.5,78,4540.8,0.0
26.3,149.1,66,4751.3,0.0
27.3,110.6,83,3727.8,2.49
26.8,133.3,66,4762.9,0.0
24.3,157.2,76,4709.9,0.0
25.9,171.7,84,4216.2,0.19
24.8,130.5,76,4104.3,0.72
26.9,180.0,83,4898.8,0.0
29.4,111.2,80,4729.1,0.0
30.0,131.0,66,4983.0,0.0
29.7,170.0,72,4462.6,0.0
29.9,152.0,66,3547.3,3.33
24.1,164.9,74,3730.8,2.47
28.4,172.6,80,4730.5,0.0
25.6,140.6,71,4458.5,0.0
29.2,118.8,83,3797.1,2.16
28.9,155.5,84,3517.9,3.47
26.5,145.1,67,3894.3,1.7
26.8,161.8,81,3706.3,2.59
25.6,140.9,72,4814.3,0.0
25.7,164.9,68,4824.2,0.0
29.9,172.2,65,4763.5,0.0
29.3,160.0,82,3641.9,2.89
25.2,159.5,65,3702.6,2.61
25.7,147.0,73,3703.3,2.6
24.7,137.7,78,3887.6,1.74
29.9,177.8,71,3609.3,3.04
29.4,151.6,72,4972.3,0.0
27.3,167.2,72,4782.7,0.0
28.2,140.4,65,3603.8,3.07
28.5,144.4,67,3715.5,2.54
25.2,153.0,73,3893.5,1.71
29.6,158.3,72,4662.5,0.0
27.2,135.9,69,4571.1,0.0
24.6,128.5,65,4445.8,0.0
26.4,119.2,66,4868.3,0.0
27.6,133.9,74,3554.4,3.3
26.1,116.9,78,3741.9,2.42
28.2,133.3,79,3784.7,2.22
29.3,170.0,74,3589.5,3.14
28.6,178.2,73,4427.4,0.0
27.9,146.2,76,3814.5,2.08
27.1,111.7,74,4224.0,0.16
25.5,134.2,73,4528.2,0.0
26.7,148.2,82,4393.1,0.0
25.8,129.7,83,3935.2,1.51
29.6,116.4,83,4121.3,0.64
29.4,118.1,81,4009.7,1.16
24.9,137.9,66,4778.7,0.0
28.9,117.3,74,4129.9,0.6
28.2,120.0,69,3592.5,3.12
29.9,169.8,71,4429.0,0.0
26.8,162.3,70,3796.5,2.16
28.3,104.4,66,4007.9,1.17
27.1,125.6,72,3991.5,1.25
24.4,142.6,68,3608.6,3.05
24.3,104.8,82,4926.4,0.0
24.7,154.7,68,4320.6,0.0
25.8,130.8,72,3734.4,2.46
25.6,131.8,81,4333.6,0.0
28.4,121.2,78,4177.4,0.37
28.3,126.7,72,4017.3,1.13
29.8,168.9,78,4208.7,0.23
25.9,163.1,72,4504.4,0.0
29.6,174.9,78,3799.3,2.15
27.7,155.9,75,4306.8,0.0
27.0,146.2,73,4719.5,0.0
28.0,120.7,81,3833.7,1.99
28.2,153.3,81,4273.3,0.0
25.0,172.5,76,4948.6,0.0
28.5,105.5,84,4700.8,0.0
28.4,135.4,66,4389.5,0.0
30.0,111.9,81,4623.7,0.0
29.5,164.8,84,4288.4,0.0
28.1,149.1,75,4979.9,0.0
28.3,170.4,73,3753.8,2.36
29.7,105.0,82,4579.4,0.0
29.8,172.5,70,3508.9,3.52
29.0,105.4,68,3688.5,2.67
28.6,123.0,78,4582.7,0.0
24.7,112.5,84,4639.0,0.0
29.0,111.6,74,3559.1,3.28
25.5,113.7,68,4000.8,1.2
27.4,138.4,79,3677.3,2.72
26.4,162.7,73,4835.2,0.0
26.1,171.9,76,4180.8,0.36
25.9,145.4,72,4163.8,0.44
29.1,112.6,69,4735.8,0.0
28.6,106.3,80,4543.1,0.0
27.1,139.5,79,4883.4,0.0
28.0,161.2,81,4908.0,0.0
29.9,149.6,65,3969.8,1.35
26.4,146.6,76,4472.6,0.0
27.3,103.9,84,4312.7,0.0
27.2,132.9,83,4393.7,0.0
29.6,144.0,69,4438.0,0.0
26.1,147.9,79,3590.0,3.13
29.9,100.4,73,4842.6,0.0
25.8,116.0,67,3710.4,2.57
24.7,176.0,76,4136.6,0.57
25.1,140.7,83,3938.1,1.5
26.6,156.3,79,4330.6,0.0
27.9,124.7,67,4942.2,0.0
27.1,146.8,84,4118.6,0.65
26.3,128.5,82,4404.8,0.0
27.4,123.8,80,3711.7,2.56
29.0,132.9,79,4194.5,0.29
29.0,136.8,69,4873.7,0.0
28.4,126.5,74,4898.6,0.0
29.7,120.6,74,4319.6,0.0
27.5,149.9,77,4652.9,0.0
24.0,130.5,82,3504.8,3.53
25.7,116.1,74,4297.3,0.0
26.0,160.7,80,4598.7,0.0
27.3,157.9,66,3994.8,1.23
29.4,170.9,82,4851.7,0.0
29.0,144.4,68,4669.4,0.0
25.4,122.4,83,4654.5,0.0
27.1,169.1,69,3531.9,3.41
28.0,122.4,81,3775.8,2.26
29.9,152.4,66,4570.4,0.0
24.2,115.2,79,4342.6,0.0
26.8,150.3,70,4367.7,0.0
29.9,167.3,82,3522.2,3.45
29.9,143.2,78,4163.1,0.44
26.0,137.7,76,4679.7,0.0
24.0,179.5,70,4495.3,0.0
27.5,101.8,84,4358.6,0.0
29.2,126.5,84,4544.9,0.0
25.9,173.5,82,4776.5,0.0
29.6,151.4,67,4774.3,0.0
26.0,143.4,70,4184.0,0.34
27.7,151.0,68,3961.7,1.39
28.3,125.8,83,4049.6,0.98
26.1,105.7,81,4282.1,0.0
26.1,122.0,75,3634.1,2.93
26.8,126.9,78,4386.5,0.0
29.0,138.4,75,4179.9,0.36
24.6,131.5,83,4638.4,0.0
27.8,141.7,81,3910.9,1.63
28.1,115.7,68,3599.5,3.09
27.3,114.7,76,4841.9,0.0
29.6,128.1,68,3602.1,3.08
27.6,137.9,76,4890.9,0.0
27.8,127.3,81,4246.2,0.05
27.6,146.1,79,3584.4,3.16
28.3,124.8,71,3688.8,2.67
24.8,114.2,65,4299.4,0.0
29.4,169.0,69,3523.7,3.45
24.3,116.0,76,4872.7,0.0
27.8,177.3,71,4694.4,0.0
27.7,179.0,79,4256.8,0.0
25.2,155.7,69,4889.4,0.0
24.2,140.2,73,3889.6,1.73
24.8,163.6,65,4780.1,0.0
25.6,169.9,70,4707.7,0.0
29.3,156.8,80,4372.7,0.0
29.1,108.2,79,3978.3,1.31
24.4,100.2,66,4337.5,0.0
25.7,115.4,77,4935.8,0.0
29.3,115.1,69,3626.9,2.96
25.4,114.6,80,3801.5,2.14
30.0,140.8,65,4465.8,0.0
25.5,141.6,74,4517.6,0.0
28.4,157.8,80,3746.7,2.4
26.5,116.1,77,4709.4,0.0
24.8,107.4,66,4892.7,0.0
25.5,153.3,68,3619.5,3.0
28.1,138.7,65,4961.4,0.0
26.0,153.3,75,3921.8,1.58
27.6,130.5,73,3963.3,1.38
25.2,160.1,70,3567.3,3.24
26.7,154.6,65,4246.1,0.05
27.1,152.0,72,4932.1,0.0
26.5,102.2,72,3741.5,2.42
25.2,168.6,68,4365.3,0.0
26.8,130.1,68,3911.7,1.62
28.2,110.8,65,3528.0,3.43
29.8,160.4,72,4980.7,0.0
28.7,138.9,82,4574.3,0.0
25.0,102.6,84,4603.2,0.0
25.6,162.5,83,4494.4,0.0
24.5,134.8,75,3715.6,2.54
24.8,160.4,84,3810.0,2.1
25.5,160.4,74,4078.5,0.84
25.2,108.0,70,4993.2,0.0
25.3,149.1,71,4508.9,0.0
25.4,128.8,66,4163.6,0.44
25.8,143.7,82,4227.1,0.14
24.8,107.1,82,4883.3,0.0
25.7,147.1,81,3794.7,2.17
28.1,162.2,77,3981.3,1.3
25.4,178.9,79,4056.3,0.94
25.0,125.6,75,4846.4,0.0
24.4,112.4,71,4665.2,0.0
27.0,129.3,81,4386.2,0.0
29.1,101.5,83,3972.1,1.34
24.4,132.7,72,3803.3,2.13
27.3,173.2,81,3996.1,1.23
27.9,115.5,80,4894.2,0.0
27.6,138.2,78,4865.3,0.0
29.3,145.8,82,4132.9,0.58
29.2,114.4,73,3988.3,1.26
24.3,126.4,82,4826.9,0.0
26.2,172.9,84,4169.3,0.41
28.0,123.7,80,3558.0,3.28
29.7,150.8,81,4018.6,1.12
28.8,111.0,81,4410.9,0.0
25.1,153.6,80,4916.9,0.0
25.7,122.3,83,4136.9,0.56
28.6,118.5,75,3860.2,1.86
26.8,109.9,70,4076.7,0.85
27.3,103.7,83,3585.6,3.15
27.7,177.4,71,4848.3,0.0
24.6,133.1,73,3550.1,3.32
29.1,162.2,76,3501.5,3.55
29.2,173.6,66,4421.2,0.0
26.8,116.3,68,3731.0,2.47
27.8,169.6,67,3944.1,1.47
28.0,156.6,76,4236.5,0.1
25.1,146.2,67,4688.2,0.0
24.7,164.7,73,4081.3,0.83
24.1,108.9,76,4935.7,0.0
29.5,121.1,72,4179.8,0.36
26.1,110.5,83,4880.0,0.0
24.5,171.7,69,4178.5,0.37
26.8,107.9,69,4274.2,0.0
24.5,178.4,72,4937.1,0.0
24.5,108.8,67,4512.4,0.0
26.9,152.9,83,3724.1,2.5
27.1,152.8,73,4397.8,0.0
27.5,174.5,78,3837.8,1.97
27.9,125.9,84,3964.5,1.37
28.0,126.6,66,4757.2,0.0
26.6,167.7,79,4523.2,0.0
27.9,178.3,68,3930.3,1.54
25.8,102.4,66,3507.0,3.52
26.6,150.8,73,4296.8,0.0
26.4,119.5,68,3875.3,1.79
26.0,158.2,69,3542.5,3.36
25.4,161.8,75,3594.9,3.11
24.5,161.0,68,4509.9,0.0
27.0,134.8,68,4121.4,0.64
27.2,112.6,79,3893.7,1.71
26.0,146.8,69,4819.6,0.0
29.9,163.1,67,4737.6,0.0
27.3,173.0,80,4199.3,0.27
29.3,136.2,65,3913.4,1.61
27.4,119.7,65,4260.8,0.0
25.1,109.5,65,4629.4,0.0
29.8,163.8,67,3516.1,3.48
29.3,142.8,73,4418.8,0.0
26.8,153.9,77,4565.2,0.0
25.5,112.7,77,4725.2,0.0
25.3,100.5,77,3824.9,2.03
28.8,177.4,72,3805.2,2.12
24.4,164.9,72,3823.6,2.04
27.8,132.0,83,4897.1,0.0
27.8,136.6,69,3711.5,2.56
25.1,174.3,74,4647.0,0.0
28.2,116.6,83,4980.1,0.0
28.2,164.2,67,4919.4,0.0
26.1,101.4,71,4114.8,0.67
26.9,170.1,70,4759.0,0.0
29.0,147.1,71,4505.2,0.0
27.1,138.2,71,4802.7,0.0
27.7,156.5,84,3741.7,2.42
26.5,105.4,72,4647.4,0.0
24.9,115.6,66,4379.8,0.0
30.0,132.6,79,4310.2,0.0
27.2,149.4,74,4593.4,0.0
26.0,111.6,79,3909.6,1.63
28.3,130.4,66,3611.9,3.03
27.7,120.9,67,4253.2,0.02
25.4,151.6,83,3953.2,1.43
29.3,173.5,69,3884.6,1.75
24.4,113.3,83,4997.8,0.0
27.6,115.1,71,3796.8,2.16
26.9,148.0,78,3853.4,1.9
25.9,136.3,76,4000.8,1.2
29.0,157.4,74,4245.5,0.05
27.9,123.0,74,4803.7,0.0
28.6,143.6,68,3764.6,2.31
26.5,130.9,82,4423.9,0.0
29.7,122.5,70,4052.8,0.96
26.1,158.3,84,4695.4,0.0
27.2,163.7,68,4402.8,0.0
29.6,126.3,69,4692.6,0.0
24.5,149.8,78,4782.6,0.0
24.7,114.3,73,4868.2,0.0
30.0,163.3,79,4993.5,0.0
29.8,122.5,65,4428.3,0.0
28.6,113.7,77,4456.3,0.0
26.9,175.2,66,3710.9,2.57
27.0,133.8,79,3657.6,2.82
25.5,151.5,79,4231.4,0.12
26.6,164.7,80,4540.5,0.0
26.6,154.9,67,3872.3,1.81
24.2,145.2,77,3990.7,1.25
26.7,129.7,84,4550.2,0.0
26.9,173.5,65,3817.5,2.07
28.0,110.7,78,4282.1,0.0
27.1,170.7,67,4307.9,0.0
29.2,156.8,81,4875.4,0.0
26.2,145.7,81,4103.4,0.72
26.5,126.0,73,3815.8,2.07
27.4,111.7,84,3760.8,2.33
25.2,135.5,84,3939.7,1.49
26.4,162.7,68,3918.4,1.59
28.1,159.6,75,4625.3,0.0
26.5,151.6,79,4390.6,0.0
29.4,179.4,77,4523.6,0.0
27.7,177.8,84,4445.4,0.0
24.9,132.0,76,4221.9,0.17
26.9,115.4,79,4892.4,0.0
28.6,137.1,70,4726.1,0.0
27.9,167.6,82,3816.2,2.07
29.3,136.7,81,4135.5,0.57
28.5,126.9,81,3931.9,1.53
24.4,159.3,75,4618.5,0.0
24.7,152.0,82,4016.7,1.13
27.9,177.5,67,4460.3,0.0
25.4,143.9,68,3938.3,1.5
27.5,177.4,77,3757.5,2.35
28.8,123.3,65,3513.8,3.49
27.5,169.2,83,4991.9,0.0
26.5,128.1,84,3829.3,2.01
27.9,164.8,69,4748.4,0.0
24.9,174.1,77,4733.1,0.0
28.3,149.9,80,3853.9,1.89
28.2,158.3,80,4123.5,0.63
27.1,176.7,75,4754.2,0.0
25.7,130.0,73,4534.7,0.0
28.8,140.9,82,4054.8,0.95
27.1,171.9,79,4923.7,0.0
24.4,153.8,77,4013.5,1.14
29.5,169.9,71,3818.1,2.06
28.6,149.5,67,3720.1,2.52
27.5,159.2,76,4552.0,0.0
26.6,101.0,82,3543.5,3.35
29.8,127.2,73,4768.8,0.0
28.7,161.6,67,3956.3,1.41
27.2,132.3,65,4054.7,0.95
27.9,129.0,71,4702.7,0.0
25.7,176.1,83,4721.3,0.0
25.2,144.2,76,4100.0,0.74
25.6,115.4,78,4330.7,0.0
25.8,137.8,77,4518.8,0.0
28.4,141.5,69,4532.9,0.0
24.8,179.1,76,4301.1,0.0
28.7,157.5,72,4766.2,0.0
27.1,141.6,70,4762.2,0.0
26.3,134.6,82,4773.2,0.0
25.8,173.2,71,3902.3,1.67
27.1,151.7,83,3885.4,1.75
25.9,128.5,79,3709.7,2.57
26.6,137.2,74,4739.6,0.0
28.4,122.2,73,3591.0,3.13
27.8,176.8,84,3703.0,2.6
28.5,156.2,80,4889.3,0.0
28.3,131.4,84,3687.7,2.68
28.9,114.7,68,3681.9,2.7
25.2,114.2,74,4863.7,0.0
30.0,138.2,74,3965.2,1.37
26.9,137.4,72,4822.1,0.0
28.3,133.4,65,4066.5,0.9
28.1,168.1,67,4060.5,0.92
27.4,178.3,76,3702.8,2.6
30.0,128.4,71,4877.9,0.0
25.3,123.6,65,4642.5,0.0
26.5,161.6,84,3838.5,1.97
24.8,136.0,65,4591.7,0.0
25.1,117.4,68,3655.5,2.83
28.3,114.5,82,4285.7,0.0
24.0,122.4,69,3881.4,1.77
29.3,100.1,65,4775.9,0.0
27.8,175.3,65,4266.7,0.0
26.6,134.4,69,4881.8,0.0
26.0,106.6,82,4377.7,0.0
24.8,113.2,73,4256.0,0.01
29.5,125.9,74,4540.9,0.0
28.3,144.1,71,4676.0,0.0
26.0,156.3,79,3522.9,3.45
24.4,124.6,78,4283.4,0.0
26.0,176.6,68,4663.6,0.0
25.1,160.8,78,4111.2,0.69
28.7,166.1,71,3567.7,3.24
28.3,125.9,72,3526.3,3.43
27.0,130.5,72,4690.8,0.0
29.3,143.0,69,3797.1,2.16
25.1,136.1,75,3762.4,2.32
26.7,120.8,66,3934.3,1.52
28.3,179.8,79,3653.3,2.84
24.4,167.9,83,3579.9,3.18
26.2,119.0,82,4808.4,0.0
27.4,171.4,79,3954.2,1.42
26.2,147.0,83,4373.6,0.0
26.9,101.0,71,4786.7,0.0
27.6,127.7,68,4966.2,0.0
26.2,102.1,78,4532.7,0.0
24.6,107.0,72,4925.2,0.0
24.8,114.3,74,4135.3,0.57
27.2,138.8,77,4684.3,0.0
25.0,130.5,70,4906.4,0.0
29.3,111.9,68,3579.7,3.18
29.0,131.6,69,3976.2,1.32
26.1,124.3,74,4610.4,0.0
29.0,132.8,77,3972.9,1.34
27.2,113.8,83,3525.5,3.44
25.0,148.8,75,4710.5,0.0
27.7,103.6,83,3747.1,2.4
28.1,131.0,69,3981.3,1.3
24.5,171.6,69,4865.9,0.0
25.9,133.6,65,3813.3,2.09
24.0,135.3,73,4842.1,0.0
25.9,105.4,71,4133.8,0.58
26.0,148.4,73,4877.2,0.0
27.8,174.9,74,4815.3,0.0
25.2,123.3,67,4122.9,0.63
24.2,131.5,82,4882.8,0.0
25.9,147.1,73,4449.1,0.0
29.0,107.5,69,4213.4,0.21
26.4,176.0,75,4296.0,0.0
26.5,137.4,65,3595.0,3.11
26.8,109.2,66,4711.4,0.0
28.5,126.8,82,3938.7,1.5
26.9,129.9,84,3905.3,1.65
24.5,127.6,78,4573.1,0.0
25.2,155.5,72,4056.2,0.94
25.1,127.6,83,4271.2,0.0
27.0,125.9,78,4132.4,0.59
24.2,125.8,78,4257.0,0.0
25.7,162.2,84,3833.3,1.99
27.6,124.7,72,4827.4,0.0
26.1,101.1,73,4415.3,0.0
28.2,129.2,78,3850.6,1.91
26.3,122.3,76,3637.3,2.91
29.9,172.7,77,4303.2,0.0
29.8,138.2,70,4202.2,0.26
28.8,118.8,78,4898.7,0.0
29.7,178.5,79,3846.1,1.93
25.2,119.7,66,4822.4,0.0
28.5,161.0,82,4649.7,0.0
25.9,152.0,74,4214.8,0.2
28.4,137.0,71,4810.7,0.0
26.2,132.5,69,4792.8,0.0
25.7,169.8,72,4571.6,0.0
29.8,138.0,84,3652.3,2.84
25.3,130.0,77,3740.3,2.43
28.6,128.3,71,4387.4,0.0
28.0,122.1,82,3868.1,1.83
25.8,132.7,73,4326.8,0.0
26.8,109.6,76,4341.2,0.0
24.9,105.2,81,4380.6,0.0
29.5,143.3,74,4354.8,0.0
29.8,136.3,71,4068.9,0.88
28.4,113.9,69,3815.4,2.08
29.1,108.5,79,4277.8,0.0
24.5,111.5,80,4242.7,0.07
26.3,125.2,80,3912.8,1.62
26.0,136.1,74,3576.8,3.2
27.4,115.5,78,3808.4,2.11
25.1,160.4,84,4326.2,0.0
27.4,115.5,81,4303.4,0.0
27.9,109.9,70,3700.5,2.62
24.8,179.6,65,4409.1,0.0
24.8,135.8,75,4134.0,0.58
24.2,113.6,65,4480.5,0.0
28.6,171.6,76,4832.0,0.0
26.0,118.5,84,3962.8,1.38
25.4,174.0,79,4021.0,1.11
28.7,109.5,69,4515.2,0.0
24.9,167.3,74,4923.7,0.0
26.6,114.7,81,4229.2,0.13
28.5,175.1,74,3753.9,2.36
27.4,145.9,71,4902.5,0.0
27.3,115.2,82,4204.7,0.25
24.9,167.6,70,4191.0,0.31
25.1,131.2,73,4309.7,0.0
27.5,158.6,66,3878.8,1.78
24.1,151.5,76,4677.0,0.0
29.2,157.1,69,4461.6,0.0
26.1,127.5,79,4932.3,0.0
26.5,175.1,77,3805.8,2.12
25.6,144.8,66,4428.7,0.0
29.3,106.2,79,4275.0,0.0
27.9,105.3,78,4842.1,0.0
26.7,159.1,73,3545.6,3.34
27.5,168.0,80,4641.2,0.0
26.3,155.6,66,4434.6,0.0
26.8,122.2,65,4411.3,0.0
26.1,118.1,73,4813.0,0.0
26.5,145.2,84,4384.7,0.0
25.9,115.7,78,4573.9,0.0
24.5,130.3,66,4468.6,0.0
24.2,150.3,65,3604.3,3.07
25.0,122.8,74,3669.2,2.76
25.5,130.0,83,4007.7,1.17
29.3,128.8,82,4513.6,0.0
27.7,136.8,84,3539.7,3.37
29.7,153.9,84,4658.9,0.0
26.0,162.6,75,3804.5,2.13
26.4,153.2,73,4339.3,0.0
28.3,102.1,79,3801.7,2.14
27.5,171.7,80,3764.0,2.32
27.2,146.5,77,4001.3,1.2
27.5,173.6,70,4882.3,0.0
27.5,177.1,79,3856.8,1.88
28.6,137.4,79,3572.8,3.22
28.0,173.3,82,4823.4,0.0
29.7,129.2,75,4158.4,0.46
29.7,120.8,65,4431.6,0.0
26.5,105.9,78,4828.7,0.0
24.2,136.1,66,4633.5,0.0
24.1,155.1,66,4694.8,0.0
24.7,178.1,84,4220.1,0.17
24.4,141.7,74,4531.0,0.0
26.2,158.8,80,4945.6,0.0
24.3,171.7,67,4834.7,0.0
27.7,143.5,78,4418.6,0.0
25.1,113.3,71,3628.1,2.96
27.1,167.9,83,4969.6,0.0
24.6,145.9,83,3838.2,1.97
29.0,160.7,83,4041.1,1.01
28.7,152.7,67,3710.5,2.57
26.3,104.9,77,3749.9,2.38
29.5,113.5,83,4693.7,0.0
25.1,122.9,78,3692.4,2.65
28.9,122.8,72,3784.1,2.22
27.3,167.1,72,3757.2,2.35
26.0,147.9,81,4055.3,0.95
24.5,106.7,69,4542.0,0.0
25.0,131.0,69,4465.8,0.0
29.2,144.5,66,4587.0,0.0
27.6,120.1,75,4590.2,0.0
25.4,103.2,79,3504.5,3.54
27.0,130.4,71,4526.8,0.0
24.6,136.9,75,4526.9,0.0
24.6,172.4,66,3593.2,3.12
29.4,172.7,70,4140.7,0.55
26.7,140.0,73,3618.0,3.0
26.2,137.7,81,3786.2,2.21
29.7,151.2,83,4234.6,0.11
26.4,120.6,76,3518.0,3.47
26.0,122.9,70,3642.5,2.89
25.6,100.2,80,3627.4,2.96
27.4,106.3,66,3686.8,2.68
27.4,114.3,75,3574.7,3.21
24.1,151.2,79,4418.1,0.0
27.9,117.0,70,3767.9,2.3
28.7,109.9,73,4793.9,0.0
27.7,149.3,73,4827.2,0.0
29.2,152.1,82,4536.6,0.0
25.7,104.8,77,3597.4,3.1
25.2,161.8,69,4837.4,0.0
28.2,148.5,81,4128.0,0.61
25.1,131.8,75,3771.7,2.28
24.5,178.7,73,4668.2,0.0
24.6,100.8,84,4020.0,1.11
28.6,143.6,73,4259.1,0.0
24.2,112.8,73,4614.6,0.0
25.7,126.3,74,3651.7,2.84
24.8,110.7,84,3754.3,2.36
28.5,153.5,70,4952.8,0.0
27.0,132.1,68,4570.3,0.0
25.2,178.9,65,3846.7,1.93
28.5,152.3,70,4360.7,0.0
28.5,173.4,70,3782.0,2.23
27.1,119.3,76,4798.2,0.0
25.7,125.5,67,4172.9,0.4
27.5,129.0,77,4710.3,0.0
29.6,167.1,74,4957.9,0.0
24.3,116.9,73,4971.3,0.0
25.6,175.7,81,3706.4,2.59
25.7,103.5,75,4917.2,0.0
27.8,171.2,70,3905.4,1.65
27.9,136.1,74,4039.4,1.02
25.2,142.1,82,3594.5,3.11
25.3,179.8,78,4468.4,0.0
29.6,169.6,68,4466.2,0.0
28.5,172.3,77,4665.6,0.0
29.6,146.8,65,4919.4,0.0
29.0,176.5,84,4142.2,0.54
26.4,155.0,66,4111.2,0.69
24.7,165.5,67,4458.7,0.0
27.8,157.7,84,4501.1,0.0
26.1,162.5,67,4167.9,0.42
26.6,151.0,70,4879.0,0.0
26.6,158.1,71,3578.3,3.19
29.6,134.9,75,4634.6,0.0
24.4,156.5,71,3811.9,2.09
25.2,122.1,81,4243.0,0.07
27.6,150.8,83,4777.2,0.0
29.3,141.9,76,3994.4,1.23
29.5,171.9,65,4849.5,0.0
27.4,153.9,65,4176.0,0.38
24.2,147.7,82,4554.1,0.0
26.2,125.0,74,4584.0,0.0
29.5,169.0,84,3891.2,1.72
27.0,104.3,67,4851.0,0.0
28.4,172.0,78,3686.9,2.68
25.6,152.2,72,4385.1,0.0
24.2,115.2,80,4893.5,0.0
27.5,172.2,82,3546.5,3.34
29.0,126.1,73,4296.9,0.0
29.9,113.5,68,3869.7,1.82
29.1,125.5,65,3788.7,2.2
27.3,176.9,78,3850.6,1.91
27.7,160.2,75,4854.0,0.0
28.9,173.3,68,4138.3,0.56
24.1,123.9,80,3853.8,1.89
29.7,106.6,73,4891.3,0.0
27.2,145.0,78,3982.4,1.29
29.7,138.6,70,4585.2,0.0
28.6,157.6,66,4305.8,0.0
24.9,143.4,65,4518.7,0.0
25.0,131.7,84,3774.0,2.27
26.1,100.4,83,4517.8,0.0
25.6,137.4,71,4858.7,0.0
26.6,109.7,79,3651.4,2.85
27.6,173.8,69,3989.8,1.26
26.6,173.7,67,4958.9,0.0
24.3,164.3,79,3837.8,1.97
29.9,112.6,68,3589.3,3.14
26.6,111.8,69,3582.6,3.17
29.1,145.1,68,3912.9,1.62
24.4,158.2,67,4242.3,0.07
28.9,172.4,66,3903.2,1.66
25.0,171.5,69,3921.4,1.58
28.1,112.4,82,4747.1,0.0
28.0,179.6,66,4650.4,0.0
29.5,112.5,79,3966.3,1.37
25.9,167.2,82,4017.3,1.13
24.7,147.0,82,4954.5,0.0
29.2,154.3,72,4925.2,0.0
26.0,148.3,76,4959.6,0.0
25.4,169.6,73,4908.8,0.0
26.9,151.0,83,4442.1,0.0
24.9,167.9,65,3962.5,1.38
25.8,112.3,81,4954.2,0.0
26.3,169.3,65,4614.2,0.0
25.7,179.4,84,4566.9,0.0
26.7,152.9,81,4696.4,0.0
26.3,178.1,70,4397.7,0.0
28.6,117.6,69,4374.9,0.0
29.5,166.3,69,4042.0,1.01
24.6,113.5,75,3726.1,2.49
28.9,141.3,75,4157.8,0.47
29.6,153.1,75,4276.1,0.0
28.1,152.8,76,4816.7,0.0
30.0,153.7,76,4102.4,0.73
26.0,125.7,66,4824.5,0.0
29.0,177.9,67,3976.3,1.32
28.0,100.5,71,4917.0,0.0
25.9,149.7,84,3558.4,3.28
28.2,169.3,78,4288.0,0.0
27.1,171.3,80,3982.4,1.29
25.1,157.6,78,3941.6,1.48
25.0,146.0,81,3619.1,3.0
28.3,136.6,79,4521.9,0.0
28.3,136.0,75,4088.8,0.79
27.2,134.0,77,4923.6,0.0
27.0,156.0,70,4568.6,0.0
25.1,158.5,81,4164.3,0.44
26.6,141.2,76,4440.9,0.0
29.2,159.3,68,3599.0,3.09
29.1,142.3,74,4383.7,0.0
28.0,107.8,82,4499.2,0.0
30.0,168.1,83,3659.2,2.81
29.4,169.6,71,4523.6,0.0
24.9,121.3,76,4211.0,0.22
26.4,162.9,75,4219.4,0.18
24.8,140.9,67,4585.4,0.0
26.8,109.9,66,4174.7,0.39
28.7,131.8,66,3851.5,1.91
24.9,106.1,66,3947.4,1.46
29.3,162.9,79,4607.5,0.0
27.4,115.7,68,3606.5,3.06
28.5,113.2,67,4761.2,0.0
24.3,116.7,81,4373.3,0.0
24.6,118.1,66,4590.5,0.0
27.7,153.9,74,4015.5,1.14
29.0,151.1,71,3834.1,1.99
29.2,110.3,73,4706.9,0.0
28.1,158.0,84,3653.3,2.84
25.2,127.9,79,3748.8,2.39
25.2,136.6,72,3927.4,1.55
29.3,110.0,81,4026.8,1.08
24.7,156.7,75,3805.5,2.12
28.1,130.1,80,4868.9,0.0
27.2,150.6,82,3540.8,3.37
26.5,134.2,68,4705.2,0.0
26.6,103.9,82,4116.6,0.66
29.7,156.3,84,4754.2,0.0
29.2,144.2,72,4693.9,0.0
29.2,134.7,79,3681.6,2.7
26.4,116.1,77,4499.6,0.0
24.6,149.9,68,4067.7,0.89
30.0,122.0,78,4731.5,0.0
24.9,134.3,79,4776.5,0.0
27.1,104.5,79,3783.6,2.22
25.6,162.1,69,4218.0,0.18
27.1,107.2,79,4391.6,0.0
25.8,171.3,82,4316.1,0.0
29.4,169.4,67,3877.7,1.78
29.8,177.7,84,3908.7,1.64
26.5,172.7,74,4787.3,0.0
24.4,177.7,69,3549.1,3.33
28.0,171.0,69,3893.5,1.71
26.3,109.0,79,3834.6,1.99
29.9,135.0,65,4056.0,0.94
24.5,106.1,65,4529.2,0.0
24.7,143.6,80,4298.4,0.0
28.2,142.4,81,4310.9,0.0
28.6,173.8,78,4596.9,0.0
26.8,177.6,79,4718.2,0.0
25.7,120.8,78,3739.8,2.43
25.9,146.6,66,3662.0,2.8
26.0,137.2,67,3951.8,1.43
25.4,143.7,76,4741.3,0.0
29.1,142.5,66,4312.6,0.0
24.4,173.1,72,3714.2,2.55
26.4,171.7,76,3745.6,2.4
28.5,109.8,73,4847.4,0.0
24.0,127.6,78,4050.5,0.97
29.3,160.2,70,3882.9,1.76
28.2,154.7,81,4540.6,0.0
24.4,150.5,75,4791.2,0.0
29.4,179.5,83,4163.6,0.44
26.9,127.0,77,4686.7,0.0
27.9,141.2,67,4145.1,0.53
29.3,178.3,67,4537.1,0.0
29.3,155.6,78,4362.2,0.0
26.5,151.9,72,4841.7,0.0
25.4,112.4,71,3987.6,1.27
25.5,119.7,68,4655.6,0.0
28.6,130.2,67,4525.9,0.0
29.6,137.2,83,4758.2,0.0
24.4,139.8,66,4411.3,0.0
24.1,172.2,69,4190.2,0.31
28.9,108.6,76,3574.2,3.21
26.3,119.9,66,4759.5,0.0
25.7,111.5,82,4864.9,0.0
25.1,158.8,79,4174.5,0.39
26.1,177.6,80,3833.4,1.99
29.8,171.5,76,4470.7,0.0
29.9,157.9,76,3682.6,2.7
26.0,101.7,68,3561.3,3.27
29.8,127.8,72,3935.2,1.51
25.8,169.1,75,4519.9,0.0
29.1,152.2,68,4721.3,0.0
25.3,116.8,76,3735.3,2.45
29.0,137.3,74,4919.2,0.0
26.1,107.0,73,4328.1,0.0
25.2,141.7,80,4887.9,0.0
29.6,172.1,68,3724.7,2.5
25.3,103.1,81,4187.0,0.33
30.0,149.1,82,4146.2,0.52
24.7,118.6,71,4117.5,0.66
24.1,179.2,73,4896.2,0.0
29.2,105.2,70,4774.1,0.0
27.5,149.4,84,4691.4,0.0
26.5,120.5,67,3929.2,1.54
24.5,170.6,79,4008.6,1.17
27.4,109.8,65,3889.0,1.73
26.4,134.3,81,4690.2,0.0
26.9,114.8,73,4089.2,0.79
27.8,164.0,66,4968.0,0.0
27.8,128.1,70,4046.5,0.99
29.8,114.9,80,3754.7,2.36
27.9,158.1,77,4894.8,0.0
26.0,165.4,70,4674.1,0.0
26.0,137.0,79,4374.9,0.0
26.9,130.3,69,4787.7,0.0
25.6,150.6,81,4924.2,0.0
26.3,152.1,73,4792.1,0.0
29.1,152.9,77,4856.8,0.0
29.2,122.1,71,3906.9,1.65
27.8,175.3,80,4266.3,0.0
27.5,117.1,72,4692.9,0.0
26.6,129.9,82,4289.0,0.0
27.8,122.7,69,4462.8,0.0
28.8,174.5,77,4884.3,0.0
28.4,166.3,71,3943.0,1.48
24.2,164.9,84,4309.1,0.0
28.4,100.4,77,4345.3,0.0
28.3,154.9,66,4039.3,1.02
24.6,118.4,83,4052.4,0.96
24.9,177.4,78,4653.6,0.0
28.7,142.5,78,4894.3,0.0
27.4,145.2,73,4450.6,0.0
28.9,128.5,68,4231.9,0.12
25.1,142.9,81,4625.5,0.0
24.2,160.0,84,4996.7,0.0
25.0,145.0,80,3623.6,2.98
26.7,151.3,72,4477.4,0.0
27.1,137.8,79,4334.2,0.0
29.1,157.3,82,4415.4,0.0
28.3,172.0,74,3534.2,3.4
29.9,104.1,68,4933.5,0.0
24.5,108.6,71,3628.1,2.96
24.8,154.8,81,3961.2,1.39
24.5,130.2,72,3947.4,1.46
27.2,122.5,65,4599.7,0.0
25.6,114.3,74,4506.4,0.0
28.1,145.8,79,3592.6,3.12
24.8,127.8,70,3724.6,2.5
24.6,140.6,74,3978.2,1.31
26.8,176.7,65,4556.2,0.0
26.3,160.7,70,4893.9,0.0
29.0,163.7,77,3973.2,1.33
29.0,109.9,67,4288.4,0.0
24.7,126.0,76,4058.9,0.93
28.9,108.5,79,4366.0,0.0
27.4,177.5,71,4442.0,0.0
27.0,154.6,70,4277.4,0.0
24.6,101.5,73,4083.5,0.82
28.4,138.0,80,4819.7,0.0
24.4,121.1,76,4702.9,0.0
25.7,143.2,73,4997.6,0.0
24.6,114.3,72,4119.0,0.65
27.2,104.5,69,3558.1,3.28
27.9,125.9,67,4477.1,0.0
29.3,123.6,68,4675.1,0.0
28.4,157.4,75,4905.2,0.0
29.8,138.0,74,3515.5,3.48
28.6,123.3,72,4819.4,0.0
25.8,145.6,73,4275.1,0.0
27.3,105.7,77,4062.2,0.92
26.7,153.0,83,3832.9,1.99
27.4,111.8,75,4721.2,0.0
27.4,122.4,67,4045.6,0.99
28.2,122.6,65,4406.8,0.0
24.5,137.3,78,4267.5,0.0
28.5,176.3,83,3894.7,1.7
24.9,126.0,65,4681.7,0.0
24.2,122.5,76,3947.3,1.46
27.1,113.5,78,4681.0,0.0
27.5,131.4,79,4114.3,0.67
24.2,114.6,71,3545.1,3.35
27.1,111.0,68,4651.1,0.0
27.2,168.6,78,4848.9,0.0
24.3,104.2,82,3679.7,2.71
28.3,156.9,80,4377.9,0.0
25.3,116.2,78,3607.6,3.05
28.8,100.9,75,4744.8,0.0
25.9,163.6,70,4981.9,0.0
26.9,156.2,79,4242.5,0.07
29.4,126.7,74,3970.1,1.35
28.8,106.3,76,4768.6,0.0
28.7,128.9,73,4281.2,0.0
25.0,114.5,81,4173.5,0.39
24.3,174.6,82,3841.7,1.95
27.6,142.4,75,4424.0,0.0
26.5,177.1,70,4409.5,0.0
29.5,128.1,83,3894.3,1.7
26.1,144.5,66,3817.1,2.07
26.5,115.2,84,4157.8,0.47
27.2,164.7,77,4176.2,0.38
28.8,103.3,73,3692.6,2.65
25.6,155.6,76,3914.1,1.61
29.7,131.3,80,3740.5,2.43
27.2,146.3,83,4852.2,0.0
29.0,147.4,66,3611.5,3.03
27.2,156.9,80,4818.1,0.0
28.6,116.3,69,4291.8,0.0
24.3,142.5,81,4498.0,0.0
28.8,134.2,70,4884.9,0.0
27.1,122.6,71,4048.1,0.98
26.7,139.7,70,4553.9,0.0
24.7,176.2,67,4507.5,0.0
28.4,175.9,79,4982.5,0.0
24.8,122.3,80,3569.1,3.23
25.2,170.7,81,4183.2,0.35
24.8,170.1,73,4984.3,0.0
24.0,120.0,73,3991.8,1.25
28.0,147.9,81,4948.5,0.0
25.6,169.6,71,4725.1,0.0
24.9,141.2,66,4009.0,1.17
25.9,129.6,70,3543.7,3.35
27.0,152.1,74,3920.5,1.58
27.0,113.8,81,3685.6,2.69
26.2,112.9,78,4142.7,0.54
27.0,166.6,67,4909.3,0.0
26.6,103.3,80,4268.9,0.0
28.9,164.3,80,4171.3,0.4
24.2,123.2,69,3823.6,2.04
29.2,138.6,80,4432.2,0.0
25.5,143.5,69,4183.1,0.35
28.3,161.4,69,4659.1,0.0
26.4,170.7,70,4274.2,0.0
25.8,164.3,82,4829.9,0.0
27.7,145.8,76,4674.5,0.0
28.6,127.8,71,3717.6,2.53
26.7,142.1,81,3704.0,2.6
26.8,102.4,74,3536.5,3.39
24.4,119.6,73,4053.5,0.96
29.5,129.3,73,3581.9,3.17
29.1,125.6,75,4174.9,0.39
26.4,107.6,78,3862.0,1.86
28.6,104.1,69,4247.4,0.05
25.9,133.7,71,3737.5,2.44
28.4,106.0,81,4323.8,0.0
27.1,122.9,73,4949.7,0.0
26.8,138.0,83,4455.8,0.0
24.3,116.8,77,4346.6,0.0
29.8,106.4,73,4682.1,0.0
29.0,134.6,77,3508.4,3.52
28.8,135.9,78,3923.7,1.57
25.8,173.2,72,4980.5,0.0
25.7,110.2,78,4673.9,0.0
27.4,149.2,77,3635.4,2.92
29.1,125.6,74,3989.7,1.26
29.6,109.9,66,4159.8,0.46
25.6,131.5,76,4901.9,0.0
27.6,134.2,80,4379.3,0.0
28.3,129.1,71,3615.8,3.01
25.4,161.3,66,4263.6,0.0
26.4,167.1,80,3934.1,1.52
25.1,111.9,70,4008.1,1.17
28.2,113.4,80,3671.4,2.75
29.2,133.7,77,4188.1,0.32
29.3,125.6,74,4504.2,0.0
28.0,165.6,84,4639.3,0.0
26.1,179.7,73,4543.1,0.0
28.0,114.5,66,4490.8,0.0
29.2,161.0,80,4803.8,0.0
27.8,148.6,67,3998.6,1.21
26.5,151.6,66,3821.9,2.04
29.5,121.2,74,3634.2,2.93
29.0,107.8,84,3748.6,2.39
29.3,143.5,69,3724.1,2.5
29.4,149.1,72,4868.7,0.0
26.4,177.0,76,3770.8,2.28
29.2,154.0,68,3640.9,2.9
27.4,135.5,78,4100.4,0.74
24.2,179.5,79,3754.4,2.36
27.8,129.9,67,3695.9,2.64
26.8,113.0,79,4043.6,1.0
25.7,149.4,68,4879.1,0.0
29.8,121.3,79,3545.7,3.34
24.3,173.8,73,3811.6,2.09
29.7,134.2,82,4736.3,0.0
25.0,112.0,77,3867.9,1.83
26.3,111.3,73,4161.6,0.45
26.5,152.0,68,3647.8,2.86
28.4,129.3,77,4692.8,0.0
25.3,129.1,74,4604.7,0.0
29.9,149.0,72,3692.1,2.65
28.5,117.7,78,4921.9,0.0
28.7,111.6,80,4385.9,0.0
24.6,152.6,83,4697.2,0.0
26.9,100.4,71,4645.7,0.0
29.7,172.6,76,4278.6,0.0
25.6,114.6,77,4621.2,0.0
24.9,135.8,79,3856.7,1.88
26.9,116.9,79,3531.9,3.41
29.6,117.5,82,4013.1,1.15
26.9,166.8,66,3728.8,2.48
26.4,146.8,78,4971.6,0.0
27.9,124.9,84,4885.4,0.0
29.6,120.1,71,3716.2,2.54
24.3,117.0,84,4016.0,1.13
24.9,144.4,66,4264.0,0.0
24.8,158.5,66,4098.1,0.75
24.5,120.3,69,4550.0,0.0
25.8,126.6,67,4255.3,0.01
25.4,157.6,67,4347.9,0.0
27.3,159.0,65,4516.5,0.0
26.0,116.6,83,3535.5,3.39
26.4,130.6,84,3518.6,3.47
29.7,169.6,76,3767.2,2.3
24.9,159.2,70,4577.5,0.0
26.3,113.0,84,3860.6,1.86
25.5,130.9,70,4880.3,0.0
27.3,177.9,77,3617.7,3.0
28.4,142.0,74,4369.9,0.0
28.9,157.5,65,3538.3,3.38
27.1,107.4,80,4958.1,0.0
29.1,166.6,78,3820.5,2.05
28.7,148.4,82,4381.5,0.0
24.9,114.0,78,4929.6,0.0
25.5,130.4,74,3545.5,3.34
28.0,106.6,84,4269.1,0.0
29.8,162.2,69,4290.1,0.0
26.3,159.6,66,4027.2,1.08
25.4,139.2,81,4481.8,0.0
29.2,136.2,65,4313.8,0.0
25.2,137.1,65,3873.7,1.8
28.2,103.0,70,4558.0,0.0
24.2,129.5,71,4199.3,0.27
24.1,110.3,71,4205.5,0.24
26.7,114.8,80,4927.9,0.0
27.9,177.0,83,4302.5,0.0
24.9,120.9,73,4677.0,0.0
28.6,138.7,65,4801.1,0.0
24.8,171.0,82,4371.1,0.0
27.2,133.1,71,4679.6,0.0
25.8,142.3,82,3964.3,1.38
28.5,113.5,74,3772.9,2.27
28.8,122.8,84,4543.3,0.0
24.4,140.5,66,4889.3,0.0
25.2,129.2,75,3563.7,3.26
29.4,103.1,82,4644.6,0.0
26.5,132.1,75,3542.6,3.36
26.9,165.2,78,4187.9,0.33
25.0,109.3,77,4515.8,0.0
30.0,101.5,65,4108.0,0.7
29.5,109.5,74,3951.4,1.44
24.0,154.9,79,3780.3,2.24
27.3,163.6,83,4966.8,0.0
29.2,103.9,81,4355.5,0.0
26.6,171.0,74,3691.8,2.66
26.6,150.2,72,3572.2,3.22
26.3,141.5,71,3865.1,1.84
24.2,120.3,82,4307.9,0.0
28.7,129.7,68,4628.0,0.0
26.7,175.8,70,4971.4,0.0
27.2,172.9,66,4750.9,0.0
25.5,150.0,77,4418.0,0.0
28.7,146.3,76,4499.7,0.0
28.8,116.8,69,4283.1,0.0
27.3,176.3,83,4151.9,0.49
29.4,160.4,66,4677.1,0.0
24.7,130.6,75,3766.0,2.31
28.7,165.3,72,4000.9,1.2
27.4,116.9,68,4968.0,0.0
25.4,117.1,68,4357.6,0.0
24.8,163.3,75,4247.8,0.04
25.8,144.7,78,4776.2,0.0
29.1,144.5,73,4643.0,0.0
28.7,145.9,84,3989.1,1.26
27.9,110.1,78,4438.9,0.0
24.5,128.0,67,3778.1,2.25
29.7,145.8,77,3579.5,3.18
25.8,119.8,78,4984.8,0.0
27.6,140.3,81,4605.8,0.0
28.8,144.6,67,4896.1,0.0
24.8,175.4,79,4747.8,0.0
27.9,119.7,66,4142.1,0.54
24.2,135.1,74,4792.2,0.0
24.6,178.5,79,4680.0,0.0
28.3,114.9,83,3887.4,1.74
24.9,162.4,76,4434.5,0.0
26.7,114.2,81,3957.5,1.41
25.5,168.0,80,3851.1,1.91
26.5,139.0,72,3622.6,2.98
24.5,177.8,69,4314.7,0.0
28.5,113.6,79,4088.6,0.79
24.5,155.0,72,3632.1,2.94
29.0,155.6,82,4577.5,0.0
28.0,157.5,72,4584.6,0.0
26.5,108.1,83,3853.0,1.9
29.2,123.1,81,4933.9,0.0
25.1,127.0,68,4666.8,0.0
25.6,125.9,68,4708.0,0.0
24.8,154.0,84,3505.6,3.53
26.3,104.4,84,4967.7,0.0
29.9,158.4,73,4985.4,0.0
25.0,142.1,78,4260.8,0.0
29.0,113.8,65,4977.5,0.0
27.9,118.1,73,4418.2,0.0
24.1,107.8,77,3701.0,2.61
29.7,136.7,82,4721.3,0.0
29.8,147.6,74,4337.1,0.0
29.5,146.5,68,4013.4,1.15
27.0,177.0,79,3854.3,1.89
25.3,123.7,68,4278.3,0.0
26.3,161.0,84,4537.6,0.0
27.7,157.8,75,4815.5,0.0
26.3,104.9,76,4398.0,0.0
28.2,174.4,77,4122.9,0.63
28.8,174.5,66,4448.2,0.0
25.3,131.7,72,4245.4,0.06
26.4,133.4,68,4478.0,0.0
29.7,165.6,73,4413.5,0.0
25.5,139.6,66,4968.0,0.0
26.1,163.9,69,4433.4,0.0
24.2,102.9,69,4536.6,0.0
26.0,120.0,68,4838.6,0.0
26.2,107.3,83,4869.5,0.0
24.6,136.3,73,3711.3,2.56
24.0,168.3,76,4180.7,0.36
27.5,145.6,67,4914.2,0.0
25.8,141.6,69,4939.7,0.0
24.1,129.3,66,3785.0,2.22
29.2,105.1,77,4165.6,0.43
27.5,161.3,71,3918.0,1.59
25.0,145.7,72,4686.1,0.0
29.2,174.5,84,4778.3,0.0
25.5,134.6,75,4203.9,0.25
25.4,132.1,76,4513.5,0.0
29.4,177.9,82,4804.9,0.0
25.1,111.3,82,4564.3,0.0
29.3,120.2,80,3734.6,2.45
28.8,139.1,84,4568.0,0.0
25.9,141.9,70,3738.4,2.44
24.2,143.9,82,4480.6,0.0
24.5,117.0,81,4000.3,1.21
24.7,174.1,82,3584.7,3.16
29.3,156.3,67,3839.7,1.96
26.4,120.7,73,4202.6,0.26
24.2,123.5,71,4991.0,0.0
27.3,170.4,71,3883.6,1.75
25.2,130.4,83,4968.2,0.0
25.4,144.5,65,4046.3,0.99
25.0,109.6,65,4940.0,0.0
28.6,120.1,65,4934.2,0.0
24.0,133.3,75,3714.3,2.55
26.6,152.5,82,4743.1,0.0
24.5,122.4,77,4276.0,0.0
27.3,176.1,79,4529.3,0.0
26.1,117.6,81,4664.1,0.0
24.2,162.3,74,3686.8,2.68
26.8,129.2,72,4698.5,0.0
27.4,166.7,73,3954.2,1.42
25.5,173.8,83,4598.6,0.0
28.6,115.0,82,4360.5,0.0
26.2,139.3,72,4527.0,0.0
28.5,112.3,69,4434.3,0.0
27.5,156.5,78,4715.6,0.0
29.2,166.6,77,4841.8,0.0
27.3,131.2,65,4173.7,0.39
25.1,131.7,75,4088.3,0.79
28.9,116.3,76,3863.3,1.85
28.7,124.5,70,4720.8,0.0
29.8,125.9,76,4950.5,0.0
24.6,112.4,67,3793.0,2.18
27.5,124.8,72,4186.8,0.33
27.0,172.6,66,4655.5,0.0
28.0,126.0,70,4454.1,0.0
29.9,122.0,67,4722.5,0.0
27.2,130.8,71,3524.2,3.44
28.1,176.8,80,4867.0,0.0
26.1,161.2,81,3592.0,3.12
25.8,116.1,76,4168.2,0.42
26.0,160.2,79,3913.6,1.61
24.2,161.3,78,4892.3,0.0
25.7,176.0,65,3912.7,1.62
25.0,171.3,76,4060.0,0.93
26.7,107.6,84,4832.5,0.0
26.8,136.4,84,4306.1,0.0
28.6,156.2,78,4847.3,0.0
27.0,177.9,80,4491.5,0.0
26.8,106.8,79,3618.8,3.0
25.4,129.5,72,4152.2,0.49
29.1,139.4,65,3764.6,2.31
24.5,133.1,77,3597.7,3.1
29.9,136.5,67,4060.7,0.92
26.9,129.5,76,4862.6,0.0
25.1,177.6,71,3676.5,2.73
26.1,164.3,72,3510.2,3.51
24.1,158.9,81,4902.6,0.0
25.0,132.9,82,4295.2,0.0
26.0,170.5,74,4337.9,0.0
27.3,107.5,79,4892.7,0.0
24.8,111.5,74,4550.3,0.0
28.1,176.3,73,4740.2,0.0
29.1,145.4,65,4655.7,0.0
27.4,112.8,69,4417.8,0.0
25.8,175.9,79,4532.6,0.0
24.7,178.0,78,4341.1,0.0
24.1,170.5,75,4033.1,1.05
28.4,119.1,81,3928.0,1.55
27.8,122.3,78,3763.9,2.32
26.9,132.6,70,4031.0,1.06
24.6,146.3,68,4365.3,0.0
25.2,179.4,77,4381.3,0.0
28.9,176.5,81,4525.1,0.0
26.9,173.7,76,4819.1,0.0
29.8,107.1,76,4477.8,0.0
30.0,160.6,68,3756.3,2.35
28.8,170.1,66,3538.5,3.38
25.5,126.7,84,3795.3,2.17
25.4,117.6,70,4862.2,0.0
25.5,159.9,70,4351.5,0.0
29.9,107.3,65,4772.9,0.0
26.0,175.3,75,3851.5,1.91
28.2,112.5,76,4564.8,0.0
29.8,136.6,68,4597.5,0.0
28.9,178.6,80,4714.3,0.0
27.6,179.1,83,4303.3,0.0
25.0,162.1,75,4690.3,0.0
25.0,167.1,75,4903.2,0.0
27.0,177.4,77,4936.1,0.0
29.7,174.2,77,3688.2,2.67
29.4,149.8,72,4436.5,0.0
25.0,158.8,75,3670.2,2.76
25.7,147.5,80,4883.9,0.0
27.5,140.5,77,4933.1,0.0
26.9,170.5,67,4249.4,0.04
24.7,159.0,75,4939.8,0.0
26.2,168.8,72,4649.4,0.0
29.7,107.7,74,4543.9,0.0
29.7,146.1,82,4371.1,0.0
27.4,126.4,81,4110.2,0.69
27.8,141.1,71,4945.7,0.0
25.3,149.0,82,3795.6,2.17
28.5,167.7,74,4703.8,0.0
24.3,102.6,84,4051.2,0.97
25.3,113.1,77,4629.9,0.0
24.0,173.7,71,3745.5,2.4
26.3,177.4,71,4060.0,0.93
29.1,104.4,84,4919.2,0.0
29.9,126.5,75,4335.9,0.0
28.0,100.8,74,4236.9,0.1
28.5,160.6,76,4628.2,0.0
25.6,154.6,77,4125.6,0.62
27.1,145.2,76,4239.5,0.08
28.4,155.3,76,4340.9,0.0
27.0,143.0,70,4985.0,0.0
24.5,119.1,67,4708.1,0.0
28.4,160.3,72,3559.7,3.28
25.3,162.7,81,4675.4,0.0
24.6,168.3,77,4254.5,0.01
26.9,176.3,72,3846.0,1.93
24.4,159.8,69,4780.3,0.0
27.8,104.4,68,3905.8,1.65
27.8,101.7,80,3980.6,1.3
25.5,159.2,82,3594.5,3.11
29.8,104.5,68,4966.4,0.0
28.9,125.3,75,4693.1,0.0
24.7,110.9,72,3722.2,2.51
28.5,177.5,65,4234.3,0.11
26.1,125.3,77,4005.1,1.18
28.5,104.4,68,3548.6,3.33
28.8,176.0,68,4890.8,0.0
24.9,148.7,68,4759.1,0.0
28.0,102.9,77,4980.4,0.0
29.2,166.7,83,3863.8,1.85
25.9,112.2,80,4549.1,0.0
24.5,164.2,78,3677.3,2.72
24.2,148.2,74,4147.1,0.52
24.7,114.2,69,4770.1,0.0
24.0,160.2,79,3512.1,3.5
26.0,136.4,70,4221.1,0.17
25.8,151.0,83,4152.0,0.49
24.7,169.6,78,4536.5,0.0
27.9,120.8,75,3856.9,1.88
30.0,129.3,67,3759.9,2.34
29.4,179.8,66,4476.0,0.0
25.5,140.6,70,4461.9,0.0
28.6,144.7,72,4627.7,0.0
29.6,122.8,65,3870.4,1.82
29.4,133.3,78,3524.5,3.44
29.3,140.1,80,4816.9,0.0
28.7,120.7,81,3809.5,2.1
25.8,119.1,72,4127.0,0.61
24.5,148.0,81,4202.8,0.26
26.9,114.7,77,3781.0,2.24
24.3,144.3,83,4281.2,0.0
30.0,156.5,73,4871.4,0.0
26.1,115.9,67,3907.0,1.64
29.8,159.7,82,4280.5,0.0
28.6,128.8,65,3963.0,1.38
26.5,179.4,77,4971.1,0.0
24.7,178.3,77,3830.9,2.0
25.4,163.9,76,3664.0,2.79
28.0,127.4,65,3713.9,2.55
29.0,175.0,74,4050.6,0.97
29.9,179.9,83,4329.3,0.0
24.8,137.0,71,4502.0,0.0
24.9,149.2,78,4343.6,0.0
24.3,100.5,70,4858.3,0.0
25.6,103.5,70,4040.4,1.02
28.9,140.0,73,4568.5,0.0
25.2,148.7,84,3902.3,1.67
27.3,125.0,80,4522.6,0.0
26.7,107.9,69,4888.7,0.0
26.0,162.6,79,4967.6,0.0
27.7,133.5,65,4594.5,0.0
27.0,151.9,68,4913.7,0.0
26.0,152.0,74,4520.7,0.0
28.1,143.7,70,4944.8,0.0
25.7,114.3,66,4847.0,0.0
27.9,149.3,74,3659.9,2.81
29.7,125.8,83,4211.2,0.22
28.4,165.5,73,4021.2,1.11
26.5,115.5,75,3540.5,3.37
28.5,123.3,68,4200.4,0.27
28.9,135.2,74,3722.5,2.51
26.0,159.2,70,3554.7,3.3
28.2,157.7,67,4167.5,0.42
26.6,127.0,77,3848.6,1.92
28.9,140.9,83,4902.9,0.0
25.8,118.7,67,4719.0,0.0
29.6,161.6,84,4934.3,0.0
27.4,115.7,82,4822.2,0.0
26.1,165.5,76,4591.9,0.0
26.5,174.9,76,4396.5,0.0
26.1,179.3,76,3598.2,3.1
24.9,168.6,71,3898.7,1.68
24.4,117.7,73,4566.1,0.0
25.9,133.3,76,4101.8,0.73
26.8,107.1,83,3988.0,1.26
26.2,113.2,68,3656.0,2.82
24.1,104.0,74,3605.3,3.06
27.5,151.3,83,3815.0,2.08
24.9,142.7,81,4751.9,0.0
25.3,173.4,82,4494.5,0.0
24.7,137.0,74,4011.4,1.15
27.1,151.4,76,3591.5,3.13
24.6,132.1,84,3782.6,2.23
25.5,166.4,72,4174.8,0.39
26.7,174.1,83,3729.8,2.48
25.0,134.5,65,4643.9,0.0
26.7,106.6,68,4683.0,0.0
26.1,113.1,70,3705.3,2.59
29.2,157.6,68,4590.3,0.0
28.8,126.0,80,4268.4,0.0
30.0,162.8,72,4943.6,0.0
27.2,160.0,73,4681.4,0.0
27.5,155.5,79,4377.9,0.0
29.7,165.1,82,4405.4,0.0
26.4,160.5,67,3768.4,2.3
27.3,150.6,81,4840.4,0.0
26.3,100.3,65,4338.9,0.0
27.3,141.3,71,4361.1,0.0
24.5,147.6,74,4363.1,0.0
28.7,176.9,79,3914.4,1.61
29.9,152.0,77,4718.1,0.0
24.4,146.0,69,4793.5,0.0
28.8,143.3,71,3931.8,1.53
25.5,108.3,78,4162.7,0.44
25.2,134.2,78,3768.7,2.29
28.2,110.7,73,3857.8,1.88
24.3,104.2,70,4004.0,1.19
26.8,126.4,83,4853.0,0.0
24.0,151.6,79,4439.2,0.0
27.3,169.3,80,4381.9,0.0
26.8,164.8,76,4920.1,0.0
29.5,123.6,67,4687.0,0.0
28.3,103.7,67,3524.1,3.44
24.8,132.2,70,3686.5,2.68
26.1,125.2,83,3871.6,1.81
29.6,129.7,76,3955.9,1.42
28.4,144.7,80,4751.1,0.0
27.6,102.4,82,4654.9,0.0
27.4,129.7,68,3718.2,2.53
26.4,144.7,84,4300.9,0.0
27.5,134.5,77,3663.7,2.79
28.6,153.4,77,3759.3,2.34
24.8,114.9,66,3863.3,1.85
29.8,112.3,73,4857.9,0.0
25.4,124.6,75,4048.6,0.98
26.7,108.1,67,4873.7,0.0
24.1,118.9,81,4626.1,0.0
27.3,107.0,76,4624.1,0.0
26.3,132.2,69,4705.2,0.0
25.5,156.9,78,3643.9,2.88
29.9,122.9,83,4721.9,0.0
26.6,100.3,81,3878.9,1.78
26.5,144.6,68,4975.9,0.0
26.8,155.4,65,4772.3,0.0
24.7,131.3,81,4995.0,0.0
26.4,123.8,74,4905.7,0.0
26.0,139.3,72,4039.6,1.02
26.8,108.1,75,4912.5,0.0
29.1,151.5,84,3995.3,1.23
25.2,158.7,74,4488.9,0.0
27.6,156.4,83,4728.0,0.0
24.2,126.3,70,4073.0,0.87
25.9,167.4,75,3805.8,2.12
26.8,175.7,80,4842.3,0.0
24.4,123.8,74,3654.9,2.83
27.3,121.0,65,4047.5,0.98
25.9,156.3,72,4310.9,0.0
30.0,156.7,81,4707.1,0.0
27.8,140.8,83,4803.3,0.0
25.5,173.9,73,4267.4,0.0
24.6,111.7,84,4360.1,0.0
24.2,138.2,72,4780.7,0.0
24.5,102.8,73,4200.5,0.27
28.1,104.2,80,4338.7,0.0
29.1,104.3,78,3527.7,3.43
24.9,139.3,70,4926.7,0.0
26.4,147.1,73,4350.2,0.0
26.1,100.3,75,4591.4,0.0
27.9,150.6,79,3871.9,1.81
25.1,139.2,79,4484.9,0.0
29.7,117.9,69,4190.0,0.32
28.4,101.2,72,3668.7,2.76
29.7,112.5,84,4745.2,0.0
25.7,148.0,67,4759.0,0.0
27.5,152.7,84,3595.6,3.11
28.4,151.8,68,4085.9,0.8
28.3,112.3,71,3922.2,1.57
24.1,172.9,81,4274.6,0.0
30.0,132.9,76,4233.2,0.11
29.6,161.4,70,4484.6,0.0
24.7,113.3,68,3871.2,1.81
27.3,137.6,82,3832.5,1.99
25.9,141.7,80,4585.0,0.0
29.3,161.6,65,4964.3,0.0
28.2,149.7,81,4919.5,0.0
25.3,131.9,69,4688.0,0.0
24.2,122.6,82,3601.2,3.08
25.8,177.8,70,3856.7,1.88
24.2,122.8,77,4534.4,0.0
24.8,110.4,72,3943.7,1.47
27.8,124.0,83,4090.4,0.78
28.5,126.2,80,4930.5,0.0
26.8,110.2,82,3629.5,2.95
27.6,156.7,71,4791.9,0.0
24.9,149.5,73,3575.4,3.2
25.9,125.3,65,4006.9,1.18
28.3,179.4,73,4333.1,0.0
26.2,152.4,74,4034.6,1.05
26.1,156.3,82,4935.7,0.0
25.2,144.6,65,4256.6,0.0
27.6,144.1,77,4600.8,0.0
28.9,101.6,78,4553.1,0.0
26.8,161.7,71,4752.6,0.0
24.7,172.9,72,4795.9,0.0
29.0,109.8,65,4199.5,0.27
24.4,163.7,66,4794.5,0.0
26.8,142.7,75,4480.2,0.0
25.6,122.8,65,4529.1,0.0
29.6,173.7,76,3759.9,2.34
28.4,101.4,72,3867.6,1.83
27.4,121.9,67,4531.5,0.0
28.0,170.9,74,3898.5,1.68
27.2,138.5,79,4235.1,0.1
24.9,147.9,76,4234.9,0.1
28.3,160.0,66,3851.1,1.91
27.0,111.8,69,4349.7,0.0
27.8,117.2,73,4345.6,0.0
24.3,179.9,82,3693.5,2.65
24.9,119.0,70,4071.7,0.87
27.5,143.1,75,4048.7,0.98
26.8,123.9,78,4343.1,0.0
25.4,168.1,65,4624.0,0.0
25.4,176.9,68,3527.3,3.43
27.8,111.3,71,3698.8,2.62
24.4,148.0,73,3953.0,1.43
26.6,164.9,81,4715.6,0.0
27.1,165.8,81,4220.8,0.17
25.8,135.2,75,4266.3,0.0
28.9,118.0,76,4113.8,0.67
24.3,131.0,79,4122.7,0.63
29.2,160.1,66,4966.3,0.0
28.3,179.5,72,4848.0,0.0
26.7,144.3,84,4588.8,0.0
29.5,115.6,66,3986.1,1.27
28.2,103.4,70,4270.5,0.0
29.6,175.5,65,4534.1,0.0
26.8,138.6,82,4091.9,0.78
26.7,157.3,68,4286.7,0.0
27.2,152.8,72,3718.6,2.53
24.4,171.3,72,3640.4,2.9
29.5,121.3,78,3751.0,2.38
28.0,135.3,84,4633.5,0.0
27.7,173.1,78,3784.9,2.22
29.6,146.8,65,4887.1,0.0
30.0,105.7,84,4052.8,0.96
25.0,115.6,67,3753.5,2.37
28.5,119.0,79,4737.9,0.0
27.5,179.5,83,4185.0,0.34
26.8,117.9,65,4082.7,0.82
29.9,169.6,67,3994.2,1.24
29.1,106.2,84,3995.8,1.23
28.2,114.5,65,4495.2,0.0
26.3,169.8,83,4311.0,0.0
28.0,171.9,81,4201.5,0.26
27.2,114.1,77,4170.6,0.41
25.5,118.4,84,3713.0,2.56
26.7,142.4,80,4741.8,0.0
25.3,104.2,76,4890.3,0.0
27.0,175.6,71,4703.3,0.0
28.3,129.0,81,4176.9,0.38
24.2,139.1,75,4958.3,0.0
28.6,108.4,72,4428.0,0.0
24.1,102.6,74,4661.1,0.0
27.1,137.4,80,4611.8,0.0
27.4,109.7,74,4561.7,0.0
28.6,150.4,72,4463.0,0.0
28.6,163.6,69,3817.4,2.07
26.5,102.5,81,3941.7,1.48
24.4,149.0,77,4830.1,0.0
28.2,165.3,74,3769.9,2.29
27.1,135.2,74,3727.9,2.49
26.0,176.8,76,3926.2,1.55
25.4,108.9,76,4043.7,1.0
24.7,125.8,71,4329.7,0.0
25.8,118.4,75,4408.3,0.0
26.8,179.7,84,4686.0,0.0
26.9,123.5,76,3610.1,3.04
27.5,131.0,68,3812.4,2.09
26.2,167.8,82,4257.7,0.0
29.5,174.4,74,3876.2,1.79
27.0,175.0,84,4810.2,0.0
26.5,144.7,66,4460.3,0.0
24.3,153.1,65,4235.4,0.1
27.6,127.9,78,3500.7,3.55
27.6,148.6,81,4788.0,0.0
27.5,124.2,68,4191.3,0.31
29.3,159.7,73,4297.1,0.0
28.6,124.6,71,4547.4,0.0
29.2,170.4,81,4906.2,0.0
24.4,111.5,67,3737.3,2.44
25.9,145.7,65,3606.8,3.06
25.9,141.7,74,3682.9,2.7
27.9,121.1,69,4611.1,0.0
26.7,102.2,68,3693.9,2.65
28.7,111.9,83,4251.5,0.03
26.3,177.4,70,4559.7,0.0
25.3,175.3,70,4569.1,0.0
25.7,109.5,73,4109.5,0.69
25.1,130.0,84,4547.9,0.0
25.2,137.2,73,4925.0,0.0
25.3,138.2,79,3542.0,3.36
24.1,123.9,84,4507.1,0.0
28.3,173.0,72,4283.9,0.0
26.4,172.7,66,3818.9,2.06
24.1,101.5,74,3961.6,1.39
26.2,152.0,78,4755.7,0.0
29.4,105.9,66,4380.3,0.0
27.1,147.8,77,3521.8,3.45
29.9,169.4,83,4948.0,0.0
27.2,152.0,71,4499.3,0.0
29.8,137.5,76,4164.0,0.44
25.2,176.6,70,4568.5,0.0
25.7,159.7,67,3806.9,2.12
28.2,119.9,69,3890.7,1.72
29.9,131.0,68,3728.2,2.48
29.0,160.8,78,4095.6,0.76
27.3,101.5,70,4857.1,0.0
24.5,105.1,81,4082.9,0.82
26.2,168.8,81,3932.1,1.53
24.5,103.4,77,4555.3,0.0
25.9,154.3,76,4804.4,0.0
25.6,125.5,66,3866.3,1.84
26.3,166.1,78,4711.9,0.0
29.0,167.8,69,3957.2,1.41
24.9,176.3,72,3871.0,1.81
25.8,107.6,79,4209.4,0.22
25.6,133.8,73,3600.1,3.09
25.8,145.9,80,4793.4,0.0
26.2,173.3,77,4811.5,0.0
25.5,121.3,79,4516.1,0.0
29.7,105.7,68,3954.3,1.42
26.5,116.1,80,3750.1,2.38
24.7,139.6,76,4548.2,0.0
26.8,154.5,84,3654.6,2.83
25.1,155.3,76,4116.7,0.66
25.3,106.0,79,3633.2,2.93
25.7,160.9,69,4139.7,0.55
24.7,152.8,65,3701.7,2.61
28.3,132.6,84,3548.3,3.33
28.8,145.7,67,4174.6,0.39
26.4,161.4,72,4351.5,0.0
28.1,121.0,71,4159.0,0.46
26.3,175.2,77,3764.2,2.32
25.0,111.0,74,3616.1,3.01
26.4,172.2,81,3689.6,2.67
27.3,159.3,75,4590.7,0.0
24.2,152.8,72,3523.8,3.45
27.9,106.6,79,4795.0,0.0
28.5,173.5,76,4760.1,0.0
29.2,123.6,82,4820.7,0.0
24.6,159.6,74,4818.1,0.0
24.0,170.8,76,4501.3,0.0
24.4,119.5,68,4771.1,0.0
29.5,173.2,79,4595.5,0.0
28.6,149.0,82,3950.2,1.44
29.0,152.7,77,4632.7,0.0
27.1,173.2,81,4423.4,0.0
27.2,142.1,65,3541.2,3.36
25.8,135.3,69,4679.5,0.0
29.1,150.7,81,4806.3,0.0
29.0,144.3,84,4276.2,0.0
26.4,104.9,82,4230.5,0.13
26.0,114.4,73,4140.9,0.55
28.4,101.1,74,4578.3,0.0
24.2,108.7,81,3823.2,2.04
29.2,158.4,65,4660.9,0.0
26.7,100.4,68,3938.5,1.5
26.6,124.4,82,3892.2,1.71
28.0,135.9,79,4713.8,0.0
27.9,175.0,79,3761.6,2.33
25.6,126.2,65,4793.8,0.0
29.7,162.7,65,4966.8,0.0
29.9,132.7,75,3979.8,1.3
27.2,107.9,75,4891.8,0.0
27.4,107.9,70,4349.6,0.0
27.3,134.6,65,3889.0,1.73
26.9,104.6,78,4179.0,0.37
29.7,145.7,70,4700.1,0.0
25.5,139.5,81,4500.0,0.0
24.6,156.2,73,4242.2,0.07
29.6,114.8,81,3886.0,1.74
25.3,147.4,78,4588.7,0.0
28.5,114.0,83,3970.0,1.35
25.2,157.8,72,3996.4,1.22
29.8,124.6,76,4620.3,0.0
28.7,149.2,66,4337.6,0.0
29.5,170.6,67,3778.8,2.25
29.7,139.1,77,4530.7,0.0
24.5,115.4,69,3887.1,1.74
26.6,170.9,82,4640.7,0.0
27.9,128.7,65,4218.1,0.18
28.8,158.4,69,4392.5,0.0
25.4,125.6,76,4401.5,0.0
29.5,123.9,83,3720.2,2.52
25.3,151.4,70,4475.7,0.0
29.2,112.5,66,4800.7,0.0
27.1,169.4,66,4836.8,0.0
27.1,131.0,84,4532.8,0.0
26.2,101.5,77,4953.5,0.0
24.6,124.4,78,4397.4,0.0
26.1,162.8,70,3882.3,1.76
26.6,168.7,76,4490.3,0.0
26.9,145.4,77,4863.8,0.0
28.4,123.5,72,4038.3,1.03
26.1,142.2,78,3897.3,1.69
26.4,166.9,82,4949.8,0.0
29.4,125.3,68,4649.8,0.0
28.5,130.8,70,3574.7,3.21
24.1,143.2,70,4341.8,0.0
28.9,171.0,79,3851.6,1.91
29.9,146.6,77,3930.2,1.54
29.6,116.6,71,3631.4,2.94
29.0,107.1,77,3846.5,1.93
27.8,107.6,70,4257.8,0.0
25.7,176.0,70,3617.8,3.0
27.9,165.8,78,4834.5,0.0
28.2,161.3,67,4663.1,0.0
25.7,139.7,75,4072.1,0.87
25.5,153.8,77,3695.3,2.64
26.4,110.2,67,4991.0,0.0
27.8,149.7,76,4345.0,0.0
25.8,164.9,84,4134.5,0.58
27.3,105.0,69,3798.0,2.16
29.4,123.7,77,3804.8,2.13
25.8,108.8,75,4694.3,0.0
29.8,120.8,81,4279.8,0.0
26.8,161.8,74,4976.0,0.0
24.6,126.6,76,4929.6,0.0
24.3,155.2,70,3810.2,2.1
26.0,161.9,69,4999.1,0.0
25.6,165.3,65,4979.9,0.0
29.1,169.9,84,4698.9,0.0
28.4,147.8,84,4086.4,0.8
29.3,122.5,79,3836.2,1.98
27.5,112.0,80,3654.7,2.83
26.6,140.3,74,3578.0,3.19
25.6,108.3,72,4731.2,0.0
27.5,172.9,66,4918.3,0.0
27.7,135.4,71,4658.8,0.0
26.4,169.8,65,4638.6,0.0
29.6,156.7,84,4122.8,0.63
27.8,168.6,70,4461.8,0.0
29.0,170.7,77,4506.8,0.0
27.7,104.3,76,3885.9,1.74
25.9,158.0,83,4608.0,0.0
28.4,118.1,81,3719.2,2.53
25.4,179.1,69,3940.2,1.49
27.6,162.3,79,4384.6,0.0
26.4,100.3,78,4309.4,0.0
24.9,174.2,67,4556.9,0.0
26.5,123.4,69,4374.4,0.0
25.9,133.3,78,3574.3,3.21
24.7,149.0,72,4966.6,0.0
28.9,173.3,75,4645.2,0.0
27.0,174.2,79,4820.6,0.0
26.1,145.1,77,4705.9,0.0
27.0,125.3,69,3818.6,2.06
28.5,122.3,77,4899.1,0.0
24.1,129.2,67,4976.1,0.0
27.3,114.4,77,3618.0,3.0
26.9,153.6,75,3737.7,2.44
29.4,142.2,73,4985.4,0.0
27.3,161.9,68,3940.2,1.49
24.8,107.5,81,4729.7,0.0
26.3,132.0,79,3611.2,3.03
27.7,119.2,82,4598.7,0.0
24.3,142.8,80,4552.1,0.0
29.3,137.5,66,4906.5,0.0
24.4,136.0,70,4593.1,0.0
24.2,125.3,76,3562.1,3.27
24.0,158.1,69,4175.7,0.38
28.1,138.5,81,4021.8,1.11
26.7,116.2,83,4356.1,0.0
24.6,143.8,76,4142.5,0.54
29.1,147.7,69,3921.3,1.58
25.2,101.7,71,4491.6,0.0
26.0,116.3,66,3966.7,1.36
25.1,119.4,76,4776.0,0.0
29.6,119.8,69,3984.5,1.28
28.5,119.1,72,4273.0,0.0
28.3,121.7,69,4739.0,0.0
24.3,121.0,80,4734.3,0.0
27.1,170.7,73,4379.1,0.0
27.5,125.6,65,4069.9,0.88
26.3,128.0,69,4336.9,0.0
25.9,121.3,65,4774.5,0.0
29.1,177.4,81,3828.2,2.02
24.1,142.8,65,3683.7,2.69
27.8,148.8,79,4373.0,0.0
26.4,158.8,69,4361.1,0.0
28.0,126.7,73,3939.7,1.49
25.2,177.5,82,4151.7,0.5
25.4,112.2,70,3632.8,2.93
27.5,136.6,76,3696.1,2.64
29.9,111.6,78,4742.5,0.0
29.8,163.2,71,4196.7,0.28
25.5,108.6,71,3649.7,2.85
24.6,144.3,83,4942.8,0.0
27.5,108.4,70,3814.9,2.08
26.5,136.2,67,3975.4,1.32
28.6,122.4,80,4958.8,0.0
27.2,172.3,80,3771.3,2.28
27.1,104.2,82,4953.1,0.0
27.9,152.0,69,4583.4,0.0
24.8,155.6,84,4140.4,0.55
28.1,171.1,68,4392.4,0.0
26.9,170.2,80,4261.8,0.0
28.9,178.2,68,4707.1,0.0
24.8,120.3,77,3594.3,3.11
25.8,122.0,78,4720.1,0.0
29.7,131.8,81,4955.9,0.0
27.3,143.0,67,4144.4,0.53
29.6,129.4,67,3787.1,2.21
28.1,159.2,81,3663.2,2.79
29.6,100.7,77,4020.1,1.11
25.9,101.4,84,3696.0,2.64
24.5,157.3,74,3844.6,1.94
28.8,170.6,76,4481.7,0.0
28.8,162.1,73,4123.7,0.63
27.7,109.4,65,4851.5,0.0
27.5,174.8,68,4195.9,0.29
29.5,141.8,83,3731.2,2.47
25.1,159.4,70,3708.0,2.58
27.7,116.1,79,4539.7,0.0
24.3,143.9,82,4450.9,0.0
24.8,126.4,69,4561.8,0.0
26.6,178.0,72,4008.1,1.17
28.9,137.9,75,4872.5,0.0
28.4,160.4,69,3670.6,2.76
29.8,148.3,72,3549.3,3.33
24.3,107.5,75,4613.2,0.0
26.3,143.4,84,4515.6,0.0
25.0,143.2,74,4240.3,0.08
24.2,157.3,73,3565.5,3.25
25.6,125.8,66,3671.3,2.75
25.5,168.9,81,3792.9,2.18
26.5,149.8,68,4458.1,0.0
24.8,103.1,76,4494.6,0.0
26.9,156.5,83,4515.4,0.0
29.5,172.6,83,4704.6,0.0
28.5,154.7,83,3537.2,3.38
29.1,130.4,71,4464.9,0.0
28.8,147.3,77,3877.3,1.78
26.3,113.7,66,4356.6,0.0
28.3,148.1,72,4606.8,0.0
28.5,140.1,70,4580.1,0.0
25.2,102.1,75,3931.9,1.53
29.2,125.8,73,4033.0,1.05
26.7,115.3,72,4876.0,0.0
24.1,131.3,84,4773.3,0.0
27.9,119.3,84,3885.5,1.75
28.1,166.7,79,4380.6,0.0
27.3,155.8,75,3660.9,2.8
25.3,159.2,79,4480.8,0.0
26.9,128.9,69,4432.0,0.0
26.4,100.3,80,3895.9,1.7
29.8,117.5,66,4132.8,0.58
28.9,160.4,79,4673.5,0.0
28.6,148.2,69,3883.2,1.76
25.1,143.1,79,4652.5,0.0
26.0,122.4,75,3974.6,1.33
26.3,106.1,70,4759.3,0.0
27.0,162.8,70,3545.8,3.34
24.2,103.1,69,3887.2,1.74
27.6,104.7,65,3766.4,2.31
26.1,123.6,84,4835.9,0.0
27.4,145.8,71,4142.8,0.54
24.1,179.4,80,4318.4,0.0
25.9,107.3,81,3863.1,1.85
28.6,137.9,79,3692.5,2.65
27.0,148.1,84,4397.4,0.0
28.7,165.8,74,3924.9,1.56
28.2,155.2,72,4893.3,0.0
29.1,164.6,73,4214.5,0.2
24.0,141.8,83,3707.2,2.58
25.6,134.7,74,3535.7,3.39
27.3,149.5,84,3848.4,1.92
29.6,172.1,67,3979.9,1.3
28.1,144.1,75,3810.5,2.1
26.7,148.4,75,4048.4,0.98
24.8,127.0,72,4818.4,0.0
27.0,147.7,74,3571.9,3.22
26.6,150.2,73,4701.8,0.0
28.7,160.3,74,4138.7,0.56
26.5,145.8,74,4859.6,0.0
25.9,115.8,82,4500.6,0.0
24.5,146.6,69,3747.4,2.39
24.3,123.8,69,4939.2,0.0
26.6,107.0,71,3732.1,2.47
26.1,166.0,84,4004.4,1.19
27.3,105.3,84,4968.2,0.0
28.3,150.5,72,3817.8,2.06
24.2,179.1,81,4446.8,0.0
27.0,107.0,70,4966.3,0.0
29.2,117.6,77,4533.4,0.0
26.7,160.9,77,4494.1,0.0
27.1,107.8,77,4432.3,0.0
26.9,166.6,80,4333.2,0.0
26.3,100.0,66,4923.7,0.0
24.7,171.2,69,4315.6,0.0
24.8,105.3,74,4494.9,0.0
25.1,173.8,74,4608.3,0.0
28.8,169.2,75,4291.6,0.0
25.7,143.2,84,4831.6,0.0
29.7,162.2,73,3534.2,3.4
28.9,106.0,77,4092.9,0.77
28.1,110.8,77,4424.9,0.0
28.3,129.5,66,3528.5,3.42
24.3,143.0,69,4905.3,0.0
27.4,169.5,69,4739.6,0.0
29.6,143.4,76,3828.6,2.01
24.2,153.2,84,3997.7,1.22
25.7,154.4,72,4515.7,0.0
24.3,170.2,70,4011.5,1.15
27.4,162.1,82,4785.1,0.0
24.7,178.2,72,3872.7,1.81
26.9,101.6,84,4727.4,0.0
28.3,116.6,66,4196.9,0.28
25.0,174.4,74,4180.1,0.36
28.5,163.4,84,3752.7,2.37
24.4,121.4,70,4975.1,0.0
24.9,177.9,69,4017.2,1.13
25.7,169.6,80,3806.9,2.12
28.8,105.2,67,3548.7,3.33
29.1,164.9,68,4240.3,0.08
25.3,162.8,65,3548.4,3.33
24.6,117.7,78,4183.0,0.35
29.1,153.5,78,4854.0,0.0
27.9,177.6,83,4247.0,0.05
24.9,154.1,70,3565.0,3.25
27.3,165.1,76,3896.6,1.69
29.2,108.0,82,3573.1,3.21
24.4,158.2,73,4823.1,0.0
24.5,116.4,84,3860.2,1.86
25.6,105.7,77,3597.6,3.1
27.9,144.2,83,4946.8,0.0
25.1,160.0,77,4230.7,0.12
28.9,143.7,83,4108.5,0.7
28.5,174.5,83,4890.6,0.0
27.4,155.7,74,4296.3,0.0
24.7,109.4,70,3922.2,1.57
29.9,174.8,67,4688.0,0.0
26.9,112.2,80,3907.7,1.64
26.7,160.7,73,4164.2,0.44
30.0,111.9,81,4704.8,0.0
29.2,179.9,73,4897.2,0.0
26.7,126.6,69,4408.8,0.0
26.5,139.7,83,4257.2,0.0
24.6,137.3,79,3614.3,3.02
29.6,108.2,74,4425.5,0.0
29.1,139.5,68,3989.9,1.26
25.9,112.0,76,4271.7,0.0
28.5,164.2,78,4616.9,0.0
28.6,176.7,79,4460.3,0.0
25.4,164.6,83,3645.4,2.87
27.7,134.5,69,4095.9,0.76
25.5,100.2,76,3799.2,2.15
28.7,102.9,67,3726.7,2.49
24.9,139.6,79,3830.5,2.0
28.0,154.4,79,4881.0,0.0
26.0,165.6,76,4568.8,0.0
24.2,148.0,79,4862.2,0.0
24.7,178.3,70,4259.7,0.0
27.9,139.5,81,3501.7,3.55
25.4,148.0,79,3551.6,3.31
27.8,118.4,79,3717.0,2.54
26.5,127.2,75,4671.1,0.0
28.2,154.7,76,3802.5,2.14
27.0,148.1,83,3652.4,2.84
25.9,129.6,65,4791.5,0.0
24.9,109.0,80,3842.8,1.95
26.0,127.4,75,4253.6,0.02
27.8,103.5,65,4009.2,1.16
28.4,146.5,68,4844.8,0.0
25.0,125.8,70,4557.1,0.0
28.0,130.4,68,4180.9,0.36
25.1,146.0,66,4794.6,0.0
25.3,146.5,81,4590.1,0.0
27.2,147.1,65,4713.3,0.0
25.7,139.3,77,4966.3,0.0
28.0,139.0,76,3804.7,2.13
29.7,165.7,66,3803.7,2.13
24.9,137.4,83,4334.8,0.0
27.4,142.9,76,4298.9,0.0
29.5,179.1,68,4803.7,0.0
25.1,114.5,82,3733.9,2.46
26.2,158.1,66,4137.6,0.56
24.7,137.9,65,4291.9,0.0
27.9,166.4,77,4196.2,0.29
28.0,132.3,69,3600.7,3.08
28.0,124.2,83,3721.8,2.52
27.3,116.6,65,3730.3,2.48
28.5,169.8,66,4394.0,0.0
24.2,157.5,78,4143.3,0.53
29.7,106.2,73,3767.3,2.3
25.3,157.1,72,4605.0,0.0
24.7,102.8,75,4704.4,0.0
29.6,114.5,68,3815.2,2.08
29.0,147.4,67,4584.1,0.0
28.6,137.1,69,3595.4,3.11
24.6,167.2,78,4783.9,0.0
28.8,148.6,74,4944.1,0.0
27.7,177.2,70,3733.8,2.46
28.4,168.4,74,4679.2,0.0
29.9,127.2,75,3645.9,2.87
25.2,166.7,84,4941.9,0.0
27.0,169.6,72,4178.1,0.37
28.5,177.6,68,4302.9,0.0
26.6,101.0,82,4645.8,0.0
24.3,170.0,84,3873.2,1.8
24.7,105.6,78,4098.3,0.75
27.6,142.2,67,3605.0,3.06
25.7,133.2,76,4421.9,0.0
24.8,173.6,79,4699.0,0.0
26.0,132.4,72,4777.8,0.0
25.2,147.7,78,4304.5,0.0
24.1,155.4,70,4648.7,0.0
24.9,101.5,78,3724.9,2.5
29.3,147.3,68,4615.1,0.0
24.1,141.4,84,3506.8,3.53
28.6,147.5,70,3792.3,2.18
28.5,106.1,80,4452.0,0.0
27.4,104.4,81,3980.8,1.3
25.3,114.2,66,4115.9,0.66
29.3,169.6,82,4739.1,0.0
26.9,128.5,77,4356.6,0.0
25.0,134.7,84,4098.4,0.75
26.6,131.2,80,4198.6,0.28
25.2,157.1,77,4772.6,0.0
26.3,120.8,78,4228.4,0.14
27.0,105.5,82,4813.0,0.0
26.2,130.3,72,3870.6,1.82
27.9,158.2,69,4300.6,0.0
29.6,173.2,73,4053.5,0.96
26.1,104.1,79,4386.9,0.0
26.1,164.8,73,4363.3,0.0
28.4,105.3,84,4357.0,0.0
27.2,126.5,74,4291.7,0.0
26.6,101.8,82,4181.6,0.35
28.9,172.9,78,4865.6,0.0
29.3,156.5,82,3901.9,1.67
27.5,129.5,80,4150.9,0.5
25.1,130.2,69,3816.8,2.07
26.8,151.2,74,3998.4,1.22
27.0,107.2,84,3873.5,1.8
26.6,111.6,70,4504.6,0.0
25.6,167.8,73,4561.4,0.0
26.8,116.2,80,3915.1,1.61
26.7,158.1,75,4975.4,0.0
25.3,118.1,84,3926.3,1.55
29.4,107.1,82,4742.6,0.0
29.3,172.0,69,3938.9,1.5
28.6,172.1,73,4119.8,0.65
26.4,148.4,75,4497.1,0.0
26.2,137.0,73,4336.5,0.0
28.3,144.2,68,4259.3,0.0
27.6,132.7,72,4691.3,0.0
27.6,160.6,69,4561.6,0.0
24.7,160.4,67,4871.3,0.0
27.7,165.5,68,3846.3,1.93
29.4,141.8,80,3524.5,3.44
24.5,164.1,77,4999.8,0.0
26.0,112.5,67,3925.1,1.56
27.1,102.4,68,3564.4,3.25
28.1,151.8,65,3871.0,1.81
24.5,108.4,72,4503.2,0.0
29.2,144.1,73,4382.2,0.0
24.2,157.7,69,3810.1,2.1
29.1,132.6,76,3779.3,2.24
24.2,103.5,73,4166.5,0.43
24.9,171.0,68,3520.3,3.46
28.8,103.5,81,3503.6,3.54
29.2,172.4,76,4425.3,0.0
29.9,104.2,77,3987.9,1.26
24.7,158.8,75,3535.9,3.39
27.2,174.0,81,4189.7,0.32
24.5,172.6,79,4903.3,0.0
24.9,171.5,73,3882.4,1.76
25.0,170.6,68,3876.6,1.79
24.4,140.8,76,4202.0,0.26
29.4,144.6,67,3722.7,2.51
24.8,149.6,84,4456.9,0.0
27.8,171.7,81,4758.9,0.0
27.8,167.1,71,3791.8,2.19
25.2,162.6,71,4488.1,0.0
30.0,154.1,76,4832.0,0.0
26.1,149.5,74,4854.6,0.0
29.4,173.8,72,4329.3,0.0
29.7,115.4,73,3728.4,2.48
29.7,115.4,78,4488.8,0.0
28.5,178.6,70,4602.2,0.0
25.5,144.3,83,4631.5,0.0
24.7,138.7,79,4901.5,0.0
27.4,168.0,84,4422.9,0.0
26.2,168.0,84,4199.2,0.27
29.0,114.1,71,4253.8,0.02
28.5,113.9,72,3982.3,1.29
25.7,163.6,67,3585.9,3.15
24.1,162.9,75,4576.2,0.0
25.4,118.0,68,3529.8,3.42
27.4,167.3,66,3596.2,3.11
24.5,138.4,65,4001.2,1.2
27.9,137.6,71,4896.6,0.0
28.0,178.9,76,4224.7,0.15
25.0,141.5,72,3822.8,2.04
27.6,111.0,77,4845.6,0.0
27.6,122.4,70,4357.5,0.0
26.9,126.7,71,4054.7,0.95
29.7,176.7,84,4573.6,0.0
24.6,121.1,70,4161.7,0.45
26.4,134.4,76,4595.0,0.0
29.3,160.0,71,3827.6,2.02
26.3,121.9,74,3725.3,2.5
26.5,156.1,71,4191.4,0.31
28.0,116.6,79,3979.4,1.3
28.0,119.4,66,4407.7,0.0
24.1,178.9,72,4683.2,0.0
26.7,129.5,81,4852.3,0.0
26.0,158.4,80,4640.8,0.0
27.8,167.2,77,4012.6,1.15
27.3,127.7,82,4591.0,0.0
27.9,128.6,68,4294.8,0.0
27.9,161.8,76,4859.1,0.0
25.5,148.6,75,4560.3,0.0
25.5,128.9,66,3725.4,2.5
26.2,160.0,84,3617.1,3.01
25.5,169.1,80,4315.8,0.0
28.1,118.8,77,4047.6,0.98
27.6,101.9,68,3752.1,2.37
25.3,121.9,66,4696.5,0.0
29.3,154.0,82,4063.1,0.91
26.8,173.2,65,3629.0,2.95
24.8,169.0,70,3893.4,1.71
25.3,117.8,84,4515.3,0.0
27.2,170.5,84,4471.9,0.0
26.0,164.9,83,3893.7,1.71
29.1,158.8,74,4011.8,1.15
27.0,155.1,73,3574.7,3.21
29.5,164.6,81,4929.9,0.0
24.6,168.9,79,3990.7,1.25
28.0,165.5,66,4894.1,0.0
29.3,109.7,81,4720.8,0.0
25.8,157.8,71,4002.8,1.19
24.8,167.3,80,4541.2,0.0
26.7,114.9,81,4210.4,0.22
29.8,117.1,65,4965.0,0.0
27.8,162.9,80,4457.7,0.0
27.9,127.5,68,4278.6,0.0
28.0,132.0,80,4457.0,0.0
24.2,130.2,67,3830.4,2.0
26.7,117.0,65,3959.6,1.4
24.5,175.1,81,4569.0,0.0
25.9,164.5,69,3625.6,2.97
28.9,120.0,67,3953.9,1.42
27.9,108.5,83,4429.4,0.0
30.0,129.8,75,4993.5,0.0
25.0,133.2,79,4888.5,0.0
26.4,100.6,66,4748.3,0.0
28.9,171.0,71,4251.2,0.03
25.3,168.1,82,4707.1,0.0
24.9,168.0,65,4338.4,0.0
26.6,164.5,72,4187.7,0.33
26.3,158.7,80,3835.3,1.98
29.9,150.8,79,4926.4,0.0
26.7,176.8,68,4397.3,0.0
29.2,156.9,77,4513.0,0.0
29.3,150.4,76,3711.6,2.56
24.9,163.1,73,4146.3,0.52
28.3,119.7,77,4947.0,0.0
25.7,177.4,75,4636.5,0.0
24.6,101.5,76,4824.2,0.0
29.2,151.9,68,4093.8,0.77
25.8,106.2,67,3599.7,3.09
26.1,168.3,69,4027.2,1.08
25.9,177.4,70,4064.0,0.91
25.2,132.7,68,3951.7,1.43
26.6,168.6,65,4290.1,0.0
26.6,126.9,69,3788.2,2.2
26.5,112.8,66,4906.5,0.0
29.5,122.1,78,4861.3,0.0
26.0,124.1,75,3892.4,1.71
24.2,150.5,73,4477.2,0.0
25.1,163.7,72,4251.7,0.03
28.3,116.4,71,3875.1,1.79
27.5,107.1,79,4845.6,0.0
29.7,117.7,73,3846.6,1.93
28.2,123.7,74,4436.9,0.0
25.2,122.4,82,4003.0,1.19
24.7,117.6,83,4739.2,0.0
27.1,137.3,66,4430.5,0.0
28.0,168.5,78,4748.9,0.0
25.0,108.0,74,4021.6,1.11
27.6,169.0,69,3516.7,3.48
29.2,139.8,69,3832.5,1.99
28.4,152.8,66,4721.6,0.0
28.0,165.2,77,3975.3,1.32
28.7,124.3,71,3979.5,1.3
24.6,176.3,79,4174.5,0.39
25.2,106.7,79,3912.0,1.62
24.2,142.2,70,4710.6,0.0
24.9,120.4,71,3982.6,1.29
29.5,132.6,68,4405.9,0.0
25.3,135.9,68,4176.5,0.38
28.0,173.2,65,3931.0,1.53
28.1,135.3,75,3898.0,1.69
27.9,155.8,69,4252.8,0.02
27.3,176.1,66,3816.3,2.07
26.9,139.6,69,4018.5,1.12
26.5,132.7,69,3559.1,3.28
29.5,177.8,84,4685.5,0.0
24.1,166.2,77,3565.5,3.25
24.3,175.2,76,4808.4,0.0
27.0,131.8,74,3571.1,3.22
26.0,155.7,77,4772.3,0.0
26.4,120.0,73,4466.2,0.0
30.0,169.3,69,4258.9,0.0
28.7,174.6,70,3717.4,2.54
29.3,121.4,81,3885.2,1.75
26.2,108.4,69,4535.2,0.0
25.4,116.1,75,4268.2,0.0
28.6,150.6,70,4271.5,0.0
28.8,121.8,73,3699.9,2.62
27.3,151.1,76,4212.6,0.21
29.4,128.0,68,4385.4,0.0
29.8,173.3,82,3683.5,2.69
26.8,136.2,79,4961.5,0.0
25.3,139.8,68,4745.1,0.0
27.1,127.8,78,3976.2,1.32
29.9,105.8,82,4345.1,0.0
25.8,139.5,81,4338.4,0.0
27.7,161.9,66,3659.9,2.81
28.2,176.2,83,4157.3,0.47
25.3,106.1,78,3811.6,2.09
27.5,163.8,68,3999.8,1.21
25.9,121.4,66,4915.8,0.0
29.1,165.8,77,4327.0,0.0
28.3,127.4,71,3600.4,3.09
29.0,109.2,72,4508.4,0.0
25.2,149.0,74,4998.0,0.0
24.2,171.5,67,3751.5,2.38
29.1,114.5,68,4524.4,0.0
26.3,101.7,70,4736.4,0.0
25.1,170.7,84,4766.1,0.0
24.6,155.8,71,4561.3,0.0
27.1,164.7,71,4864.8,0.0
24.9,104.8,81,3548.1,3.33
27.4,171.2,70,3596.3,3.1
28.4,133.5,83,3701.8,2.61
27.2,171.8,82,3565.0,3.25
29.4,105.2,76,3679.9,2.71
24.9,170.8,83,4725.4,0.0
27.0,153.9,75,4844.7,0.0
25.0,144.3,81,4004.0,1.19
29.3,104.9,67,4935.8,0.0
29.6,155.1,79,4127.7,0.61
26.4,147.8,69,3758.0,2.34
25.8,158.1,68,4522.0,0.0
25.7,157.3,65,4130.5,0.59
29.2,135.5,67,3529.2,3.42
28.1,116.4,74,4949.5,0.0
29.3,173.5,77,4396.8,0.0
24.7,174.0,71,4420.0,0.0
26.9,117.0,78,4974.0,0.0
28.1,150.5,77,4750.3,0.0
29.4,116.2,69,4044.0,1.0
26.3,168.9,75,3562.7,3.26
25.9,107.9,78,3833.6,1.99
29.5,179.2,65,4027.3,1.08
24.3,148.9,69,4940.4,0.0
26.9,101.8,67,4833.0,0.0
26.8,170.6,65,3532.3,3.41
24.9,154.8,81,4980.8,0.0
26.4,155.8,84,3885.7,1.75
28.3,122.0,76,4663.1,0.0
26.2,126.9,77,3674.9,2.74
25.9,173.2,70,3830.5,2.0
28.7,150.8,67,4258.1,0.0
29.9,101.4,75,4555.4,0.0
28.7,126.2,75,4018.1,1.12
29.1,147.9,74,4809.9,0.0
29.6,111.8,75,4910.3,0.0
28.8,107.9,80,3683.8,2.69
29.9,104.8,84,4577.8,0.0
28.5,150.4,74,3697.9,2.63
28.0,125.6,76,4011.1,1.16
28.2,129.9,83,4729.3,0.0
29.4,104.8,73,4004.5,1.19
28.1,159.0,68,4861.1,0.0
28.6,161.3,79,4117.2,0.66
25.3,166.4,71,3964.7,1.37
29.5,152.1,69,4983.7,0.0
26.7,161.9,83,4162.3,0.45
25.0,146.2,79,4611.4,0.0
28.8,139.3,70,4399.2,0.0
26.1,120.8,84,3803.7,2.13
25.1,104.3,79,4250.5,0.03
25.5,123.3,81,3616.1,3.01
24.2,154.7,83,4563.1,0.0
24.5,174.1,67,4278.4,0.0
27.6,120.5,82,3683.6,2.69
29.2,153.6,74,4650.1,0.0
26.7,138.3,79,4706.8,0.0
27.8,150.2,82,4600.7,0.0
28.9,100.1,79,3993.6,1.24
26.1,109.8,83,4584.8,0.0
27.9,117.4,84,4366.6,0.0
26.1,171.5,69,4315.8,0.0
27.9,103.2,75,4473.1,0.0
25.3,145.6,73,4445.1,0.0
29.9,174.3,69,4698.7,0.0
24.5,152.2,75,4979.0,0.0
27.0,138.8,71,4589.4,0.0
25.7,130.9,66,4162.7,0.44
27.6,149.9,84,4192.5,0.3
26.6,138.4,84,3543.9,3.35
25.8,156.4,83,3739.9,2.43
25.5,149.4,82,3842.3,1.95
25.1,145.4,80,4985.5,0.0
28.7,176.5,65,4644.6,0.0
25.3,166.9,67,3712.3,2.56
28.6,148.7,73,4247.6,0.04
26.9,143.1,81,3820.3,2.05
24.4,157.9,72,3946.4,1.46
25.0,164.3,80,4406.9,0.0
29.4,123.6,76,4398.6,0.0
27.6,153.4,68,4807.7,0.0
25.1,110.8,69,3746.9,2.4
28.2,134.4,71,4246.1,0.05
28.9,175.1,82,4398.2,0.0
26.0,126.1,84,4895.7,0.0
27.3,112.3,78,4274.6,0.0
25.8,111.7,72,4011.0,1.16
24.5,131.5,77,3938.2,1.5
26.4,118.0,68,3824.1,2.03
28.5,134.2,76,4943.6,0.0
26.8,157.5,67,4404.4,0.0
26.4,171.1,69,3955.3,1.42
26.2,108.8,68,4617.7,0.0
26.8,161.5,79,3933.9,1.52
25.9,108.3,69,4255.8,0.01
27.7,130.4,73,3539.0,3.37
24.4,179.7,78,4769.9,0.0
28.8,105.5,80,4934.8,0.0
25.0,101.8,67,4798.6,0.0
27.8,126.7,79,3756.7,2.35
26.7,176.1,82,4737.9,0.0
28.6,101.6,82,4020.5,1.11
29.0,117.8,78,4904.4,0.0
25.2,148.3,71,3948.6,1.45
28.1,118.7,84,3634.1,2.93
25.1,104.3,70,4779.4,0.0
24.7,104.2,80,3675.0,2.73
29.6,144.7,83,4312.2,0.0
25.0,145.0,73,4063.9,0.91
25.4,156.5,84,4635.3,0.0
24.8,110.5,65,4623.3,0.0
26.8,140.0,82,4664.2,0.0
29.5,148.1,78,3594.9,3.11
25.6,117.8,78,4787.6,0.0
27.3,143.8,72,4199.5,0.27
26.5,156.7,81,3828.8,2.01
26.0,179.3,82,3948.3,1.45
27.4,147.7,79,4854.1,0.0
27.4,168.9,74,3509.0,3.51
26.2,166.7,84,4702.6,0.0
29.1,175.2,80,4885.9,0.0
24.3,157.8,71,3875.1,1.79
24.5,117.0,81,4733.0,0.0
29.9,123.8,69,3741.6,2.42
28.5,162.8,82,3524.3,3.44
28.8,141.7,78,4406.9,0.0
27.6,120.1,82,4469.3,0.0
26.5,152.5,82,3725.2,2.5
27.8,172.5,79,4268.7,0.0
24.6,128.6,75,4078.2,0.84
28.5,147.7,69,3614.4,3.02
27.2,146.5,80,4261.6,0.0
29.7,110.2,72,4377.7,0.0
27.8,107.2,77,3825.8,2.03
24.9,171.2,81,4609.7,0.0
26.9,174.7,73,3608.9,3.05
24.3,172.3,79,4326.5,0.0
28.5,131.7,71,3955.1,1.42
27.0,123.0,82,4154.1,0.48
26.2,175.4,78,4840.2,0.0
29.8,170.6,72,4504.9,0.0
29.6,165.6,66,3723.3,2.51
29.7,126.7,82,4829.5,0.0
25.3,151.1,68,4059.3,0.93
28.4,160.0,66,4011.9,1.15
29.7,146.1,74,4252.3,0.02
27.4,148.2,70,3807.9,2.11
25.3,160.5,75,4871.4,0.0
28.9,161.3,84,4201.8,0.26
29.3,119.2,74,4090.7,0.78
28.2,131.3,81,3756.5,2.35
25.8,162.5,72,4704.0,0.0
25.1,120.9,70,4929.3,0.0
27.7,173.2,80,4804.4,0.0
26.9,167.1,74,3742.2,2.42
28.0,171.6,83,4627.4,0.0
24.7,123.8,68,3806.2,2.12
24.8,108.4,66,3558.3,3.28
26.2,108.0,84,4226.7,0.14
25.6,144.5,66,4505.6,0.0
27.7,124.4,76,3686.4,2.68
26.2,121.1,68,4408.3,0.0
28.1,117.8,80,4765.5,0.0
28.6,145.0,66,3813.5,2.08
25.1,143.8,80,4141.7,0.54
29.5,133.8,79,4248.2,0.04
28.7,111.1,78,4746.8,0.0
27.8,174.3,75,4657.1,0.0
29.5,134.2,79,4654.0,0.0
25.6,109.9,70,4518.6,0.0
26.5,103.0,80,4426.7,0.0
24.5,112.2,65,4263.3,0.0
26.7,123.8,75,4054.4,0.95
27.0,150.4,78,4269.8,0.0
27.7,177.7,66,4780.6,0.0
24.4,121.8,80,4355.9,0.0
24.2,163.2,68,4978.4,0.0
26.5,172.9,78,3713.8,2.55
25.1,131.3,80,4161.7,0.45
28.6,120.3,79,3800.4,2.15
28.0,139.3,66,4047.6,0.98
26.0,171.7,77,4684.6,0.0
24.3,100.9,81,4737.2,0.0
25.1,138.9,84,3547.6,3.33
28.2,160.6,74,4930.1,0.0
29.9,148.1,79,4807.8,0.0
26.0,139.8,81,4857.5,0.0
28.8,144.3,72,4065.2,0.9
29.2,149.5,66,4245.4,0.06
24.3,154.6,65,3752.8,2.37
29.5,128.5,69,4095.2,0.76
26.8,141.4,67,3689.2,2.67
29.8,121.9,75,4794.9,0.0
27.2,178.7,80,4371.7,0.0
25.4,115.0,73,3704.0,2.6
29.8,112.1,68,4818.6,0.0
25.5,121.5,73,3620.6,2.99
29.3,173.6,78,4890.4,0.0
25.0,152.7,74,3658.6,2.81
28.0,136.5,80,4577.0,0.0
26.5,174.0,73,4468.0,0.0
29.8,172.0,67,4674.1,0.0
25.1,132.1,65,4347.2,0.0
26.5,145.1,84,4024.9,1.09
27.8,172.4,75,3911.6,1.62
29.9,125.6,84,4918.2,0.0
25.8,132.6,84,4161.9,0.45
26.4,163.4,65,4763.3,0.0
26.8,155.9,69,4584.6,0.0
25.5,103.9,73,4484.2,0.0
28.9,109.4,67,4955.9,0.0
24.6,167.7,76,4348.2,0.0
28.2,102.4,82,4599.5,0.0
27.2,173.6,66,4774.5,0.0
25.5,121.7,74,3569.0,3.23
27.0,147.9,71,4994.5,0.0
29.0,145.2,82,3893.3,1.71
26.7,131.7,80,4553.8,0.0
24.7,102.5,77,4930.4,0.0
24.2,115.4,65,4644.7,0.0
28.7,149.2,71,3844.4,1.94
26.0,135.7,75,4043.5,1.0
29.6,133.1,70,4121.3,0.64
27.7,107.8,69,4379.5,0.0
26.6,127.8,74,4404.4,0.0
27.4,142.1,67,4681.9,0.0
26.7,106.2,79,4789.5,0.0
29.4,105.3,76,3634.3,2.93
26.7,139.3,69,3909.7,1.63
24.6,144.9,78,4015.5,1.14
27.6,120.6,76,3520.0,3.46
27.7,126.1,75,4126.4,0.61
28.6,163.7,77,4038.2,1.03
29.6,169.5,74,4288.1,0.0
26.7,126.0,74,3650.3,2.85
26.1,128.5,78,4121.0,0.64
26.9,166.4,84,4396.1,0.0
29.4,177.9,80,4705.7,0.0
29.9,125.6,76,4649.7,0.0
29.8,163.1,82,4107.3,0.7
25.4,138.4,68,4084.3,0.81
27.0,121.1,74,3556.2,3.29
25.6,154.5,65,3624.0,2.97
26.2,137.0,82,4808.6,0.0
24.2,121.5,79,4708.8,0.0
25.0,108.6,81,3531.6,3.41
26.4,169.4,65,4824.0,0.0
26.2,170.3,78,4420.8,0.0
25.7,106.0,76,4702.9,0.0
25.4,153.1,75,4253.8,0.02
28.5,113.0,84,3725.9,2.5
25.8,151.7,83,4035.3,1.04
28.2,172.6,68,4175.0,0.39
26.2,120.8,81,4630.9,0.0
28.8,127.8,82,4719.0,0.0
25.0,163.6,68,4612.2,0.0
24.9,158.8,65,4215.0,0.2
28.1,132.7,70,4495.6,0.0
29.5,167.9,71,3943.3,1.47
24.9,173.6,65,4981.7,0.0
24.4,136.2,70,3752.3,2.37
29.6,103.2,67,4585.4,0.0
24.7,140.8,80,3732.4,2.47
25.5,159.2,66,3921.3,1.58
29.6,117.6,66,4623.2,0.0
28.8,108.0,75,4593.7,0.0
26.1,122.8,84,3686.8,2.68
29.7,100.9,75,4517.8,0.0
27.4,157.2,72,3805.8,2.12
24.4,111.7,83,4959.4,0.0
28.2,157.9,79,4404.6,0.0
27.2,118.8,84,3505.2,3.53
27.4,179.4,78,3812.7,2.09
30.0,142.5,82,3844.4,1.94
24.9,103.3,84,3870.6,1.82
27.9,161.8,69,4335.6,0.0
26.8,132.8,66,3808.4,2.11
25.6,148.6,66,4119.2,0.65
28.2,176.1,66,3760.0,2.34
28.0,141.4,66,4500.4,0.0
29.1,164.4,73,4353.1,0.0
29.3,124.2,76,4443.0,0.0
27.4,157.2,84,4951.1,0.0
26.0,107.9,82,4099.0,0.74
27.2,171.5,67,3823.2,2.04
26.2,116.0,83,4998.2,0.0
25.7,124.2,80,3587.1,3.15
27.3,176.7,75,4715.5,0.0
27.9,112.4,79,3743.3,2.41
27.5,120.4,75,4497.2,0.0
29.7,146.4,74,4210.7,0.22
25.8,178.5,83,4758.5,0.0
26.2,155.3,69,4596.6,0.0
28.0,109.1,78,3758.5,2.34
27.6,159.8,73,4497.9,0.0
24.0,134.1,70,3825.6,2.03
25.9,179.4,65,3753.9,2.36
25.5,150.3,76,3626.2,2.96
29.0,142.6,78,3670.5,2.76
29.2,144.6,68,4555.8,0.0
25.7,151.3,79,4988.2,0.0
24.6,158.5,81,4513.7,0.0
25.2,106.3,84,4562.7,0.0
25.1,110.5,76,4674.1,0.0
25.4,124.0,65,4833.5,0.0
25.4,138.2,77,3901.6,1.67
26.9,124.9,74,4406.8,0.0
25.9,117.1,68,3825.0,2.03
27.4,174.0,70,4288.5,0.0
26.1,102.6,73,3813.0,2.09
28.9,175.1,82,3596.0,3.11
29.7,172.6,66,3632.4,2.94
26.4,154.7,70,4964.5,0.0
24.3,102.6,75,3509.0,3.51
25.4,118.0,77,4535.2,0.0
24.6,178.3,70,4831.0,0.0
26.1,172.5,76,4090.6,0.78
27.9,177.2,83,4562.2,0.0
27.1,179.7,82,4023.3,1.1
25.5,105.1,83,4293.4,0.0
28.6,145.7,76,4903.5,0.0
24.8,166.7,84,3563.5,3.26
25.4,125.6,77,3900.8,1.67
28.1,134.8,84,3659.0,2.81
25.2,122.7,68,4243.9,0.06
28.1,103.0,70,4655.7,0.0
29.9,105.8,77,4964.9,0.0
29.0,101.7,74,3733.2,2.46
25.0,142.2,67,3565.9,3.25
27.1,149.5,73,3707.5,2.58
26.5,124.6,79,4953.1,0.0
30.0,166.1,69,3980.2,1.3
29.8,171.0,73,3900.8,1.67
24.8,111.2,79,4602.6,0.0
29.5,104.2,77,3681.0,2.71
25.2,125.6,67,4023.6,1.1
25.9,157.0,83,3717.2,2.54
26.1,140.6,66,4961.5,0.0
25.7,139.0,82,3927.7,1.55
29.1,112.2,78,3903.8,1.66
26.0,128.1,77,4451.6,0.0
28.9,176.7,72,3524.9,3.44
30.0,127.2,74,4480.3,0.0
29.0,147.3,66,4180.8,0.36
26.1,104.7,74,3776.2,2.26
28.3,105.1,66,4229.5,0.13
27.2,133.9,68,4998.5,0.0
28.7,148.3,73,4758.2,0.0
24.9,129.8,74,4961.2,0.0
27.8,114.3,68,4889.1,0.0
28.6,158.9,67,4730.6,0.0
28.6,111.2,71,4002.1,1.2
29.8,153.4,80,4594.9,0.0
24.4,176.5,69,4087.3,0.8
26.1,137.6,77,4144.3,0.53
26.9,116.0,74,4810.1,0.0
25.9,167.4,66,3807.8,2.11
25.9,140.4,80,3944.9,1.47
25.1,173.9,84,4895.8,0.0
28.9,157.6,65,4549.4,0.0
29.4,134.4,70,3597.3,3.1
24.5,149.4,83,3682.4,2.7
24.9,113.6,65,4369.3,0.0
25.4,131.0,69,4698.1,0.0
27.1,147.5,76,4689.2,0.0
28.7,147.2,81,4137.4,0.56
24.4,147.0,83,3887.8,1.74
27.8,159.5,72,4681.6,0.0
24.9,108.5,74,4916.1,0.0
29.8,105.9,67,4166.2,0.43
29.4,111.8,73,3705.9,2.59
29.7,163.4,71,4414.6,0.0
24.6,105.2,70,3607.5,3.05
26.9,118.0,79,4417.3,0.0
25.0,120.4,77,3759.4,2.34
27.6,151.8,78,4274.0,0.0
25.4,132.1,69,4438.2,0.0
28.6,115.9,66,4170.1,0.41
27.9,136.0,71,4740.9,0.0
27.4,154.8,65,4062.1,0.92
29.0,162.9,80,3732.5,2.46
27.0,109.9,71,4195.9,0.29
25.6,157.2,79,4945.3,0.0
27.7,100.4,70,4820.3,0.0
29.7,157.9,84,3966.6,1.36
27.6,152.9,83,3864.1,1.85
27.8,137.5,73,4224.9,0.15
29.6,110.9,70,4482.7,0.0
27.1,161.2,81,4890.1,0.0
30.0,105.7,69,4420.0,0.0
25.0,171.6,79,4754.2,0.0
27.2,161.9,71,4544.1,0.0
25.3,159.3,78,3652.3,2.84
26.7,160.4,84,4837.7,0.0
25.0,105.4,82,3799.3,2.15
25.3,179.2,81,4050.0,0.97
25.3,168.7,82,4760.4,0.0
25.9,140.6,66,4968.8,0.0
24.8,157.6,82,3965.9,1.37
28.9,159.1,78,4074.8,0.86
25.3,166.4,68,4228.4,0.14
26.5,120.4,71,4247.0,0.05
24.1,129.8,71,4625.6,0.0
24.6,164.0,65,4725.7,0.0
29.4,161.5,72,4986.6,0.0
29.0,141.8,84,4706.3,0.0
29.0,131.7,74,3949.7,1.44
26.5,177.5,73,4037.2,1.03
24.8,133.2,71,4427.1,0.0
24.6,161.1,67,4530.0,0.0
27.6,133.0,76,3634.9,2.92
29.0,124.8,67,4015.5,1.14
29.4,151.3,69,3804.0,2.13
25.7,164.6,71,4261.8,0.0
25.9,178.5,76,3753.0,2.37
24.6,111.9,81,4371.1,0.0
28.6,170.1,78,4200.9,0.26
25.7,141.9,67,4105.9,0.71
26.9,108.6,65,4473.4,0.0
29.6,163.6,82,4124.5,0.62
28.5,126.5,78,4098.9,0.74
24.3,169.5,77,4476.7,0.0
24.0,112.6,76,3585.9,3.15
28.7,156.9,69,4148.7,0.51
27.3,124.1,67,3793.1,2.18
28.3,120.6,78,3557.9,3.29
24.9,104.0,71,3552.0,3.31
29.2,138.6,71,3751.4,2.38
28.6,131.3,81,4150.9,0.5
29.3,104.9,70,4350.0,0.0
26.0,118.1,79,4693.8,0.0
25.7,139.0,83,4411.5,0.0
24.9,164.7,79,4280.1,0.0
29.6,174.4,71,3554.5,3.3
25.1,141.2,69,3946.8,1.46
24.7,132.3,79,4538.4,0.0
25.2,176.4,84,3905.8,1.65
28.6,177.0,77,4391.5,0.0
29.3,115.2,71,4405.9,0.0
28.9,142.5,77,3957.7,1.41
27.4,165.7,77,4357.4,0.0
30.0,165.8,77,3671.0,2.75
24.4,154.8,72,4590.5,0.0
29.2,137.7,69,3533.8,3.4
26.6,132.3,68,3553.0,3.31
26.7,164.5,81,4805.4,0.0
24.8,118.1,84,4370.4,0.0
24.2,134.3,78,3744.4,2.41
25.9,145.3,75,4402.5,0.0
25.0,166.5,74,4054.8,0.95
26.9,129.9,65,3904.8,1.66
24.9,143.9,71,4717.0,0.0
24.8,122.3,70,4216.0,0.19
29.3,167.0,71,3940.2,1.49
29.5,162.8,79,4915.5,0.0
29.8,165.6,70,3747.5,2.39
28.1,104.6,82,3713.0,2.56
28.6,139.0,66,3646.0,2.87
29.0,110.9,73,3686.7,2.68
28.0,153.9,70,3879.2,1.78
26.0,124.9,81,4547.8,0.0
24.9,162.0,75,4507.8,0.0
25.4,105.2,68,4645.2,0.0
29.0,141.1,71,4363.4,0.0
28.2,109.9,79,4238.9,0.09
26.7,144.6,81,4147.8,0.51
24.2,148.6,76,4812.0,0.0
25.6,137.0,77,4015.3,1.14
28.4,122.4,77,4837.3,0.0
27.1,102.6,72,3913.3,1.62
26.6,153.0,71,3736.0,2.45
25.9,169.6,68,3882.7,1.76
27.6,158.7,67,4248.5,0.04
29.8,171.4,81,4888.8,0.0
29.4,174.4,80,3766.0,2.31
24.2,136.0,83,4369.9,0.0
26.9,155.8,66,3826.6,2.02
26.0,131.8,78,4516.5,0.0
27.1,173.6,80,4197.6,0.28
27.6,145.0,81,4600.3,0.0
25.2,160.2,68,4784.2,0.0
28.7,101.2,72,4002.1,1.2
26.9,146.0,73,4907.3,0.0
30.0,159.4,80,4202.6,0.26
24.2,120.6,80,4905.0,0.0
25.1,101.1,81,3845.9,1.93
28.1,159.5,67,4845.6,0.0
28.2,127.0,81,4000.5,1.21
27.5,134.3,82,4626.1,0.0
29.8,145.0,82,4952.3,0.0
26.5,108.8,70,4868.2,0.0
26.5,108.3,70,4195.5,0.29
29.5,176.9,65,4017.4,1.13
27.2,127.1,80,4419.0,0.0
26.1,120.4,81,4558.7,0.0
28.3,103.8,68,4310.4,0.0
27.7,113.9,80,4772.7,0.0
25.8,134.5,84,3587.4,3.15
25.8,127.4,66,4399.5,0.0
26.4,134.0,76,4287.9,0.0
24.4,156.3,80,3559.0,3.28
29.7,151.3,70,3519.1,3.47
25.1,139.5,80,4409.2,0.0
25.2,165.2,71,3677.0,2.73
27.9,168.6,78,4652.8,0.0
28.3,147.3,67,4923.9,0.0
28.4,109.4,65,3766.1,2.31
26.3,132.5,81,4697.9,0.0
29.2,150.8,84,4387.1,0.0
27.3,105.0,68,4171.9,0.4
26.6,101.6,71,4475.4,0.0
28.9,175.9,71,4703.5,0.0
25.5,158.4,68,4956.0,0.0
29.2,112.2,71,4490.7,0.0
27.2,135.6,72,4620.4,0.0
29.4,115.5,73,4411.3,0.0
25.2,100.8,79,4347.6,0.0
29.6,131.3,68,3597.2,3.1
28.1,151.9,82,3732.6,2.46
27.7,176.3,76,4068.9,0.88
26.5,161.6,70,4474.3,0.0
29.7,118.4,68,3613.7,3.02
26.7,126.9,68,4316.6,0.0
27.0,141.6,82,3519.8,3.46
28.7,115.3,65,4649.1,0.0
25.7,166.6,70,4500.4,0.0
25.7,113.4,73,4281.0,0.0
28.7,123.2,81,4356.7,0.0
24.8,146.2,75,4899.1,0.0
28.9,109.9,73,4860.0,0.0
27.8,150.0,75,4689.1,0.0
27.2,175.5,68,4004.3,1.19
25.4,155.3,77,3660.9,2.8
28.7,165.0,83,3982.1,1.29
28.8,135.1,67,4627.9,0.0
26.9,129.2,65,4416.5,0.0
26.3,126.3,81,4558.4,0.0
25.5,152.8,81,3658.0,2.81
28.5,141.5,71,3737.7,2.44
27.8,137.8,78,4496.5,0.0
25.2,108.1,69,4057.7,0.94
28.8,153.9,78,4053.8,0.96
29.3,158.0,75,4089.0,0.79
24.4,115.7,67,4693.9,0.0
28.6,160.8,70,4548.6,0.0
29.1,170.4,71,3659.1,2.81
29.9,114.0,83,4016.5,1.13
25.4,136.2,73,4510.7,0.0
26.2,170.1,66,4964.2,0.0
29.8,139.0,76,4868.4,0.0
24.6,165.2,71,3872.4,1.81
27.1,117.3,74,3599.0,3.09
27.0,105.1,84,4359.9,0.0
27.6,104.8,79,4109.4,0.69
26.0,177.8,83,3775.1,2.26
29.6,113.2,70,4477.5,0.0
25.6,169.2,84,3740.5,2.43
27.9,125.3,77,4027.2,1.08
27.0,103.2,84,4691.9,0.0
25.6,119.3,76,4526.4,0.0
25.1,140.4,82,4410.7,0.0
29.7,108.5,80,4896.2,0.0
27.4,173.8,75,3688.1,2.67
27.6,172.0,75,4536.4,0.0
28.7,111.9,65,3676.0,2.73
24.5,159.0,65,3704.6,2.6
28.3,136.9,71,4259.6,0.0
25.0,178.6,71,3536.2,3.39
28.4,104.4,68,4251.5,0.03
24.8,137.7,78,3514.2,3.49
29.0,122.8,69,4403.6,0.0
28.1,158.1,76,3968.0,1.36
26.3,108.9,68,3624.9,2.97
26.2,150.2,67,4671.3,0.0
24.9,175.8,82,4084.9,0.81
29.4,136.3,69,4166.0,0.43
24.7,136.3,70,4061.7,0.92
26.8,139.7,78,3625.4,2.97
25.4,133.3,70,4189.9,0.32
30.0,135.8,84,4498.2,0.0
27.5,137.1,76,4855.1,0.0
24.9,179.8,76,4645.7,0.0
28.0,109.3,72,3618.9,3.0
29.9,122.8,84,3748.7,2.39
27.6,116.9,66,3567.2,3.24
26.7,143.5,69,3679.1,2.72
25.8,100.2,82,4220.8,0.17
24.6,173.7,67,3829.6,2.01
25.4,142.5,80,4471.9,0.0
27.3,171.7,69,3548.5,3.33
28.5,127.6,73,4785.9,0.0
29.3,112.0,70,4516.5,0.0
28.8,115.4,83,4953.6,0.0
24.8,137.7,80,4929.2,0.0
28.6,103.2,71,4539.4,0.0
27.5,162.5,68,3737.1,2.44
26.8,163.3,80,3833.1,1.99
27.4,156.2,84,3916.4,1.6
24.0,171.7,81,4140.0,0.55
24.4,144.0,83,4356.3,0.0
27.2,138.3,81,4523.9,0.0
25.0,142.3,77,3613.5,3.02
27.3,114.6,66,4415.8,0.0
26.1,141.0,66,3588.8,3.14
29.4,143.3,68,4740.5,0.0
29.7,161.2,80,3560.6,3.27
29.9,127.8,68,4085.1,0.81
29.4,107.4,84,4130.0,0.6
29.9,147.8,76,4355.6,0.0
28.2,163.0,84,3643.2,2.88
29.8,177.6,78,4899.7,0.0
27.9,107.2,65,4074.8,0.86
28.9,159.7,81,4094.3,0.77
24.8,147.7,82,3864.6,1.84
28.1,101.2,76,4671.1,0.0
29.6,157.5,74,3511.6,3.5
27.2,102.1,79,3659.3,2.81
25.1,162.8,81,4206.1,0.24
27.2,157.7,75,4952.4,0.0
28.2,155.0,84,3553.4,3.31
28.6,109.6,71,3593.0,3.12
27.1,173.5,84,4572.3,0.0
25.3,171.9,83,4603.2,0.0
29.6,172.0,75,4845.4,0.0
28.6,128.8,65,4364.9,0.0
25.6,139.4,82,4105.3,0.71
28.9,109.2,79,4176.6,0.38
26.1,104.1,77,4147.3,0.52
25.9,104.7,80,4960.3,0.0
29.2,145.5,83,4070.1,0.88
29.2,125.7,70,3644.1,2.88
26.4,146.4,80,3934.4,1.52
24.1,147.4,82,4940.1,0.0
25.1,172.6,65,4142.4,0.54
29.5,170.6,82,3974.1,1.33
29.4,157.5,73,3966.1,1.37
26.7,165.5,77,3513.6,3.49
25.8,100.3,80,4449.7,0.0
25.8,101.2,83,4586.4,0.0
29.4,136.7,65,4029.4,1.07
25.9,152.3,72,4809.2,0.0
27.1,163.5,74,4614.3,0.0
28.4,135.8,71,4401.3,0.0
25.3,175.2,67,4555.7,0.0
25.5,165.2,77,4654.2,0.0
26.1,108.2,84,4290.6,0.0
27.9,135.2,75,4096.7,0.75
28.9,179.6,84,3688.6,2.67
27.3,132.8,69,4107.4,0.7
24.8,130.9,77,4325.1,0.0
26.7,123.5,76,4921.8,0.0
24.8,138.9,80,3732.3,2.47
24.5,158.4,81,4635.4,0.0
27.5,103.8,78,3861.1,1.86
29.7,166.9,74,4935.5,0.0
29.0,173.4,77,4392.2,0.0
28.6,162.5,76,4149.2,0.51
28.4,173.3,68,4020.2,1.11
29.4,107.6,83,3803.0,2.13
28.5,136.0,76,4571.7,0.0
27.8,105.7,65,4454.0,0.0
26.2,166.9,74,4835.2,0.0
24.6,176.2,66,4396.0,0.0
26.8,123.8,69,3754.7,2.36
29.5,142.8,81,4524.3,0.0
27.5,123.8,68,4818.2,0.0
25.1,130.3,71,4985.7,0.0
27.9,138.1,79,4527.6,0.0
26.8,163.3,65,3934.3,1.52
29.6,111.8,78,4348.1,0.0
25.0,112.6,79,4272.5,0.0
28.3,116.1,66,4268.0,0.0
28.1,104.3,84,3617.9,3.0
29.9,151.5,66,3791.8,2.19
27.4,115.2,80,4286.2,0.0
29.2,135.0,66,4697.3,0.0
24.1,154.8,80,3772.7,2.28
24.7,135.9,81,3746.4,2.4
26.1,172.5,82,4639.8,0.0
27.7,161.5,83,4535.8,0.0
26.7,121.8,80,4227.7,0.14
25.2,110.4,68,3575.5,3.2
27.5,171.6,81,4209.0,0.23
27.4,131.8,65,4752.3,0.0
27.1,130.6,77,3515.9,3.48
24.5,164.8,71,3653.9,2.83
29.6,100.7,73,4714.0,0.0
27.6,136.1,78,4287.7,0.0
25.6,157.1,65,4493.4,0.0
28.1,167.9,72,4617.6,0.0
25.9,170.8,74,3950.3,1.44
27.0,137.3,68,3946.8,1.46
26.0,167.8,77,3895.9,1.7
29.3,102.9,82,3750.9,2.38
30.0,124.4,73,3957.1,1.41
25.0,100.8,72,4929.2,0.0
24.1,113.2,70,3629.0,2.95
25.3,158.0,83,3861.0,1.86
27.5,100.4,80,3977.0,1.32
25.0,141.8,65,3730.7,2.47
28.9,133.1,79,3616.1,3.01
26.5,109.8,70,3742.8,2.42
27.7,154.9,74,4291.7,0.0
26.7,155.4,69,4395.1,0.0
29.4,158.1,72,3822.9,2.04
24.2,161.2,65,4255.7,0.01
28.4,125.2,77,3509.3,3.51
27.9,179.5,80,4403.0,0.0
27.9,105.8,81,3502.0,3.55
26.5,151.8,71,4464.2,0.0
24.1,177.7,79,4225.0,0.15
28.1,117.9,78,3663.9,2.79
29.0,122.2,81,3632.6,2.93
24.5,146.1,71,3510.3,3.51
26.6,162.5,78,4327.5,0.0
25.0,126.3,72,4709.8,0.0
27.7,166.9,77,4784.8,0.0
28.7,119.3,65,4353.9,0.0
28.0,169.9,68,4830.8,0.0
25.9,120.2,75,4793.0,0.0
24.8,149.4,73,4547.3,0.0
28.8,128.6,83,4044.6,1.0
25.9,125.7,68,4740.8,0.0
24.1,128.3,65,4087.5,0.8
27.4,139.9,83,4104.9,0.72
25.5,167.6,83,4517.1,0.0
29.0,160.7,83,4891.9,0.0
24.9,135.9,75,4250.0,0.03
26.6,122.6,70,3765.8,2.31
25.5,168.3,71,3713.7,2.55
28.1,169.6,65,3953.4,1.43
27.3,136.3,79,4186.5,0.33
28.7,155.7,68,3946.5,1.46
26.8,129.5,77,4567.9,0.0
24.0,111.9,76,4314.0,0.0
25.3,125.7,65,4110.1,0.69
30.0,154.6,72,3820.1,2.05
26.4,161.6,75,4408.1,0.0
27.7,168.1,74,4511.2,0.0
29.4,101.4,66,4676.3,0.0
24.1,138.9,81,4986.3,0.0
28.0,121.9,77,3847.0,1.93
25.7,154.7,73,3522.7,3.45
25.7,119.6,80,4250.7,0.03
25.3,145.3,81,4886.0,0.0
28.9,157.0,74,3873.1,1.8
26.2,161.6,81,4633.8,0.0
24.4,121.6,84,3979.3,1.31
24.6,107.0,74,4086.8,0.8
24.9,117.5,78,4921.6,0.0
29.4,147.9,79,4191.5,0.31
26.6,103.2,73,4588.0,0.0
29.5,112.7,66,4324.8,0.0
28.9,179.6,78,4645.9,0.0
29.0,130.6,71,3976.0,1.32
25.7,139.7,68,4815.3,0.0
25.6,100.9,77,4323.4,0.0
27.4,147.4,68,3963.7,1.38
26.5,126.0,68,3557.3,3.29
27.1,142.4,73,3519.8,3.46
24.3,142.1,75,4030.0,1.07
29.8,177.4,65,3823.6,2.04
24.3,121.5,77,3579.0,3.19
25.1,145.6,73,4329.3,0.0
28.1,130.5,82,4983.2,0.0
24.9,133.8,71,4133.5,0.58
24.6,104.4,78,4328.2,0.0
24.9,155.1,81,3829.7,2.01
24.4,115.6,82,3807.4,2.11
25.5,137.5,65,3992.6,1.24
25.6,134.7,73,4752.6,0.0
27.0,137.5,74,4940.9,0.0
26.6,130.0,80,4609.6,0.0
26.8,119.4,75,3530.8,3.41
27.7,135.9,68,4157.6,0.47
25.4,103.7,83,4131.1,0.59
24.8,119.4,72,4902.8,0.0
29.3,162.8,67,4618.4,0.0
27.8,167.4,68,4571.6,0.0
24.4,157.2,72,4347.2,0.0
29.8,150.6,76,4468.8,0.0
28.2,164.9,69,4547.9,0.0
24.9,110.2,67,4328.8,0.0
29.8,142.0,69,4767.2,0.0
26.2,109.3,68,3555.3,3.3
29.9,162.2,75,4912.1,0.0
24.6,141.6,80,4660.4,0.0
25.0,164.8,82,4293.4,0.0
27.9,163.9,70,4790.5,0.0
24.1,137.3,80,4742.0,0.0
24.1,139.7,65,4129.1,0.6
28.8,102.3,83,4759.7,0.0
25.0,141.9,84,3782.5,2.23
29.5,154.2,80,4203.8,0.25
26.6,118.7,74,3848.4,1.92
29.2,178.9,78,3686.6,2.68
26.5,178.0,82,4841.9,0.0
27.2,122.6,77,4050.4,0.97
25.9,157.0,77,4526.6,0.0
27.9,102.4,79,4062.6,0.91
25.9,153.3,68,4316.2,0.0
25.3,149.9,82,4022.1,1.1
24.5,165.8,79,4614.1,0.0
24.3,124.3,70,4679.7,0.0
25.8,170.2,74,4145.8,0.52
28.4,168.6,79,4789.4,0.0
25.2,153.6,65,4033.0,1.05
25.8,137.8,69,4643.7,0.0
29.4,149.5,73,4475.1,0.0
27.8,158.4,78,4184.0,0.34
29.5,178.0,75,4833.4,0.0
29.5,109.7,70,4358.4,0.0
24.4,125.0,80,4760.3,0.0
29.7,162.5,73,4600.0,0.0
24.3,132.7,67,4298.9,0.0
29.6,153.8,72,3989.6,1.26
27.3,110.6,81,4926.7,0.0
27.2,156.7,73,3585.1,3.16
28.3,153.9,81,4841.7,0.0
29.3,146.9,69,4259.6,0.0
27.7,161.2,75,4623.1,0.0
26.6,170.4,70,4001.2,1.2
24.7,166.3,78,4076.3,0.85
28.7,110.2,67,3786.1,2.21
24.8,159.6,81,4931.5,0.0
28.4,136.0,68,3564.9,3.25
27.2,126.7,72,4080.2,0.83
26.3,170.4,70,4002.1,1.2
27.7,144.8,75,4719.6,0.0
28.6,140.1,65,4252.4,0.02
29.6,162.8,79,3753.7,2.37
25.6,144.3,80,4263.5,0.0
29.7,168.6,66,3854.0,1.89
29.8,108.2,77,3525.7,3.44
28.9,162.1,76,4316.8,0.0
29.3,113.1,78,4040.6,1.02
28.2,118.0,65,3858.3,1.87
24.2,114.4,75,3758.4,2.34
27.5,119.1,68,4180.5,0.36
28.5,158.5,77,4804.4,0.0
29.7,152.4,84,4637.2,0.0
27.4,118.4,70,3506.9,3.52
28.8,121.6,69,4596.7,0.0
28.2,107.9,68,3609.1,3.04
25.7,133.2,77,4322.0,0.0
24.9,130.3,82,4670.1,0.0
28.5,111.7,77,4179.9,0.36
25.4,166.8,72,4065.0,0.9
25.5,168.2,83,4909.2,0.0
27.9,108.7,79,3543.9,3.35
28.7,121.3,65,3659.0,2.81
27.5,158.9,75,4805.5,0.0
29.3,169.6,80,4829.4,0.0
25.3,105.7,74,4059.1,0.93
25.5,172.2,71,4310.3,0.0
27.8,104.9,72,3746.6,2.4
29.0,150.7,84,4826.4,0.0
27.2,101.8,80,4203.6,0.25
24.1,174.3,74,4346.1,0.0
28.1,128.3,68,3677.1,2.73
28.9,151.9,76,4422.2,0.0
25.7,114.8,80,4543.7,0.0
24.3,125.7,82,3942.1,1.48
27.1,159.8,80,4844.2,0.0
24.3,177.8,77,3805.9,2.12
26.5,179.4,80,4846.1,0.0
24.1,164.8,79,4555.0,0.0
25.3,167.8,72,4746.3,0.0
26.3,177.6,79,4548.6,0.0
24.7,103.2,71,4142.6,0.54
24.7,113.6,84,3997.4,1.22
29.0,104.2,83,4601.1,0.0
24.2,140.1,78,3947.2,1.46
28.1,176.7,70,3592.8,3.12
28.9,146.6,77,3870.5,1.82
24.8,144.4,76,4632.9,0.0
25.2,166.1,71,4689.8,0.0
27.8,174.3,84,3914.9,1.61
25.9,155.9,67,3991.9,1.25
26.9,171.6,67,4324.0,0.0
29.0,114.0,67,3893.0,1.71
24.8,140.3,79,4409.3,0.0
27.7,129.2,80,3923.1,1.57
29.7,126.6,77,3681.3,2.71
24.3,117.1,80,3732.2,2.47
24.4,171.5,66,3875.8,1.79
27.3,136.0,70,3751.9,2.37
29.8,142.4,81,4961.5,0.0
25.3,122.1,70,4487.6,0.0
26.0,177.0,82,3768.9,2.29
24.6,148.9,76,4135.9,0.57
26.2,100.1,83,3903.7,1.66
24.3,121.4,76,4526.8,0.0
26.3,179.9,81,4800.9,0.0
27.3,178.0,66,4101.2,0.73
29.9,143.6,78,4143.3,0.53
28.9,145.1,77,4097.7,0.75
28.9,172.1,70,4173.8,0.39
25.4,156.7,81,3553.8,3.3
24.5,174.6,73,4388.9,0.0
27.6,138.3,72,4928.1,0.0
27.1,178.1,78,4678.0,0.0
27.1,143.2,66,4792.1,0.0
24.7,151.6,74,3843.7,1.94
27.0,106.6,67,4410.8,0.0
24.9,148.9,81,4839.5,0.0
26.5,161.4,71,3602.9,3.07
24.4,135.1,76,4815.9,0.0
29.1,140.2,71,3596.8,3.1
24.1,131.5,67,4974.6,0.0
29.6,177.5,70,3625.9,2.97
29.2,138.1,67,4051.9,0.96
28.5,110.1,68,3582.0,3.17
29.9,102.3,80,3585.2,3.16
24.3,161.8,79,4799.4,0.0
27.8,143.8,65,3595.4,3.11
29.1,100.2,66,4688.9,0.0
24.8,130.6,65,4860.3,0.0
27.5,173.1,82,4902.6,0.0
26.4,175.8,68,4796.1,0.0
26.6,104.3,70,4932.7,0.0
29.5,109.9,75,3577.7,3.19
27.2,100.4,76,4994.9,0.0
24.6,169.5,72,3530.7,3.41
29.6,105.7,78,3749.8,2.38
25.1,108.6,74,3621.4,2.99
29.4,118.2,68,4616.0,0.0
29.8,173.4,79,3630.5,2.94
29.3,155.1,80,3939.0,1.49
28.1,149.4,78,4457.1,0.0
28.5,162.8,79,4247.0,0.05
28.2,155.5,81,3704.3,2.6
26.8,159.7,76,4282.3,0.0
25.6,105.9,77,4011.0,1.16
25.7,147.2,78,4378.9,0.0
28.4,160.3,75,4307.7,0.0
27.8,145.3,75,4984.3,0.0
27.5,100.9,70,4795.3,0.0
27.9,116.9,65,3505.5,3.53
28.6,177.0,84,3764.0,2.32
28.5,156.4,72,4869.7,0.0
24.6,155.1,72,4309.2,0.0
26.2,152.8,82,4639.2,0.0
25.6,110.2,77,4255.3,0.01
27.2,100.3,78,4678.6,0.0
24.4,135.3,79,3699.2,2.62
28.6,135.5,68,4606.9,0.0
24.6,164.9,83,4804.4,0.0
25.6,114.5,77,3898.5,1.68
28.7,122.0,73,4052.5,0.96
24.3,106.3,80,4385.9,0.0
28.0,132.0,73,4802.4,0.0
29.5,120.5,66,4861.7,0.0
27.7,121.0,74,4301.6,0.0
28.3,120.3,71,4487.1,0.0
28.8,118.5,73,4809.4,0.0
25.3,125.6,72,3846.9,1.93
27.5,142.9,84,4737.8,0.0
25.9,135.0,83,3892.8,1.71
25.5,105.1,65,4371.5,0.0
25.2,134.1,65,4902.0,0.0
27.5,167.7,84,4267.2,0.0
28.8,108.1,72,3640.1,2.9
29.3,175.5,68,4843.7,0.0
26.6,124.7,68,4377.5,0.0
26.2,101.2,79,3606.7,3.06
28.1,120.3,66,3515.8,3.48
28.7,105.6,81,3891.9,1.72
25.5,145.3,72,3680.4,2.71
25.8,125.3,80,4442.7,0.0
27.2,164.6,70,4395.1,0.0
26.7,158.6,65,4761.3,0.0
28.2,137.5,69,4270.0,0.0
27.0,144.8,83,3879.7,1.77
24.7,148.7,82,3575.4,3.2
25.0,121.7,67,3515.8,3.48
29.4,111.2,66,4888.7,0.0
25.4,130.1,66,3716.8,2.54
24.3,107.6,65,4248.8,0.04
28.4,125.2,67,4692.2,0.0
28.1,144.2,83,4892.9,0.0
27.6,143.2,68,3802.5,2.14
27.0,109.6,67,3847.9,1.92
29.8,100.7,72,3769.6,2.29
24.7,107.1,76,3738.4,2.44
27.1,102.9,68,4182.4,0.35
27.4,132.0,78,4453.9,0.0
24.1,131.2,74,4559.4,0.0
26.5,119.3,81,3990.8,1.25
28.7,117.2,82,4435.7,0.0
26.8,131.7,71,3503.6,3.54
29.3,106.9,77,4832.4,0.0
27.9,117.1,77,4804.6,0.0
28.6,132.5,66,4316.1,0.0
28.8,107.6,72,3865.1,1.84
28.1,167.3,84,4958.3,0.0
28.5,154.1,75,4716.0,0.0
28.2,130.6,66,3525.4,3.44
27.3,112.0,76,4204.5,0.25
27.4,115.5,69,3653.1,2.84
25.1,109.6,80,3698.4,2.62
29.0,112.8,65,3502.0,3.55
25.9,133.8,76,4531.6,0.0
27.2,119.7,69,3878.8,1.78
25.5,170.8,65,3957.3,1.41
28.2,176.9,67,3570.6,3.23
29.9,155.3,68,3511.9,3.5
28.8,164.7,73,4689.1,0.0
27.7,120.4,81,4492.1,0.0
27.4,153.2,76,4073.5,0.86
26.9,104.6,83,3604.8,3.06
25.2,176.8,67,4663.7,0.0
26.1,153.6,84,4889.5,0.0
26.4,125.3,74,4291.1,0.0
29.7,161.8,84,3708.4,2.58
26.6,101.3,72,4478.8,0.0
27.5,130.1,67,3607.3,3.05
29.5,171.7,75,3748.3,2.39
27.1,121.1,79,4206.1,0.24
25.5,153.4,84,3873.5,1.8
26.3,128.8,76,4895.3,0.0
26.3,131.4,67,4713.3,0.0
28.3,159.7,71,3915.2,1.61
25.8,172.8,65,4945.7,0.0
28.4,113.3,74,4067.4,0.89
29.3,122.2,81,4352.6,0.0
26.0,139.0,70,4346.0,0.0
24.8,149.1,83,4474.4,0.0
27.8,137.4,76,3865.4,1.84
26.2,164.4,66,4883.1,0.0
27.2,161.4,76,3898.5,1.68
27.8,132.4,83,4497.3,0.0
26.4,103.2,73,4648.6,0.0
29.5,115.6,70,4822.3,0.0
26.4,139.0,81,4185.4,0.34
25.8,174.2,66,4567.5,0.0
29.3,145.4,71,3628.1,2.96
24.8,142.4,70,4667.0,0.0
24.7,157.9,78,4633.5,0.0
29.6,112.2,81,4115.9,0.66
25.3,111.8,82,3970.2,1.35
24.9,127.6,70,4070.3,0.88
27.2,179.6,76,3635.8,2.92
24.3,170.1,70,4456.7,0.0
27.7,154.4,78,4869.5,0.0
26.7,131.3,77,4498.6,0.0
27.8,144.4,73,4370.8,0.0
25.7,124.3,82,4986.1,0.0
29.4,153.9,74,4312.8,0.0
25.6,133.5,74,4018.7,1.12
27.8,109.6,78,4557.0,0.0
29.7,117.2,73,4282.1,0.0
26.4,148.7,73,4958.1,0.0
25.0,155.6,73,4846.9,0.0
24.4,107.7,67,4920.3,0.0
29.8,164.7,73,3501.5,3.55
28.6,165.9,77,4001.3,1.2
29.5,157.8,74,4440.8,0.0
28.2,154.7,67,3962.5,1.38
26.1,118.5,84,4484.7,0.0
24.7,173.6,68,4572.4,0.0
29.6,121.5,78,4434.9,0.0
26.9,114.6,77,4187.4,0.33
26.4,151.1,84,4545.1,0.0
27.5,129.1,71,4670.6,0.0
24.6,174.6,71,4544.1,0.0
25.9,136.8,70,4718.0,0.0
27.8,113.1,72,4920.9,0.0
24.6,176.6,70,3653.8,2.83
24.8,141.2,68,4859.6,0.0
27.1,141.5,69,3910.3,1.63
27.7,130.9,82,4345.7,0.0
25.1,166.9,66,4913.6,0.0
24.2,123.0,78,4430.1,0.0
29.8,101.1,78,3626.3,2.96
24.2,139.8,69,4248.8,0.04
24.0,174.1,75,4841.5,0.0
25.9,121.9,84,4118.1,0.65
25.3,121.3,67,4771.9,0.0
27.4,159.0,80,4691.3,0.0
29.4,162.0,84,4859.6,0.0
26.9,134.8,72,3894.6,1.7
28.6,166.7,84,4244.8,0.06
29.5,113.8,79,4002.8,1.19
25.1,129.4,78,4301.4,0.0
26.9,132.3,78,3528.7,3.42
27.9,125.0,72,3862.5,1.85
26.0,117.4,65,4961.1,0.0
28.4,127.1,80,4404.7,0.0
28.2,101.4,76,3760.0,2.34
26.5,156.3,78,4262.5,0.0
24.5,154.7,73,4547.0,0.0
24.1,136.0,78,4405.6,0.0
26.2,125.8,77,4252.9,0.02
24.5,134.7,83,4510.9,0.0
28.7,174.9,80,3750.4,2.38
26.0,148.3,83,4157.3,0.47
28.0,158.5,81,4625.4,0.0
26.1,118.4,69,4369.2,0.0
28.8,107.6,67,4859.4,0.0
29.3,106.7,65,4165.6,0.43
29.0,137.8,71,3698.3,2.63
26.9,157.3,71,3573.1,3.21
24.5,161.9,81,4216.2,0.19
26.2,157.6,71,4156.4,0.47
26.5,173.0,77,3884.8,1.75
29.8,104.2,77,4385.8,0.0
27.4,168.4,74,3875.3,1.79
27.8,152.9,84,3824.5,2.03
28.7,114.0,66,4433.3,0.0
27.4,154.6,70,4917.4,0.0
27.6,140.9,71,3804.2,2.13
25.5,128.7,77,3774.2,2.27
24.4,119.8,72,4279.0,0.0
28.3,137.1,77,3679.2,2.72
29.1,119.1,75,3941.1,1.48
26.5,106.6,74,4986.1,0.0
27.3,167.7,68,4761.6,0.0
25.8,147.4,74,4559.2,0.0
26.7,129.1,81,3539.0,3.37
25.3,135.7,72,3897.6,1.69
28.6,169.2,84,4354.5,0.0
27.0,125.6,69,4565.4,0.0
27.3,130.4,84,4502.6,0.0
24.2,161.3,79,3778.2,2.25
27.7,116.0,74,4199.4,0.27
25.2,152.7,83,3797.8,2.16
26.3,134.7,82,4885.4,0.0
26.5,140.0,76,4336.1,0.0
26.7,163.0,66,4085.4,0.81
25.4,179.5,71,4877.0,0.0
29.1,166.5,75,4855.9,0.0
26.6,112.8,79,4256.2,0.0
27.7,118.0,76,4530.2,0.0
27.7,132.8,74,3978.3,1.31
27.6,157.5,77,3961.5,1.39
27.4,140.7,66,4324.3,0.0
28.9,172.1,79,4770.0,0.0
28.9,103.9,72,4395.7,0.0
26.5,120.7,70,4188.6,0.32
27.8,117.5,68,4496.2,0.0
24.6,159.5,72,4718.4,0.0
24.5,137.2,84,4681.0,0.0
26.9,101.2,69,4055.9,0.95
29.4,161.9,84,4903.5,0.0
27.9,128.9,72,3523.6,3.45
28.0,120.8,78,4176.2,0.38
24.9,114.6,81,4861.3,0.0
26.7,175.7,84,4544.0,0.0
26.4,175.4,66,4556.0,0.0
28.7,106.1,83,3734.7,2.45
24.8,118.6,68,4373.1,0.0
27.2,151.7,78,4950.4,0.0
29.5,153.6,71,3817.3,2.07
29.4,133.4,80,3990.8,1.25
29.1,145.5,74,4082.9,0.82
26.2,156.2,75,4039.8,1.02
29.6,176.0,69,4440.6,0.0
28.8,158.0,76,3851.9,1.9
29.1,108.8,79,4258.5,0.0
29.6,157.4,74,4100.4,0.74
29.6,105.4,66,4466.7,0.0
25.4,140.2,82,3862.9,1.85
24.8,142.2,75,4329.7,0.0
28.1,162.3,69,4610.5,0.0
27.4,100.9,70,4539.4,0.0
26.0,170.0,77,4751.4,0.0
28.1,153.1,81,4934.2,0.0
24.4,102.5,80,4781.0,0.0
24.3,112.8,65,4907.3,0.0
26.1,103.2,77,3526.3,3.43
25.2,161.3,74,4443.4,0.0
28.3,113.7,77,3901.6,1.67
29.7,103.6,84,4713.5,0.0
28.0,111.0,82,4728.6,0.0
27.9,144.8,82,3571.7,3.22
24.0,139.6,68,4393.3,0.0
27.1,119.7,67,4776.3,0.0
28.9,175.4,80,4381.1,0.0
27.9,168.4,71,4138.3,0.56
25.4,125.2,71,3615.2,3.02
29.1,138.0,66,4595.4,0.0
29.8,141.3,80,3612.0,3.03
25.7,160.5,69,4396.9,0.0
25.2,134.2,72,4876.4,0.0
26.0,143.7,72,4128.7,0.6
24.4,133.0,75,4655.2,0.0
29.2,161.0,84,4699.7,0.0
29.6,144.5,74,3515.5,3.48
27.8,166.2,65,4872.4,0.0
28.6,104.3,70,3783.2,2.23
28.0,172.3,71,3924.0,1.57
26.3,165.6,81,4806.2,0.0
27.8,165.5,80,4529.9,0.0
29.0,111.2,78,4057.8,0.94
28.9,121.1,67,3631.8,2.94
24.5,178.4,73,4079.3,0.84
26.8,176.0,74,4949.5,0.0
26.4,118.1,67,3656.9,2.82
28.5,134.6,76,4769.2,0.0
27.0,112.5,68,3988.0,1.26
26.1,121.0,76,4481.8,0.0
28.2,114.8,77,4447.3,0.0
26.8,106.5,71,3988.4,1.26
25.5,146.4,83,3581.4,3.17
29.3,119.3,82,3723.2,2.51
24.7,179.4,82,4348.8,0.0
24.1,141.2,73,4923.3,0.0
24.9,128.7,71,4888.7,0.0
25.0,173.1,71,3670.2,2.76
27.2,149.7,77,4812.8,0.0
27.7,110.2,70,3850.7,1.91
26.7,139.8,71,4864.8,0.0
25.2,135.3,77,4637.7,0.0
24.8,161.2,84,4941.9,0.0
27.0,155.5,70,4162.6,0.44
27.4,129.7,81,4597.4,0.0
25.8,137.6,84,4602.9,0.0
25.3,141.5,82,4244.3,0.06
24.5,133.8,84,4961.8,0.0
24.2,108.6,72,3865.5,1.84
24.6,172.4,82,4979.3,0.0
28.5,153.8,79,4718.2,0.0
26.1,137.6,65,4424.1,0.0
24.2,145.6,65,3613.4,3.02
27.0,117.1,71,3889.0,1.73
27.2,142.4,80,4761.9,0.0
26.6,159.7,84,4592.2,0.0
24.7,142.7,78,4944.0,0.0
28.5,138.5,76,4095.2,0.76
28.1,137.0,69,4841.7,0.0
26.4,160.9,71,4792.7,0.0
26.3,160.3,76,4949.2,0.0
24.9,160.0,83,3908.7,1.64
28.5,119.7,69,4241.8,0.07
27.6,149.4,71,3621.4,2.99
24.5,162.3,71,4386.4,0.0
26.3,145.0,77,4598.5,0.0
29.4,162.3,84,3857.0,1.88
26.7,168.4,81,3754.5,2.36
25.9,113.9,69,4459.3,0.0
27.9,124.5,78,4089.7,0.79
25.2,148.1,75,4139.8,0.55
27.1,123.2,84,4206.7,0.24
28.0,175.3,83,4267.2,0.0
29.1,115.5,68,3793.3,2.18
28.2,128.6,81,4366.6,0.0
26.3,179.5,81,3603.6,3.07
28.6,115.1,67,3670.3,2.76
29.4,135.9,78,4567.3,0.0
26.9,125.1,70,4597.2,0.0
24.0,164.8,74,3899.5,1.68
29.3,124.3,81,3777.0,2.26
25.0,112.9,66,3581.0,3.18
24.8,174.7,76,4128.3,0.61
25.8,125.4,80,4263.6,0.0
26.3,159.3,80,4849.2,0.0
28.8,123.2,67,3503.7,3.54
26.3,114.3,82,4108.8,0.7
24.3,164.2,71,4128.9,0.6
27.8,104.4,74,4829.8,0.0
28.0,126.6,72,3794.1,2.18
28.9,162.4,82,3599.3,3.09
26.4,141.0,81,4072.4,0.87
24.5,155.2,67,4418.5,0.0
27.3,105.3,72,4787.2,0.0
24.7,160.0,84,3903.5,1.66
24.1,113.8,69,3877.0,1.79
28.7,164.7,84,3989.0,1.26
26.4,145.1,76,3677.3,2.72
27.2,159.1,70,4965.8,0.0
28.0,117.0,74,4310.9,0.0
26.4,131.6,74,3908.3,1.64
24.3,164.2,65,4042.6,1.01
25.5,172.9,73,4798.9,0.0
25.2,118.1,82,4510.6,0.0
29.9,163.5,67,4329.8,0.0
28.4,108.7,65,4587.2,0.0
26.7,134.1,74,4633.7,0.0
24.4,175.1,67,3791.3,2.19
24.7,175.6,82,3738.0,2.44
28.9,123.7,71,4950.0,0.0
29.7,115.4,71,3778.6,2.25
24.2,112.0,74,4197.1,0.28
29.5,138.5,77,4974.2,0.0
26.3,107.4,68,4125.8,0.62
25.3,128.5,76,4272.3,0.0
24.6,101.4,67,4697.5,0.0
28.6,120.8,80,4010.6,1.16
26.8,172.0,75,4146.6,0.52
29.0,135.8,67,3998.3,1.22
25.4,105.9,72,3931.1,1.53
28.1,151.7,71,4207.7,0.23
24.7,176.5,78,4618.8,0.0
24.5,137.1,66,4800.9,0.0
24.8,149.9,74,4205.2,0.24
28.9,173.6,67,3981.5,1.29
27.9,133.5,75,4867.4,0.0
25.0,153.2,83,4003.9,1.19
26.3,135.3,72,4662.5,0.0
28.6,177.0,84,4622.9,0.0
25.7,140.3,69,3574.7,3.21
29.5,170.9,73,3766.5,2.31
29.5,140.6,77,4359.3,0.0
27.3,153.5,75,4801.4,0.0
27.8,130.9,66,4391.0,0.0
27.9,173.4,76,4614.1,0.0
25.6,151.8,67,4601.6,0.0
26.2,101.6,79,4241.5,0.07
24.8,101.3,65,4341.2,0.0
29.5,154.1,75,3606.9,3.05
28.3,109.1,74,4891.6,0.0
24.3,157.3,67,4511.5,0.0
27.3,125.8,78,3731.7,2.47
26.1,143.1,80,3866.0,1.84
28.9,114.0,73,3507.0,3.52
26.1,119.7,78,3896.0,1.7
27.9,135.0,65,3974.9,1.33
25.0,153.2,65,4524.7,0.0
27.4,112.5,68,4215.0,0.2
25.8,122.5,65,4764.2,0.0
25.0,116.6,83,3630.2,2.95
27.7,169.0,76,4560.5,0.0
27.8,151.8,84,4812.3,0.0
29.9,137.5,68,4132.0,0.59
28.0,175.8,73,3933.1,1.52
27.1,158.9,71,4168.4,0.42
29.5,174.6,78,4683.3,0.0
29.0,147.8,67,4878.6,0.0
27.3,111.0,79,3598.4,3.09
27.1,154.0,75,4292.8,0.0
29.7,116.1,74,4459.6,0.0
27.7,127.7,84,3526.2,3.43
28.3,140.8,79,3771.9,2.28
24.5,112.6,81,3593.8,3.12
28.3,101.7,83,3935.6,1.51
25.6,126.2,75,3808.1,2.11
24.7,165.9,84,4230.2,0.13
29.1,101.2,80,4483.0,0.0
28.1,108.8,68,4763.3,0.0
26.4,164.5,71,3956.5,1.41
26.6,124.5,75,3575.6,3.2
25.2,175.1,84,3505.8,3.53
24.1,130.4,81,4766.8,0.0
26.1,163.7,83,4817.2,0.0
24.9,120.7,74,3651.5,2.85
26.5,104.9,79,3515.3,3.49
29.0,170.5,70,4700.4,0.0
24.7,174.2,77,4461.1,0.0
24.6,156.6,67,4334.2,0.0
29.4,161.6,72,4299.8,0.0
28.5,100.6,71,4660.6,0.0
24.3,160.3,69,3940.0,1.49
24.5,137.8,82,4083.7,0.81
28.1,136.2,80,3616.8,3.01
26.2,143.2,73,4349.2,0.0
28.3,121.7,75,4941.2,0.0
26.4,155.7,83,3925.8,1.56
29.8,123.6,78,4893.9,0.0
28.2,144.7,71,4593.8,0.0
24.3,111.0,76,3850.8,1.91
26.0,154.0,83,4494.3,0.0
27.4,115.2,72,4049.4,0.98
24.9,113.6,69,3683.5,2.69
24.0,101.9,70,3639.1,2.9
24.5,109.7,75,3525.8,3.44
27.1,118.6,67,4696.7,0.0
27.8,117.8,75,4827.3,0.0
24.6,126.2,76,4223.8,0.16
28.0,104.4,65,4279.9,0.0
27.7,174.8,68,4537.4,0.0
29.6,109.5,84,4551.4,0.0
29.0,156.2,65,3986.2,1.27
29.7,142.8,70,3738.8,2.44
29.8,144.2,66,4145.6,0.52
26.6,108.4,77,4545.5,0.0
26.9,119.5,80,4706.3,0.0
25.7,162.4,75,3633.7,2.93
27.1,137.1,78,4382.5,0.0
24.9,136.6,70,3581.1,3.18
28.0,143.7,80,4737.2,0.0
24.1,134.7,81,4500.2,0.0
25.4,164.5,74,4544.9,0.0
25.2,159.9,77,4642.6,0.0
29.6,125.4,77,4243.5,0.06
24.9,165.0,66,3948.3,1.45
29.3,141.5,65,4678.5,0.0
24.7,150.2,65,4666.1,0.0
27.9,169.3,71,3702.4,2.61
25.9,138.1,77,4854.1,0.0
25.9,160.5,81,3831.8,2.0
30.0,150.2,73,3959.7,1.4
25.4,134.1,77,3823.9,2.04
25.2,163.1,80,4948.4,0.0
27.5,108.4,69,3949.2,1.45
28.4,146.5,71,4957.1,0.0
29.9,103.7,65,4456.9,0.0
28.2,112.5,72,3764.8,2.31
27.4,147.9,70,4330.8,0.0
26.5,124.6,76,4823.4,0.0
27.6,121.0,66,4342.5,0.0
27.6,176.5,65,3698.9,2.62
25.3,129.3,79,3930.4,1.54
28.0,145.2,81,3837.2,1.97
25.2,142.7,84,3688.8,2.67
26.9,105.0,67,3990.9,1.25
25.6,153.9,70,4491.6,0.0
25.9,141.0,80,4073.8,0.86
27.7,130.5,74,4165.7,0.43
24.4,105.3,77,3981.0,1.3
24.1,123.4,72,4991.7,0.0
24.8,170.7,81,4379.3,0.0
25.0,113.9,71,4750.8,0.0
25.2,117.5,69,4162.0,0.45
28.6,116.4,72,3753.0,2.37
26.7,171.3,65,4770.2,0.0
26.8,156.0,66,4645.2,0.0
27.9,170.5,68,3994.7,1.23
28.4,173.1,65,4409.6,0.0
24.0,174.2,74,3640.2,2.9
29.1,138.9,67,3539.5,3.37
29.9,138.1,66,4723.6,0.0
24.7,166.3,71,4912.9,0.0
27.9,126.6,66,4016.1,1.13
24.0,101.8,70,4396.4,0.0
24.3,126.5,72,4575.9,0.0
25.7,157.3,67,4619.1,0.0
29.1,109.9,83,4221.6,0.17
27.9,162.8,73,4419.9,0.0
26.7,165.2,65,4485.6,0.0
26.6,108.1,72,3654.9,2.83
26.8,107.8,70,4467.7,0.0
25.9,115.9,66,4266.3,0.0
29.3,128.5,78,4067.7,0.89
27.4,142.6,65,3892.6,1.71
26.9,138.8,71,4456.9,0.0
26.8,168.3,75,3750.1,2.38
29.6,111.4,80,4716.3,0.0
28.3,155.8,66,3757.7,2.35
24.9,143.9,82,4657.4,0.0
26.6,158.9,83,4726.1,0.0
25.7,127.4,74,4909.5,0.0
29.9,137.7,68,4194.9,0.29
26.5,102.3,67,3595.5,3.11
24.4,109.3,77,4516.5,0.0
26.5,130.0,70,3923.9,1.57
25.9,138.5,74,3639.1,2.9
27.6,106.9,72,4783.6,0.0
25.4,166.0,74,3709.6,2.57
24.2,175.7,66,4259.6,0.0
24.6,147.7,84,4682.8,0.0
25.7,104.3,79,3798.6,2.15
26.1,159.1,65,4845.0,0.0
29.0,117.4,75,3997.4,1.22
25.6,158.7,65,4094.6,0.76
24.2,134.7,80,3697.2,2.63
28.7,104.3,76,4466.7,0.0
29.2,122.3,76,4243.0,0.07
27.0,134.2,83,4961.2,0.0
25.7,158.9,77,4547.5,0.0
28.6,110.6,72,4638.5,0.0
24.1,123.0,66,3798.6,2.15
29.5,106.7,83,4569.2,0.0
29.2,149.3,78,4336.1,0.0
27.3,137.9,65,4105.7,0.71
25.7,174.3,73,4674.0,0.0
24.2,159.2,83,4967.8,0.0
30.0,162.2,78,3642.2,2.89
28.6,113.2,68,4683.3,0.0
26.0,121.3,66,4879.2,0.0
24.1,141.1,74,3972.8,1.34
27.8,101.1,79,4044.5,1.0
29.9,169.6,65,4692.2,0.0
28.2,162.2,75,4930.5,0.0
24.5,104.6,80,4908.4,0.0
26.4,167.9,77,3583.4,3.17
24.7,100.4,72,4807.1,0.0
29.5,109.1,73,4379.7,0.0
26.0,104.4,79,4131.7,0.59
28.4,138.3,69,4768.3,0.0
24.5,162.7,84,4700.7,0.0
24.8,114.3,82,4264.0,0.0
28.1,161.7,66,4116.1,0.66
29.1,114.8,69,4208.7,0.23
25.2,179.2,84,3977.5,1.31
26.5,168.3,80,4520.8,0.0
27.7,159.0,80,4838.1,0.0
28.8,147.3,68,3875.8,1.79
27.8,119.4,84,4738.3,0.0
24.6,109.5,75,4041.1,1.01
27.3,136.8,84,3697.7,2.63
29.3,132.2,80,3560.7,3.27
29.2,154.0,76,4219.0,0.18
27.5,113.6,70,4352.5,0.0
30.0,145.0,80,3509.1,3.51
24.6,155.5,83,4478.9,0.0
26.9,123.9,75,4277.8,0.0
28.7,162.4,76,4996.1,0.0
24.8,134.5,68,3656.8,2.82
29.8,113.0,77,4557.5,0.0
26.1,115.6,66,3825.5,2.03
26.1,122.3,83,3809.5,2.1
25.3,112.7,75,3528.1,3.43
25.7,145.0,65,3509.8,3.51
27.5,175.9,73,3779.9,2.24
26.6,171.7,74,3763.3,2.32
25.2,125.9,67,3500.7,3.55
28.9,169.2,72,4575.7,0.0
24.4,176.3,80,4255.5,0.01
29.0,123.5,68,4094.2,0.77
25.6,172.4,75,3655.7,2.83
27.0,179.8,72,4000.8,1.2
26.3,163.8,71,4205.9,0.24
27.4,131.2,84,4997.1,0.0
28.8,148.7,79,4265.9,0.0
29.9,129.1,72,3529.3,3.42
25.8,179.7,74,3811.6,2.09
27.3,105.4,83,4031.8,1.06
26.8,171.4,69,4183.9,0.34
30.0,106.0,67,4511.4,0.0
28.9,103.4,71,4385.9,0.0
26.4,175.2,70,4263.9,0.0
26.9,169.4,81,4756.8,0.0
25.5,128.9,74,3794.4,2.17
28.5,176.6,84,3616.8,3.01
29.1,168.9,79,4757.3,0.0
29.8,172.2,66,4193.2,0.3
27.4,147.6,65,4330.0,0.0
28.0,176.7,76,4756.1,0.0
26.7,164.8,77,4918.7,0.0
27.7,175.2,76,4328.0,0.0
26.1,122.5,76,4718.4,0.0
28.4,142.6,71,4317.2,0.0
24.1,169.4,71,3550.0,3.32
24.2,146.4,70,4933.8,0.0
28.3,164.1,77,4726.7,0.0
29.6,177.8,73,4630.1,0.0
27.8,164.4,80,4162.7,0.44
28.4,125.2,66,4913.8,0.0
28.9,109.5,75,4234.8,0.1
26.2,121.8,67,4581.2,0.0
24.6,153.0,73,3650.9,2.85
29.6,100.9,76,3828.3,2.01
29.6,115.2,66,4136.3,0.57
26.7,126.2,83,4371.9,0.0
25.3,170.0,70,4708.3,0.0
29.4,104.1,82,3861.3,1.86
28.3,104.0,77,4661.5,0.0
24.0,144.1,78,4835.0,0.0
24.6,114.2,72,4727.7,0.0
29.9,119.4,73,4433.6,0.0
24.2,114.7,77,4715.0,0.0
25.7,146.5,81,4816.3,0.0
27.3,104.4,70,4332.7,0.0
25.1,175.2,84,4715.2,0.0
25.4,109.9,74,4131.7,0.59
26.1,176.1,75,4283.7,0.0
25.6,162.3,74,3578.9,3.19
28.8,166.2,70,4825.2,0.0
27.0,113.8,70,3710.6,2.57
25.7,153.6,79,3914.3,1.61
25.9,165.4,71,3976.2,1.32
24.2,144.6,76,3673.9,2.74
24.3,144.1,84,4882.6,0.0
28.3,112.8,73,4955.1,0.0
24.7,133.1,65,4797.8,0.0
26.9,112.0,80,4019.5,1.12
29.1,177.8,82,3582.9,3.17
26.2,154.8,71,3774.3,2.27
26.1,103.9,82,4658.1,0.0
29.2,138.1,72,3929.0,1.54
29.2,151.0,79,4838.9,0.0
29.3,107.7,70,4752.7,0.0
27.4,153.2,76,3855.4,1.89
29.7,114.2,79,4540.2,0.0
28.9,132.6,79,4163.4,0.44
26.5,150.0,74,3822.4,2.04
27.8,129.2,73,4385.2,0.0
24.7,130.5,78,4756.0,0.0
27.3,167.5,78,4890.2,0.0
25.6,124.7,81,3588.1,3.14
25.7,152.4,75,4128.1,0.61
24.8,167.9,70,4406.6,0.0
26.1,112.2,76,4007.0,1.18
26.9,103.7,81,3976.5,1.32
27.6,166.0,69,4657.9,0.0
25.8,144.1,70,4673.8,0.0
28.8,166.2,67,4593.4,0.0
27.1,117.0,65,4847.8,0.0
27.8,166.6,82,4242.1,0.07
25.7,107.6,78,4681.7,0.0
28.9,170.7,76,3516.8,3.48
27.7,165.8,76,4981.1,0.0
29.2,145.4,75,4878.8,0.0
25.0,148.7,83,4762.0,0.0
26.3,127.7,67,4381.6,0.0
24.7,116.1,66,4316.2,0.0
25.3,136.4,71,3725.2,2.5
26.4,152.6,76,3580.9,3.18
29.4,179.9,83,3883.8,1.75
27.3,165.4,77,3726.5,2.49
26.0,134.7,83,4341.2,0.0
28.5,159.5,68,3998.8,1.21
24.1,108.6,76,4081.8,0.82
26.2,133.2,68,3539.6,3.37
27.6,134.0,77,4322.9,0.0
27.5,179.9,84,4484.2,0.0
27.6,131.3,71,4001.6,1.2
25.3,106.7,70,3696.9,2.63
26.0,105.4,76,4555.6,0.0
29.6,155.9,76,3693.5,2.65
29.8,123.1,80,4725.3,0.0
25.9,169.5,77,4319.0,0.0
27.9,138.6,81,3856.2,1.88
25.4,126.4,72,4848.1,0.0
26.2,160.7,65,3712.7,2.56
28.8,133.4,76,4401.8,0.0
27.0,159.0,84,4426.3,0.0
29.1,157.1,71,3556.0,3.29
27.8,157.9,76,4414.6,0.0
27.8,168.6,83,4541.3,0.0
24.2,167.9,77,4865.2,0.0
28.5,153.2,74,4563.4,0.0
29.9,176.6,66,4226.6,0.14
26.8,101.7,67,4780.0,0.0
25.0,174.4,76,4030.7,1.06
29.9,111.9,69,4783.3,0.0
25.7,116.9,69,4766.0,0.0
26.5,165.4,69,4405.5,0.0
24.5,132.0,71,4016.9,1.13
24.7,134.0,72,4386.8,0.0
25.3,120.9,83,4858.8,0.0
27.3,118.0,80,4454.8,0.0
27.3,108.5,74,4760.0,0.0
27.6,115.7,77,4016.9,1.13
27.5,145.3,66,3938.5,1.5
27.0,156.5,68,3883.8,1.75
28.8,159.1,66,4236.9,0.1
29.6,129.6,67,4148.0,0.51
25.6,173.8,74,4781.3,0.0
24.8,126.3,75,3668.9,2.76
26.6,108.9,67,4331.1,0.0
24.2,175.6,69,4105.1,0.71
29.3,143.3,84,4906.4,0.0
25.4,177.7,70,4682.6,0.0
27.3,131.5,77,4150.0,0.5
24.7,160.6,69,4460.9,0.0
27.3,108.8,67,4618.4,0.0
24.2,168.3,84,3606.7,3.06
28.6,113.7,76,4510.6,0.0
29.7,105.5,67,3709.2,2.57
25.8,107.8,83,3783.4,2.23
25.5,144.6,79,4191.8,0.31
26.7,123.3,74,4969.2,0.0
27.7,176.9,70,4928.2,0.0
25.1,168.2,80,4853.4,0.0
28.8,164.3,79,3551.5,3.32
25.2,164.8,66,4779.3,0.0
24.0,171.3,81,4664.2,0.0
27.1,169.2,80,4248.2,0.04
24.7,174.3,67,3988.1,1.26
28.2,174.7,83,4633.4,0.0
25.0,123.9,68,3660.5,2.8
28.9,117.6,84,4475.7,0.0
26.8,151.4,69,4507.8,0.0
27.4,109.9,77,4330.5,0.0
25.1,116.9,84,4816.7,0.0
24.9,161.8,66,3994.8,1.23
27.8,151.9,76,4217.2,0.19
25.5,152.1,81,4638.0,0.0
26.3,176.1,74,4575.0,0.0
26.9,153.4,73,4343.7,0.0
25.4,134.5,73,3908.2,1.64
28.8,122.4,81,3941.4,1.48
29.6,127.1,73,4611.8,0.0
26.6,122.2,78,3508.6,3.52
29.5,102.8,81,4479.1,0.0
29.3,120.9,81,3872.4,1.81
25.0,166.8,66,4509.5,0.0
25.0,158.3,79,3780.4,2.24
26.9,149.7,75,4064.7,0.9
27.2,172.2,69,4630.7,0.0
26.0,121.1,73,4632.8,0.0
25.9,146.2,73,3814.5,2.08
26.6,102.5,78,4064.4,0.91
28.1,171.4,72,4253.8,0.02
24.5,135.8,75,4381.0,0.0
28.3,114.2,76,4613.7,0.0
29.6,119.1,71,3535.5,3.39
28.6,167.9,67,3673.0,2.74
25.2,108.7,67,3736.6,2.45
24.5,174.0,78,3786.0,2.21
26.9,129.9,68,3545.4,3.34
29.7,120.1,78,4880.7,0.0
28.9,126.5,78,3743.3,2.41
27.4,132.7,67,3610.5,3.04
24.9,143.8,77,4207.6,0.23
28.3,146.9,72,4911.8,0.0
28.9,135.8,70,4946.6,0.0
29.6,135.7,66,4514.6,0.0
27.7,122.8,70,3767.5,2.3
27.1,130.7,84,3505.7,3.53
27.7,137.4,78,4002.5,1.2
29.7,147.8,71,3688.2,2.67
27.8,110.5,81,4632.6,0.0
25.5,161.1,67,4953.7,0.0
27.8,154.4,78,3625.6,2.97
29.3,123.9,65,4095.4,0.76
27.4,136.7,76,4853.7,0.0
27.0,175.8,67,4592.4,0.0
28.4,101.6,83,4804.7,0.0
28.0,164.9,76,4884.5,0.0
24.3,140.9,78,4118.9,0.65
28.4,149.5,65,4540.5,0.0
26.4,154.8,69,4564.0,0.0
29.6,136.5,71,4446.2,0.0
29.8,115.3,84,3988.7,1.26
26.7,172.8,83,4748.3,0.0
29.8,159.2,70,4653.3,0.0
25.9,144.8,82,4167.8,0.42
28.1,135.9,70,4131.5,0.59
24.5,139.9,75,3516.2,3.48
24.9,165.9,67,4765.2,0.0
29.2,101.0,73,3926.0,1.56
29.4,169.2,67,4206.2,0.24
27.2,103.7,70,4117.0,0.66
26.0,149.3,73,4517.2,0.0
26.7,126.6,72,4085.2,0.81
29.2,154.3,66,3769.6,2.29
25.3,106.8,83,4802.9,0.0
25.8,144.5,80,3775.3,2.26
28.7,168.4,69,3542.6,3.36
29.6,139.6,74,3794.4,2.17
24.6,106.7,84,4182.7,0.35
28.8,103.0,76,4134.8,0.57
27.9,149.7,76,4694.5,0.0
25.4,105.6,70,3792.4,2.18
28.5,105.7,78,4663.4,0.0
28.4,134.0,71,3644.6,2.88
24.9,116.8,65,4210.5,0.22
27.0,116.3,78,4798.0,0.0
28.5,138.5,79,4119.4,0.65
25.1,122.5,77,4944.9,0.0
26.8,117.5,65,4446.6,0.0
24.7,141.2,84,4635.0,0.0
25.8,123.3,83,4264.8,0.0
25.3,106.4,83,4144.6,0.53
27.0,154.6,70,3627.0,2.96
24.8,146.8,69,3679.9,2.71
26.3,117.0,81,4357.6,0.0
25.7,146.6,79,4420.5,0.0
28.5,176.4,71,4977.1,0.0
28.2,176.5,81,4786.6,0.0
24.6,142.6,76,4766.7,0.0
29.7,107.8,71,3929.9,1.54
28.5,136.7,77,4117.7,0.66
27.7,102.2,72,3653.2,2.84
26.9,133.2,68,4372.3,0.0
25.1,172.8,72,3604.3,3.07
29.8,137.4,80,4170.2,0.41
24.0,144.0,80,4349.3,0.0
28.2,112.6,75,3842.3,1.95
27.0,101.3,73,4663.2,0.0
29.4,179.5,75,4512.3,0.0
26.3,127.1,69,3721.8,2.52
27.1,122.3,74,4975.5,0.0
28.5,145.7,70,4313.1,0.0
24.3,159.6,80,3539.6,3.37
24.3,120.1,76,4025.2,1.09
25.3,141.9,72,4969.0,0.0
24.9,126.6,77,4853.5,0.0
24.0,138.5,77,3726.7,2.49
27.7,112.9,80,4782.5,0.0
28.8,140.8,75,4427.6,0.0
29.7,103.8,72,3532.6,3.4
26.6,167.2,77,4636.1,0.0
25.7,150.2,65,4119.3,0.65
29.2,175.3,84,4094.2,0.77
29.1,148.0,84,4074.2,0.86
27.7,114.6,83,4394.8,0.0
25.6,138.7,68,4571.3,0.0
29.5,153.2,66,4471.5,0.0
25.1,129.9,83,3862.6,1.85
24.3,144.2,83,4560.2,0.0
28.8,113.0,74,3703.3,2.6
27.4,162.2,81,4957.0,0.0
25.5,172.8,84,4210.4,0.22
28.0,125.2,72,3637.0,2.91
28.6,163.5,73,4364.9,0.0
29.1,107.4,82,4365.5,0.0
25.7,119.7,66,3558.2,3.28
24.2,136.9,82,3516.3,3.48
27.1,130.9,72,4994.2,0.0
29.1,149.6,66,4085.1,0.81
25.2,145.0,80,3868.2,1.83
26.5,107.0,69,4321.6,0.0
25.5,110.5,74,3512.5,3.5
24.1,104.1,73,3519.3,3.47
29.4,176.2,66,3669.2,2.76
24.8,151.6,80,4703.8,0.0
28.6,168.4,80,3872.4,1.81
26.1,143.3,81,4255.2,0.01
25.7,115.5,66,3835.4,1.98
29.6,150.1,69,4317.2,0.0
27.9,140.4,72,4263.2,0.0
28.1,132.7,66,4101.1,0.73
28.6,129.7,76,4149.8,0.5
26.0,152.0,77,4480.1,0.0
27.4,149.4,80,4763.2,0.0
25.6,112.1,69,3979.1,1.31
29.0,165.3,76,4298.2,0.0
27.6,150.9,79,4781.3,0.0
25.5,142.9,66,3751.9,2.37
29.4,159.9,76,4969.3,0.0
27.5,112.3,74,4625.9,0.0
27.0,173.6,72,4049.2,0.98
24.2,121.6,75,4062.8,0.91
29.5,121.0,76,3808.0,2.11
29.7,165.2,81,3901.9,1.67
27.4,126.7,71,4380.6,0.0
26.7,166.5,79,3505.6,3.53
26.2,126.2,83,3534.7,3.39
25.6,144.1,66,4979.7,0.0
27.4,118.5,70,3853.3,1.9
24.8,158.5,66,4744.3,0.0
29.5,113.4,78,4418.6,0.0
25.1,172.0,72,4169.0,0.41
28.5,129.7,80,4598.3,0.0
25.8,137.7,83,3575.0,3.2
25.4,101.9,82,4634.1,0.0
27.3,178.1,77,4785.5,0.0
28.6,165.1,70,3920.3,1.58
28.4,135.8,68,3952.4,1.43
25.4,173.6,74,3654.5,2.83
26.0,174.5,79,4783.8,0.0
29.2,142.6,76,4711.9,0.0
28.3,118.7,84,4137.8,0.56
28.3,139.0,76,4066.6,0.9
25.6,126.0,71,4141.3,0.54
28.8,135.8,70,4130.5,0.59
26.2,172.9,69,4144.4,0.53
26.4,122.5,83,3718.6,2.53
25.7,167.1,78,3520.2,3.46
24.7,174.8,65,4643.6,0.0
26.5,164.4,75,4015.6,1.13
24.1,142.2,68,4236.3,0.1
26.7,145.1,78,3961.2,1.39
28.4,165.6,82,4072.5,0.87
29.8,103.6,70,3612.3,3.03
24.5,158.9,69,4055.4,0.95
25.7,142.3,81,4194.7,0.29
27.0,131.8,71,4749.3,0.0
25.0,161.4,75,3983.3,1.29
24.7,121.3,78,3632.8,2.93
26.7,171.6,66,4638.8,0.0
27.5,155.1,81,4063.5,0.91
28.9,148.8,66,4873.0,0.0
30.0,141.8,79,4938.6,0.0
28.6,117.0,71,4807.8,0.0
25.3,149.4,67,3840.0,1.96
28.5,158.0,70,3880.7,1.77
27.2,100.9,73,4691.2,0.0
26.7,129.3,74,4169.2,0.41
29.6,166.6,72,3946.7,1.46
28.2,150.6,71,3940.9,1.49
28.1,149.2,65,4366.2,0.0
24.1,118.3,74,4842.5,0.0
29.2,150.6,82,4428.4,0.0
28.8,162.9,80,4430.4,0.0
25.8,132.1,68,4620.4,0.0
25.8,114.6,73,4640.5,0.0
24.3,106.2,82,4864.2,0.0
24.3,140.5,75,3743.2,2.41
28.0,154.7,76,4976.9,0.0
25.1,113.0,72,3993.2,1.24
29.5,133.7,65,3922.4,1.57
29.1,145.5,72,4264.7,0.0
26.1,112.5,69,3896.5,1.69
26.3,121.6,65,3849.4,1.92
26.0,148.7,67,4950.2,0.0
24.6,158.0,77,3656.0,2.82
24.2,150.9,80,4984.9,0.0
26.7,157.1,76,4433.7,0.0
29.7,146.5,71,4937.9,0.0
29.5,166.9,72,4846.1,0.0
28.9,166.1,75,4472.6,0.0
27.8,163.7,77,4384.8,0.0
29.1,146.0,75,4988.9,0.0
27.1,179.5,68,4272.8,0.0
25.1,103.1,70,3768.1,2.3
28.1,115.7,83,4989.4,0.0
29.5,164.7,72,3985.3,1.28
24.1,166.1,70,3631.1,2.94
25.5,165.5,81,4575.3,0.0
25.6,169.8,82,4169.1,0.41
24.6,133.8,67,4082.0,0.82
25.4,174.5,76,4447.4,0.0
26.3,116.7,79,3579.3,3.18
29.6,175.0,71,4547.3,0.0
29.2,144.5,77,4255.2,0.01
29.7,113.1,74,4235.4,0.1
24.7,158.9,83,4850.1,0.0
24.2,123.7,73,4746.8,0.0
24.7,117.6,76,4297.4,0.0
29.5,113.8,75,4367.5,0.0
24.9,102.4,72,4710.4,0.0
27.4,161.2,73,4116.9,0.66
25.4,138.9,68,4506.9,0.0
24.1,178.3,84,4311.2,0.0
24.5,135.1,69,4249.4,0.04
28.3,167.5,71,4977.1,0.0
25.1,177.4,73,3526.3,3.43
25.4,101.8,68,4121.9,0.64
26.3,108.4,76,4895.3,0.0
27.9,127.8,76,4892.2,0.0
26.8,169.6,70,4621.6,0.0
29.7,167.0,77,4387.9,0.0
26.6,129.3,73,4536.3,0.0
25.2,116.0,73,3879.4,1.77
27.2,164.2,67,4232.6,0.12
26.7,147.8,77,4304.1,0.0
28.7,102.5,70,3595.6,3.11
29.6,164.3,82,4799.3,0.0
29.0,176.6,78,4185.0,0.34
26.3,103.4,66,4848.4,0.0
25.3,122.9,70,4084.9,0.81
29.5,165.6,84,4113.3,0.68
26.3,146.8,71,3866.3,1.84
28.6,179.1,72,4466.5,0.0
29.9,173.2,74,4322.7,0.0
27.5,114.3,77,4869.5,0.0
26.9,153.9,65,4143.9,0.53
28.2,152.3,69,4472.1,0.0
25.2,108.9,66,4561.3,0.0
26.9,107.2,68,3979.8,1.3
25.9,145.6,76,4821.2,0.0
25.0,132.2,69,4071.3,0.87
27.7,143.6,79,4456.0,0.0
27.5,119.1,74,4423.8,0.0
28.6,144.5,81,4132.1,0.59
29.2,130.7,78,3775.0,2.27
25.3,171.0,71,4388.7,0.0
28.7,124.5,66,4063.3,0.91
26.2,169.7,67,4068.6,0.89
27.8,131.2,68,4239.4,0.08
29.1,146.3,80,4515.9,0.0
25.5,122.9,80,4594.4,0.0
27.6,164.7,67,4140.6,0.55
26.9,167.5,81,3679.8,2.71
28.7,164.7,81,4687.6,0.0
28.2,151.2,84,4504.1,0.0
28.6,124.4,71,4701.0,0.0
25.7,150.9,72,3973.8,1.33
28.2,176.8,83,4863.7,0.0
27.6,151.9,71,3894.1,1.71
26.7,176.5,65,3934.6,1.52
26.3,124.4,80,4304.6,0.0
26.0,167.7,82,4996.0,0.0
24.1,157.5,72,3803.2,2.13
25.0,165.5,71,4757.8,0.0
24.4,156.9,74,3503.5,3.54
29.1,138.4,66,3856.3,1.88
29.2,154.9,79,4019.2,1.12
29.1,174.6,78,4472.9,0.0
28.9,133.4,66,3670.6,2.76
25.3,176.1,71,3693.1,2.65
27.0,104.0,76,3719.5,2.53
29.4,101.1,69,4493.8,0.0
28.6,139.5,70,3672.0,2.75
24.0,167.9,80,4097.3,0.75
26.8,119.8,76,3735.0,2.45
24.1,155.5,73,4073.1,0.86
25.7,143.8,84,4571.1,0.0
26.6,123.3,76,3916.6,1.6
29.4,122.9,74,4426.5,0.0
27.9,105.9,81,3872.8,1.81
26.2,142.9,75,4606.4,0.0
26.9,136.0,82,4665.6,0.0
28.9,123.2,68,3965.6,1.37
25.8,177.6,67,3535.7,3.39
27.7,165.5,83,3693.6,2.65
25.6,142.0,70,4236.4,0.1
26.9,141.7,72,4073.1,0.86
24.1,115.5,71,4018.3,1.12
29.1,151.9,79,4369.0,0.0
24.3,176.3,76,3742.3,2.42
25.3,171.9,79,4185.0,0.34
26.0,106.8,73,3805.1,2.12
27.8,104.2,66,4971.6,0.0
28.3,176.9,84,3572.9,3.21
24.5,116.0,79,3523.7,3.45
24.3,144.0,82,4346.3,0.0
28.8,106.0,77,3593.9,3.12
28.3,167.5,80,4716.5,0.0
29.0,109.4,79,4729.4,0.0
28.1,151.5,75,4148.4,0.51
28.5,104.5,67,4757.6,0.0
26.3,112.5,74,4610.8,0.0
27.5,141.0,81,3703.1,2.6
28.8,103.7,72,4789.4,0.0
25.0,115.6,69,4811.4,0.0
26.5,110.9,72,3984.1,1.28
28.4,103.2,79,4662.5,0.0
27.2,177.7,75,4846.0,0.0
28.1,136.0,73,4618.5,0.0
25.8,168.7,66,3641.0,2.89
24.2,128.7,71,3642.0,2.89
24.2,103.4,80,4973.6,0.0
29.7,155.7,71,4312.0,0.0
29.7,103.1,68,4466.7,0.0
25.3,144.2,69,4868.4,0.0
24.9,111.1,78,3511.2,3.5
24.1,153.7,71,4140.0,0.55
25.4,171.4,77,4349.6,0.0
26.0,176.5,82,3503.2,3.54
25.4,142.2,74,4436.6,0.0
28.8,142.6,66,4776.4,0.0
28.5,103.1,77,3582.4,3.17
24.5,161.6,66,4706.3,0.0
28.2,176.5,79,4966.3,0.0
27.1,135.1,69,4880.4,0.0
24.8,163.5,75,4305.5,0.0
28.4,163.8,70,4790.7,0.0
24.5,162.9,83,4656.0,0.0
25.1,160.7,79,4726.5,0.0
24.9,117.2,68,4097.1,0.75
29.6,160.1,71,4213.4,0.21
28.2,111.6,81,3858.7,1.87
26.5,157.0,74,3577.4,3.19
28.9,100.3,81,4395.8,0.0
25.3,173.5,75,3964.4,1.38
29.6,166.2,80,4254.1,0.01
28.2,154.6,71,4944.0,0.0
27.4,107.6,72,3594.7,3.11
28.8,166.0,80,4810.2,0.0
27.9,170.0,80,3630.1,2.95
29.3,155.0,68,4480.4,0.0
29.0,178.1,71,4014.9,1.14
25.2,107.4,81,3650.2,2.85
25.4,156.7,67,4635.4,0.0
24.4,142.0,81,4547.9,0.0
25.3,111.6,75,4460.4,0.0
26.1,152.7,72,4947.3,0.0
24.2,164.0,83,3535.5,3.39
25.9,113.2,71,4152.0,0.49
28.6,163.5,82,4344.0,0.0
29.0,107.4,79,4036.6,1.04
24.1,147.3,83,4504.2,0.0
24.0,163.9,67,4848.8,0.0
24.9,111.7,80,4545.5,0.0
29.2,145.7,79,4354.1,0.0
26.8,134.0,69,4606.8,0.0
29.9,148.6,78,3664.4,2.78
29.3,133.9,66,4445.0,0.0
29.3,120.1,68,4110.9,0.69
24.8,120.3,84,3978.2,1.31
26.9,169.2,77,4260.7,0.0
30.0,112.5,80,4707.1,0.0
24.9,109.8,76,4118.9,0.65
27.4,107.8,69,4553.7,0.0
26.1,105.9,76,4383.3,0.0
26.3,101.2,72,4874.2,0.0
29.3,112.8,69,4167.3,0.42
27.5,115.4,67,4729.9,0.0
28.6,121.6,77,4763.0,0.0
28.0,109.9,68,4196.3,0.29
27.2,107.5,72,4232.9,0.11
28.8,143.3,68,4000.1,1.21
29.8,157.5,71,4243.3,0.07
29.8,150.4,67,3873.9,1.8
28.7,144.5,68,4787.4,0.0
26.9,135.2,72,3874.9,1.8
25.0,150.7,77,3886.4,1.74
24.3,172.1,77,4843.5,0.0
25.4,150.2,73,4298.2,0.0
26.0,104.9,84,3657.7,2.82
24.8,145.6,84,4018.6,1.12
25.3,141.9,69,4558.1,0.0
24.5,136.2,78,4108.7,0.7
27.1,145.5,69,4134.8,0.57
24.8,153.8,67,4248.0,0.04
28.5,103.0,65,3833.8,1.99
26.0,138.4,74,4136.1,0.57
28.0,165.4,79,3823.0,2.04
29.3,142.5,81,4026.1,1.09
24.5,105.4,76,4298.6,0.0
29.9,162.0,78,4540.6,0.0
27.9,175.3,68,4450.9,0.0
24.3,168.1,75,4363.3,0.0
25.9,129.0,79,4393.3,0.0
29.3,142.8,78,4266.4,0.0
27.6,147.3,82,4421.9,0.0
25.7,157.3,73,4063.3,0.91
29.6,153.3,79,4849.2,0.0
28.7,115.9,67,4385.8,0.0
28.4,167.4,84,4904.9,0.0
29.3,167.9,77,4106.9,0.71
28.6,132.3,66,4091.8,0.78
25.7,110.5,79,4947.5,0.0
27.5,148.7,78,4593.6,0.0
29.1,128.6,71,4278.1,0.0
25.1,159.3,68,4577.8,0.0
25.0,125.3,68,4095.1,0.76
25.0,121.0,74,4638.2,0.0
25.2,169.4,83,3814.4,2.08
24.6,149.3,77,4926.3,0.0
29.0,106.9,70,4191.3,0.31
28.9,155.1,72,3639.4,2.9
24.9,160.2,74,4767.5,0.0
28.2,118.8,81,4841.5,0.0
27.8,177.4,73,4594.9,0.0
25.7,129.8,78,4444.6,0.0
25.4,175.2,84,4892.6,0.0
25.5,123.5,69,4433.1,0.0
28.4,148.7,67,4687.1,0.0
25.9,141.4,73,4206.9,0.24
25.7,179.4,76,4590.8,0.0
24.1,132.7,65,4998.5,0.0
29.4,114.3,75,4073.8,0.86
28.5,166.7,69,4580.2,0.0
26.8,103.4,83,3723.3,2.51
29.7,170.8,68,4452.6,0.0
25.8,108.8,76,3984.3,1.28
28.0,145.8,80,4799.9,0.0
25.8,157.1,80,4039.5,1.02
25.9,126.9,65,4167.7,0.42
29.1,167.6,67,4970.5,0.0
28.7,147.5,84,3823.1,2.04
25.8,131.6,79,4347.1,0.0
24.5,126.0,84,4795.6,0.0
26.1,109.0,81,3972.2,1.34
28.6,151.2,68,3522.9,3.45
24.6,129.1,67,4844.5,0.0
28.0,125.6,75,4429.4,0.0
29.3,176.0,65,3845.6,1.93
25.1,121.8,69,3914.5,1.61
29.2,170.1,68,4699.4,0.0
24.3,178.0,84,4463.1,0.0
28.0,165.8,72,4598.9,0.0
28.7,101.6,75,4365.8,0.0
26.7,169.5,75,4685.1,0.0
25.2,117.1,82,4731.6,0.0
29.5,128.3,74,4080.3,0.83
24.1,179.3,77,4851.4,0.0
27.3,132.4,84,4257.8,0.0
26.2,152.4,80,3740.2,2.43
26.8,124.9,81,3827.7,2.02
27.2,129.6,82,4600.7,0.0
27.2,147.8,67,4066.0,0.9
25.2,175.9,65,3893.7,1.71
28.1,122.6,66,4407.2,0.0
24.1,119.8,70,4673.4,0.0
24.1,102.1,82,3663.8,2.79
26.9,116.2,81,4173.7,0.39
27.3,121.0,78,4657.2,0.0
25.6,105.0,81,4855.4,0.0
27.3,145.1,73,3520.3,3.46
27.1,110.1,83,4484.1,0.0
26.1,140.9,66,4396.1,0.0
27.9,115.1,67,4276.6,0.0
29.7,174.9,80,3740.3,2.43
26.9,124.6,80,4612.7,0.0
28.7,107.4,65,4089.2,0.79
25.5,166.9,83,3851.9,1.9
28.6,132.2,82,4775.0,0.0
27.9,165.6,74,3960.5,1.39
27.8,125.0,81,3797.6,2.16
29.4,140.0,65,3968.1,1.36
25.4,135.6,69,3771.6,2.28
26.2,144.6,68,4665.9,0.0
24.5,132.1,83,3773.1,2.27
28.4,139.7,71,4575.0,0.0
29.1,154.3,72,3743.8,2.41
26.4,133.2,83,3839.5,1.96
26.1,154.8,72,4013.8,1.14
28.0,157.1,73,4925.1,0.0
24.5,159.9,83,4870.7,0.0
25.8,137.7,82,3627.7,2.96
26.2,100.3,78,4003.7,1.19
27.1,160.3,82,4019.5,1.12
26.9,172.7,69,3817.3,2.07
25.3,152.2,65,4153.4,0.49
27.2,142.0,70,4622.0,0.0
29.6,144.8,71,3649.0,2.86
24.2,151.3,69,4507.5,0.0
28.1,179.9,72,3891.1,1.72
27.7,105.0,70,4463.7,0.0
29.5,101.7,65,4522.8,0.0
27.9,177.1,76,4592.2,0.0
27.7,135.2,69,4792.6,0.0
28.6,149.0,69,4849.4,0.0
25.6,160.3,79,4638.7,0.0
27.6,159.4,81,4221.6,0.17
27.1,151.8,69,3566.3,3.25
26.6,137.8,83,4905.7,0.0
24.5,146.1,74,4402.0,0.0
25.8,158.4,67,4301.9,0.0
25.7,168.1,75,3859.2,1.87
28.3,110.2,72,4526.4,0.0
29.5,122.2,77,4992.1,0.0
25.4,131.8,70,3995.0,1.23
24.4,153.2,67,4699.4,0.0
30.0,131.7,83,3936.7,1.51
28.1,119.1,71,4231.6,0.12
29.3,102.7,66,3819.9,2.05
24.9,167.4,83,4269.2,0.0
28.8,133.5,77,4189.0,0.32
28.9,126.3,75,3558.4,3.28
24.9,142.5,73,4072.7,0.87
25.0,109.8,83,3594.1,3.11
25.8,131.8,83,4175.9,0.38
25.3,160.1,78,4970.3,0.0
29.9,158.9,76,3939.5,1.49
26.2,161.8,65,4273.5,0.0
28.6,137.4,65,3695.3,2.64
28.8,129.5,81,3731.0,2.47
26.3,166.5,68,4033.2,1.05
28.1,113.9,77,4234.6,0.11
24.6,158.0,75,4552.1,0.0
26.4,171.0,82,4185.0,0.34
29.8,122.9,76,3536.6,3.39
25.0,115.8,83,3906.4,1.65
26.3,141.0,84,3537.2,3.38
28.7,117.3,65,4876.9,0.0
28.0,169.7,82,3543.6,3.35
27.8,119.6,66,3574.4,3.21
29.1,125.1,75,3947.4,1.46
24.2,171.1,79,4448.5,0.0
28.6,116.4,79,4036.9,1.03
29.3,170.8,70,3592.3,3.12
24.1,116.8,68,4754.4,0.0
27.4,172.9,76,4550.3,0.0
26.1,125.4,75,4094.6,0.76
24.3,119.7,72,4515.4,0.0
26.5,138.2,66,3911.9,1.62
27.9,129.5,80,4291.8,0.0
29.5,116.1,66,4820.8,0.0
27.7,127.1,68,3661.5,2.8
29.1,157.1,66,4770.3,0.0
24.7,166.6,73,4682.8,0.0
25.3,165.7,77,4923.7,0.0
29.8,160.5,84,4270.7,0.0
29.3,100.4,66,3912.4,1.62
25.4,134.1,83,4029.6,1.07
27.7,113.5,72,4459.7,0.0
26.2,105.9,75,3711.2,2.56
26.8,158.9,72,4027.5,1.08
29.2,163.5,80,4589.6,0.0
28.4,165.2,84,4360.6,0.0
25.4,171.2,81,3594.1,3.11
25.9,147.2,79,4245.3,0.06
25.7,179.9,71,4286.3,0.0
28.7,138.7,65,4551.2,0.0
26.9,170.7,78,3516.0,3.48
29.7,109.0,80,4142.6,0.54
28.9,111.9,67,4829.9,0.0
25.3,147.2,82,3537.7,3.38
28.7,109.9,83,4508.6,0.0
27.0,106.0,70,3834.8,1.98
25.5,115.7,73,4081.2,0.83
26.2,163.0,77,4826.2,0.0
29.8,174.2,76,4043.8,1.0
26.9,126.7,79,4318.2,0.0
28.3,178.0,71,3634.5,2.93
26.9,164.8,76,3987.1,1.27
26.2,118.1,81,3712.5,2.56
28.8,146.9,77,4342.3,0.0
29.1,178.5,81,4189.7,0.32
24.4,167.9,72,3896.9,1.69
25.7,129.1,82,4999.4,0.0
27.0,124.5,66,3729.9,2.48
25.9,165.5,81,4738.2,0.0
28.7,143.9,76,3553.6,3.31
24.7,113.1,77,4770.3,0.0
28.8,126.2,79,4215.5,0.2
27.7,152.9,75,4742.3,0.0
25.7,112.3,73,4620.8,0.0
26.1,155.9,72,4359.0,0.0
25.1,156.8,84,4057.3,0.94
25.5,121.7,79,4498.3,0.0
28.3,131.8,81,4748.8,0.0
26.3,174.8,78,4255.0,0.01
28.1,159.9,69,4122.3,0.63
27.1,163.0,80,3714.3,2.55
24.9,141.3,72,4844.4,0.0
27.0,117.1,81,3901.0,1.67
28.5,147.3,75,3685.3,2.69
25.8,161.8,82,3599.3,3.09
27.9,100.3,66,4626.2,0.0
25.2,109.1,65,4512.5,0.0
24.8,137.9,73,3680.7,2.71
26.2,135.0,72,4295.2,0.0
26.3,178.6,66,3729.0,2.48
28.6,107.4,76,4075.4,0.85
26.8,125.9,70,4674.3,0.0
24.5,165.2,66,3841.8,1.95
27.8,149.0,76,3541.6,3.36
26.8,144.9,82,3790.0,2.19
26.0,159.3,69,4100.7,0.73
28.8,103.2,77,3862.5,1.85
24.9,175.8,68,4583.3,0.0
29.5,115.3,72,4683.8,0.0
26.0,106.5,74,3860.8,1.86
26.8,127.1,78,3902.9,1.66
29.6,156.2,84,4340.1,0.0
28.6,118.5,66,4628.8,0.0
24.4,104.0,66,4939.1,0.0
27.5,104.6,68,3950.8,1.44
25.9,120.5,75,4866.6,0.0
27.1,110.8,73,3772.6,2.28
28.5,129.8,82,3561.6,3.27
27.0,113.8,81,4688.7,0.0
24.4,127.5,66,4217.9,0.18
27.2,135.6,71,3615.3,3.02
24.1,159.4,76,3606.7,3.06
26.1,118.2,80,3520.4,3.46
26.9,138.0,74,3959.5,1.4
27.9,165.2,75,4603.0,0.0
27.0,178.9,73,4498.0,0.0
24.9,144.6,68,4999.5,0.0
29.6,134.6,80,4390.9,0.0
27.9,150.5,83,3665.7,2.78
25.9,138.9,84,4967.8,0.0
29.8,113.2,69,4539.5,0.0
29.3,136.8,76,4061.1,0.92
24.9,178.3,74,3870.5,1.82
27.9,151.2,78,3833.3,1.99
27.4,122.7,84,4934.3,0.0
25.2,175.8,84,4129.1,0.6
25.4,131.1,76,4230.2,0.13
27.4,131.2,68,4755.2,0.0
25.9,149.3,84,4945.8,0.0
29.0,145.5,73,3506.6,3.53
24.6,123.2,78,4985.4,0.0
29.5,137.4,69,3613.2,3.03
29.0,126.6,73,4755.3,0.0
28.4,159.0,66,4925.5,0.0
25.6,109.8,76,4341.7,0.0
28.3,160.0,76,4327.6,0.0
26.6,112.9,77,4503.5,0.0
27.8,124.5,75,4029.2,1.07
25.9,126.7,72,3748.7,2.39
29.0,179.2,76,3599.6,3.09
24.2,147.2,73,4821.7,0.0
28.1,162.2,76,4321.0,0.0
29.0,144.4,75,4541.1,0.0
27.9,178.7,83,3998.1,1.22
25.2,114.2,72,4710.5,0.0
25.7,148.4,71,4024.9,1.09
27.1,163.8,78,3544.6,3.35
26.0,150.3,66,4005.4,1.18
24.0,171.8,84,4775.5,0.0
24.2,148.1,76,4813.8,0.0
28.6,166.1,65,4902.1,0.0
24.5,114.1,74,4249.2,0.04
29.6,121.0,65,4934.9,0.0
26.7,135.5,74,4248.8,0.04
28.5,168.1,72,3730.9,2.47
24.8,134.1,77,4253.1,0.02
29.6,150.2,78,4802.9,0.0
24.2,131.7,74,4678.5,0.0
24.3,164.5,65,4151.1,0.5
24.3,116.0,70,3818.8,2.06
24.6,147.5,76,4371.7,0.0
26.9,146.2,84,4896.8,0.0
28.7,132.3,79,3766.2,2.31
25.7,156.4,77,4740.6,0.0
28.5,102.3,79,3721.0,2.52
28.6,167.3,80,4879.4,0.0
29.4,127.8,76,4539.9,0.0
24.9,163.4,84,3663.8,2.79
24.8,124.4,75,3803.6,2.13
24.7,115.0,76,4890.4,0.0
26.2,131.2,66,4261.3,0.0
26.9,163.8,67,4180.2,0.36
26.8,156.3,81,3587.4,3.15
25.5,132.1,78,3626.1,2.96
27.7,175.0,71,4537.5,0.0
26.0,132.7,84,4665.4,0.0
26.2,128.1,78,4800.5,0.0
24.6,111.6,73,4254.2,0.01
27.6,105.6,74,3992.9,1.24
27.9,128.0,75,4438.3,0.0
28.5,107.4,75,4428.3,0.0
29.4,137.0,83,3552.0,3.31
28.6,168.8,77,4908.2,0.0
25.4,138.1,74,4463.8,0.0
25.4,138.4,80,3509.7,3.51
29.5,120.3,74,4939.5,0.0
28.7,113.3,74,4929.0,0.0
28.7,117.8,76,4918.9,0.0
28.3,145.4,65,4833.3,0.0
25.6,147.3,82,3777.0,2.26
29.1,117.6,84,4965.8,0.0
24.9,131.9,75,4642.9,0.0
26.1,145.5,71,4461.1,0.0
26.1,160.8,78,4914.0,0.0
27.4,125.6,72,4071.6,0.87
26.8,121.7,68,4897.1,0.0
26.8,158.4,67,4408.5,0.0
27.3,141.1,74,4368.9,0.0
26.5,168.5,73,4468.9,0.0
25.5,116.9,79,4631.2,0.0
28.0,161.7,72,4167.4,0.42
28.7,113.0,77,4970.9,0.0
26.9,146.8,71,3632.8,2.93
27.9,122.7,77,4870.7,0.0
27.2,108.1,70,4486.1,0.0
24.4,149.3,74,4864.9,0.0
26.5,140.5,83,4053.1,0.96
24.1,138.9,75,4743.5,0.0
28.0,147.4,80,4424.0,0.0
27.0,129.8,84,4746.7,0.0
24.8,153.6,78,3987.5,1.27
27.3,110.5,73,4876.0,0.0
29.4,157.2,80,4886.4,0.0
26.0,146.4,73,4212.2,0.21
29.9,138.9,70,4100.5,0.74
29.8,110.2,70,4362.8,0.0
28.7,122.3,82,3800.3,2.15
28.9,123.6,83,4244.3,0.06
26.5,118.7,81,4845.2,0.0
26.4,176.3,68,4047.8,0.98
29.7,173.3,83,4604.1,0.0
26.2,143.7,75,4434.7,0.0
24.6,116.5,75,3892.1,1.71
24.9,172.9,75,4297.6,0.0
28.3,160.0,83,4778.9,0.0
26.3,103.1,72,4332.4,0.0
25.2,139.3,80,4545.3,0.0
28.9,148.4,72,4663.1,0.0
26.9,105.3,73,3574.1,3.21
27.4,104.0,76,3576.9,3.2
24.9,137.1,76,3672.4,2.75
25.2,100.2,66,3744.5,2.41
24.8,103.7,70,4717.2,0.0
27.1,113.2,68,4153.4,0.49
28.7,172.8,77,3777.9,2.25
28.4,161.3,68,4297.7,0.0
25.6,136.0,73,4645.0,0.0
29.1,138.3,71,3710.1,2.57
24.6,154.9,70,4016.6,1.13
24.7,138.0,82,3791.6,2.19
29.1,105.1,79,4469.6,0.0
25.5,159.1,80,3705.3,2.59
28.2,104.6,65,4671.6,0.0
24.1,138.9,74,3811.7,2.09
24.6,168.9,68,3587.9,3.14
27.7,109.4,68,4866.3,0.0
25.1,156.5,82,3999.8,1.21
24.2,103.7,77,4254.1,0.01
26.8,179.4,65,3651.5,2.85
26.0,154.6,84,4219.2,0.18
28.8,177.5,74,3833.8,1.99
28.9,153.5,65,4760.6,0.0
27.7,119.4,66,4570.6,0.0
25.8,174.1,73,4495.0,0.0
26.8,150.1,65,4671.9,0.0
28.2,146.1,79,3940.6,1.49
24.4,134.3,79,4180.5,0.36
26.0,122.8,66,3629.9,2.95
28.9,142.4,76,3601.7,3.08
26.4,129.3,82,3993.6,1.24
27.7,168.3,74,4734.1,0.0
24.6,102.3,77,4396.5,0.0
28.7,142.4,73,4136.8,0.57
24.6,166.9,67,4950.5,0.0
29.2,102.2,72,4163.3,0.44
24.6,122.6,78,4203.3,0.25
29.3,104.1,80,4988.8,0.0
26.2,147.6,70,3697.0,2.63
27.7,125.3,73,3883.4,1.76
29.1,176.8,68,4180.0,0.36
24.1,149.3,83,4356.9,0.0
25.6,144.9,79,3722.1,2.51
29.5,173.4,75,3993.2,1.24
26.3,117.9,74,3830.4,2.0
28.2,145.0,72,4774.8,0.0
24.8,143.4,67,4751.9,0.0
28.1,106.6,83,3859.8,1.87
24.4,174.6,68,4152.4,0.49
28.3,156.0,77,4477.5,0.0
25.9,171.0,73,3572.2,3.22
26.8,178.6,84,4825.4,0.0
25.0,138.4,77,4266.5,0.0
27.8,164.3,73,3839.8,1.96
26.0,146.2,84,4095.1,0.76
26.3,178.2,83,4852.5,0.0
27.9,119.8,80,3537.2,3.38
25.1,101.1,82,3714.2,2.55
29.1,114.9,83,3789.1,2.2
28.4,110.2,81,3590.2,3.13
27.5,135.0,76,3837.9,1.97
24.8,106.2,75,4725.7,0.0
28.1,117.6,81,4290.6,0.0
24.1,107.7,70,4408.1,0.0
28.8,138.9,79,3733.8,2.46
25.8,121.3,66,3917.5,1.6
24.7,137.7,78,4876.2,0.0
25.0,107.1,67,3815.7,2.07
29.8,141.3,76,4860.1,0.0
28.6,110.4,70,4494.8,0.0
25.4,107.9,69,4254.2,0.01
29.8,124.8,71,3760.9,2.33
24.8,170.0,70,4510.4,0.0
28.4,163.1,83,4829.6,0.0
27.9,176.7,78,3739.7,2.43
28.9,136.8,82,3509.3,3.51
26.3,125.0,78,4610.1,0.0
26.4,177.7,72,4400.7,0.0
27.7,130.5,78,4254.6,0.01
26.4,100.7,83,4184.1,0.34
24.2,165.6,67,4246.4,0.05
28.4,113.5,79,4061.9,0.92
27.8,157.4,80,3623.5,2.98
26.5,101.2,79,4663.6,0.0
25.8,108.9,78,4201.8,0.26
25.9,138.7,79,4737.4,0.0
28.4,105.4,71,4973.3,0.0
28.4,171.1,69,3757.6,2.35
28.9,160.0,73,4690.2,0.0
28.6,126.3,80,4966.3,0.0
28.5,147.8,66,4586.7,0.0
25.5,157.2,71,3869.0,1.82
24.6,160.4,76,4844.7,0.0
28.6,131.7,80,4689.8,0.0
24.6,171.9,68,4174.0,0.39
29.9,175.3,66,4358.9,0.0
29.3,115.7,81,4582.9,0.0
27.2,172.9,81,3686.8,2.68
26.1,157.0,67,4890.5,0.0
27.2,171.1,80,4981.2,0.0
28.4,134.0,69,3995.8,1.23
28.5,152.9,71,4572.6,0.0
24.4,118.8,77,4132.0,0.59
28.8,160.1,73,3541.6,3.36
27.8,146.5,72,4938.1,0.0
24.2,138.5,65,3713.5,2.55
25.9,155.4,68,3612.4,3.03
27.1,144.2,71,4755.8,0.0
25.1,161.2,75,3550.8,3.32
24.9,168.7,72,4531.8,0.0
24.1,164.0,72,4895.1,0.0
29.5,124.6,84,4109.3,0.69
24.3,178.1,75,3602.5,3.08
26.2,152.0,71,3827.4,2.02
25.2,125.9,75,4922.5,0.0
28.4,103.4,82,4198.1,0.28
28.2,179.0,68,4312.0,0.0
28.8,147.9,70,3734.1,2.46
27.7,118.2,71,4877.0,0.0
27.5,139.3,74,4275.7,0.0
26.4,131.8,72,4293.3,0.0
27.8,176.1,68,4364.1,0.0
24.7,139.4,73,4651.1,0.0
28.1,138.8,70,3804.4,2.13
24.6,163.6,81,4913.5,0.0
29.2,131.3,83,3763.1,2.32
27.0,115.7,78,3796.1,2.17
27.2,161.5,65,3518.6,3.47
27.5,172.8,70,3529.5,3.42
28.7,103.7,71,4143.3,0.53
26.9,168.8,65,3774.5,2.27
26.6,135.0,81,3817.9,2.06
25.7,123.1,81,4981.9,0.0
24.8,103.1,71,4894.0,0.0
25.1,116.4,78,3983.7,1.28
24.0,126.6,71,4014.7,1.14
29.2,105.7,77,3938.1,1.5
28.6,115.1,82,4823.3,0.0
25.3,158.9,71,3647.4,2.86
24.0,154.9,66,4376.1,0.0
27.0,161.6,83,3779.5,2.24
26.5,113.2,78,4637.2,0.0
28.7,103.4,65,4447.0,0.0
26.4,137.5,80,4081.8,0.82
29.2,127.4,71,3647.2,2.87
24.6,162.1,80,4651.1,0.0
26.2,143.1,84,3615.6,3.01
29.6,174.5,76,3910.6,1.63
24.1,104.9,69,3880.5,1.77
26.3,129.1,81,4367.8,0.0
25.6,132.4,77,4270.6,0.0
27.2,110.1,78,3919.6,1.59
25.7,146.6,80,4145.6,0.52
29.2,103.2,77,4154.5,0.48
29.6,157.0,82,4360.3,0.0
29.1,103.0,82,4847.4,0.0
26.4,169.9,73,3712.9,2.56
29.9,105.2,65,4336.5,0.0
28.4,136.5,66,3527.6,3.43
26.1,112.4,72,4547.3,0.0
24.6,110.6,77,4460.6,0.0
28.0,157.7,70,4541.0,0.0
28.4,161.9,83,4212.4,0.21
24.7,159.1,83,3780.3,2.24
27.3,132.3,66,4172.1,0.4
29.9,179.3,74,3535.4,3.39
26.0,127.2,69,4072.2,0.87
25.8,119.6,65,4757.9,0.0
29.4,179.7,77,4007.9,1.17
24.7,178.2,76,4387.6,0.0
29.6,147.3,74,3891.7,1.72
28.7,116.7,67,3701.3,2.61
26.3,119.1,79,4281.4,0.0
24.5,141.7,69,3553.6,3.31
24.1,162.1,83,4856.7,0.0
26.3,106.2,83,4665.8,0.0
28.2,155.0,77,4996.9,0.0
26.9,108.2,72,4989.8,0.0
28.4,167.5,72,4593.5,0.0
28.0,142.6,70,4665.0,0.0
27.4,179.2,73,4292.1,0.0
29.8,160.2,78,3827.8,2.02
28.4,139.8,69,4712.6,0.0
29.5,111.3,80,3904.5,1.66
25.5,143.4,78,4475.0,0.0
28.3,109.2,74,4596.3,0.0
27.6,172.4,81,4346.4,0.0
29.5,118.4,80,4494.1,0.0
27.1,169.2,84,3939.4,1.49
25.7,124.3,81,4640.8,0.0
26.3,117.8,80,4915.3,0.0
25.3,124.3,74,4226.0,0.15
25.3,156.6,82,3681.5,2.7
26.8,142.0,70,4429.6,0.0
29.4,108.6,81,4012.1,1.15
25.2,111.0,73,4128.7,0.6
25.7,130.3,72,3727.4,2.49
29.1,127.1,72,4438.7,0.0
26.0,168.1,76,4680.9,0.0
29.8,145.8,82,4649.7,0.0
25.6,114.9,66,4990.8,0.0
26.7,102.3,67,3818.3,2.06
24.6,108.2,75,4871.2,0.0
30.0,156.0,77,4598.9,0.0
29.3,167.8,82,4561.2,0.0
28.9,162.6,75,4525.6,0.0
24.9,163.2,78,4307.5,0.0
29.8,120.9,84,4068.0,0.89
29.6,179.1,68,4915.0,0.0
26.6,106.9,68,3726.6,2.49
28.1,165.7,74,3764.0,2.32
30.0,107.7,66,3525.1,3.44
26.5,121.4,82,4609.1,0.0
24.7,139.6,75,4841.0,0.0
29.2,104.3,69,3779.1,2.25
26.9,131.5,81,3551.6,3.31
29.9,128.0,66,3866.2,1.84
27.3,151.8,67,4825.5,0.0
24.2,157.4,71,3524.3,3.44
27.0,107.2,66,3651.7,2.84
28.3,103.0,66,3537.5,3.38
24.2,162.1,72,4914.7,0.0
26.5,142.2,80,3703.3,2.6
24.9,142.8,67,4850.6,0.0
27.9,178.5,70,4210.2,0.22
29.7,135.0,83,4092.3,0.77
27.7,115.7,77,4139.8,0.55
28.2,154.5,68,4128.0,0.61
26.4,165.3,81,4012.6,1.15
27.4,140.2,73,4716.2,0.0
27.3,155.3,67,4262.0,0.0
28.6,141.1,65,4986.5,0.0
29.1,132.6,65,4276.7,0.0
28.0,102.7,81,4727.7,0.0
29.9,113.9,77,4617.6,0.0
29.0,138.4,69,4101.7,0.73
24.7,131.7,83,4683.0,0.0
27.0,167.4,74,3732.5,2.46
29.4,108.7,73,3805.0,2.12
29.7,104.0,70,4428.3,0.0
26.3,107.0,81,4567.3,0.0
28.4,154.2,71,4465.7,0.0
26.5,147.6,80,4264.2,0.0
24.7,150.6,83,3706.4,2.59
29.3,112.6,69,4059.1,0.93
29.6,141.3,82,4407.3,0.0
27.0,161.4,71,3839.1,1.96
24.1,154.7,69,4456.8,0.0
28.9,135.1,72,3851.4,1.91
26.9,108.3,73,3646.8,2.87
24.5,169.7,84,3986.5,1.27
25.1,142.1,68,3909.1,1.64
24.9,171.2,67,4715.7,0.0
28.1,135.1,76,4225.4,0.15
25.8,119.0,73,3596.1,3.11
24.8,124.6,74,4723.4,0.0
29.5,133.5,75,3903.0,1.66
29.7,149.1,80,4351.8,0.0
24.8,161.5,75,4312.3,0.0
25.4,119.4,72,4957.4,0.0
27.6,115.0,78,3882.4,1.76
24.9,116.2,66,3717.8,2.53
25.0,174.8,68,3887.6,1.74
26.0,113.1,79,4364.7,0.0
29.7,127.7,82,3826.3,2.02
29.8,138.9,75,4010.7,1.16
29.1,144.5,83,4487.1,0.0
28.2,168.6,82,3674.7,2.74
28.3,109.0,73,4918.0,0.0
26.8,108.6,69,4298.5,0.0
27.2,125.3,74,4225.4,0.15
27.8,133.1,81,4044.6,1.0
28.4,129.9,84,3868.5,1.83
24.6,131.4,77,4225.1,0.15
25.3,168.1,68,4229.4,0.13
29.8,166.9,78,3584.2,3.16
26.0,164.4,72,4771.1,0.0
25.6,160.4,79,4731.1,0.0
26.5,103.2,67,4171.7,0.4
25.7,112.0,81,4005.1,1.18
24.5,158.6,79,4248.4,0.04
25.2,147.6,65,3832.2,2.0
27.8,153.9,69,3501.3,3.55
25.3,157.4,72,4031.5,1.06
27.9,172.9,73,3527.0,3.43
24.6,150.8,66,3561.1,3.27
24.3,122.0,69,3544.2,3.35
29.2,106.6,68,4820.1,0.0
28.6,134.6,76,3715.4,2.55
28.0,156.8,83,3881.5,1.76
24.2,122.6,66,4235.4,0.1
25.4,109.6,80,4294.0,0.0
28.9,179.9,66,3683.1,2.7
24.9,133.5,74,4864.3,0.0
28.9,117.3,74,3846.6,1.93
27.5,113.2,81,4913.9,0.0
28.4,169.0,76,3885.3,1.75
27.9,165.6,71,3503.9,3.54
26.5,149.1,73,4957.8,0.0
25.8,143.8,78,4225.6,0.15
28.0,176.1,82,4818.1,0.0
28.8,118.3,74,4601.5,0.0
24.3,133.2,80,3768.5,2.3
26.3,102.0,65,4767.9,0.0
26.1,133.5,73,3576.6,3.2
27.4,130.7,77,4261.3,0.0
24.7,176.0,80,3881.2,1.77
29.6,128.7,80,4042.4,1.01
27.3,166.8,66,4635.5,0.0
29.5,161.3,73,4525.1,0.0
28.9,111.8,77,4160.1,0.46
25.1,177.0,72,3568.9,3.23
24.8,150.5,75,3559.9,3.28
29.2,147.7,81,4553.3,0.0
27.2,100.9,84,4923.2,0.0
24.1,155.9,75,4770.9,0.0
29.6,104.5,75,3683.3,2.7
26.8,114.8,80,3681.8,2.7
25.8,107.9,71,4415.8,0.0
27.1,130.3,65,4486.4,0.0
28.9,163.7,79,4424.7,0.0
24.7,156.6,82,4828.1,0.0
26.2,108.5,78,3846.5,1.93
25.9,163.9,77,3758.4,2.34
29.0,136.9,66,4871.3,0.0
28.7,102.6,84,4583.2,0.0
26.4,117.9,75,4567.6,0.0
28.0,162.8,83,4003.1,1.19
26.4,158.7,70,4441.8,0.0
27.4,115.1,81,4590.1,0.0
29.9,103.0,65,4400.4,0.0
27.2,123.6,84,4604.3,0.0
29.9,163.6,69,4385.1,0.0
28.5,175.1,65,4973.0,0.0
24.7,145.8,77,4238.0,0.09
28.8,107.3,65,3518.7,3.47
25.0,140.2,76,3745.0,2.41
27.2,179.9,73,4946.2,0.0
27.7,175.1,77,4204.3,0.25
29.4,179.5,74,3680.8,2.71
25.3,156.0,80,3733.7,2.46
29.3,134.1,70,3543.4,3.35
29.6,171.5,72,3839.5,1.96
24.5,171.6,71,4980.0,0.0
29.3,111.5,77,3993.2,1.24
25.6,162.0,81,3875.4,1.79
24.5,173.5,76,4501.4,0.0
29.8,171.9,75,4511.3,0.0
26.4,156.5,70,4951.8,0.0
27.7,143.0,79,4594.4,0.0
27.3,162.1,69,3665.0,2.78
25.3,141.3,80,4978.4,0.0
28.0,125.7,75,4625.4,0.0
24.3,120.7,74,3888.8,1.73
25.2,143.3,72,3891.8,1.72
29.7,136.5,69,4940.0,0.0
29.7,142.0,74,3789.0,2.2
26.9,120.9,74,3841.4,1.95
25.0,147.2,65,4038.4,1.03
26.5,153.0,77,4519.2,0.0
29.3,164.5,84,4144.6,0.53
24.4,147.2,82,3966.9,1.36
24.8,160.5,69,3901.4,1.67
29.4,113.6,80,3687.6,2.68
26.5,109.7,70,4319.4,0.0
24.5,114.4,74,3910.1,1.63
24.8,167.7,71,3997.2,1.22
29.3,144.5,84,3511.7,3.5
26.9,136.4,80,4296.9,0.0
25.0,161.0,65,4544.6,0.0
29.4,109.9,71,4891.3,0.0
29.1,100.5,76,3795.7,2.17
24.1,124.9,79,4879.0,0.0
27.5,119.9,66,4041.7,1.01
25.5,124.6,82,4703.6,0.0
27.2,177.9,68,4845.2,0.0
25.7,145.4,77,4942.0,0.0
25.9,147.1,73,3988.2,1.26
27.6,152.5,68,3890.7,1.72
27.2,131.8,73,4159.3,0.46
26.4,178.3,65,4332.0,0.0
24.6,177.9,72,4536.0,0.0
29.8,161.5,65,4537.8,0.0
25.0,116.9,80,3675.0,2.73
27.8,170.4,79,4417.7,0.0
24.5,108.1,79,3751.8,2.37
28.1,150.4,69,4567.1,0.0
24.6,136.6,83,4964.9,0.0
25.4,103.1,75,4656.3,0.0
27.9,172.3,83,4542.1,0.0
25.7,176.9,67,3616.2,3.01
27.2,172.6,68,3776.9,2.26
24.7,115.4,80,4032.9,1.05
25.2,126.6,76,4900.2,0.0
28.4,176.5,71,3996.3,1.23
24.2,108.5,65,4720.7,0.0
24.7,146.7,75,3655.6,2.83
25.3,138.8,79,4493.0,0.0
24.1,112.2,83,4668.7,0.0
24.6,170.9,79,4314.4,0.0
25.7,110.7,73,4650.3,0.0
24.6,147.4,77,4585.5,0.0
29.2,125.5,82,4215.5,0.2
24.4,133.4,81,4798.3,0.0
29.2,116.9,69,4012.4,1.15
28.9,150.0,80,4138.1,0.56
24.6,179.1,71,4309.8,0.0
24.2,166.7,69,3696.0,2.64
24.3,154.7,75,4273.0,0.0
27.5,160.5,80,3986.2,1.27
28.0,167.1,77,3885.0,1.75
27.7,137.8,66,4365.3,0.0
27.2,145.4,76,3994.4,1.23
25.0,171.6,76,4783.3,0.0
29.0,155.7,74,4115.0,0.67
26.0,110.9,77,4119.6,0.65
29.9,162.4,76,4972.9,0.0
26.3,101.8,83,4012.3,1.15
25.6,167.8,81,3697.2,2.63
29.4,163.1,80,4814.9,0.0
27.4,166.5,81,4875.5,0.0
28.3,101.9,70,3839.7,1.96
26.5,177.8,82,4823.1,0.0
29.3,149.1,75,4241.8,0.07
29.5,164.0,76,3565.1,3.25
26.6,145.3,81,4323.2,0.0
25.4,127.2,66,4773.2,0.0
27.9,123.7,77,4095.0,0.76
29.7,105.6,83,4326.5,0.0
27.7,143.4,83,3710.9,2.57
29.7,111.5,68,4763.3,0.0
26.1,145.4,65,3660.3,2.8
29.5,150.0,66,3641.6,2.89
24.7,135.4,82,4900.3,0.0
26.2,112.5,76,4810.2,0.0
27.0,134.6,73,4362.3,0.0
27.9,170.3,69,3659.2,2.81
25.8,136.6,80,4319.0,0.0
29.5,127.4,68,4880.8,0.0
29.4,150.4,84,4418.5,0.0
28.8,149.5,67,3797.4,2.16
24.7,107.2,82,4858.7,0.0
24.5,118.9,72,4798.2,0.0
27.0,139.6,66,4319.9,0.0
28.6,129.3,76,4778.4,0.0
24.7,125.6,65,3584.5,3.16
27.8,135.7,82,4191.8,0.31
27.2,123.2,74,3767.1,2.3
28.4,127.8,72,4756.3,0.0
26.6,161.9,68,4956.8,0.0
28.2,140.8,82,4896.0,0.0
25.0,169.8,67,4255.0,0.01
25.3,175.9,67,4266.5,0.0
29.4,173.8,76,4862.3,0.0
26.0,120.3,83,4582.6,0.0
29.9,137.8,81,3611.9,3.03
24.3,142.8,81,3692.5,2.65
27.0,168.2,68,4927.6,0.0
25.9,144.7,71,4048.8,0.98
30.0,120.2,71,3781.0,2.24
29.9,143.8,71,4603.3,0.0
25.4,103.5,72,4819.5,0.0
25.6,166.7,83,3809.8,2.1
28.5,145.3,73,3877.2,1.78
29.3,152.1,73,4849.9,0.0
28.0,116.1,78,3519.8,3.46
29.2,144.7,82,4861.9,0.0
24.4,142.5,73,3558.9,3.28
27.8,149.6,69,3643.1,2.88
28.2,167.8,72,4793.4,0.0
25.1,161.2,68,3872.6,1.81
28.7,143.7,84,3837.0,1.97
29.7,171.5,78,4766.2,0.0
29.4,128.7,81,4313.3,0.0
25.5,139.4,80,4025.9,1.09
25.9,152.0,73,4571.3,0.0
27.0,135.3,69,4714.6,0.0
25.0,128.9,69,4794.2,0.0
29.7,109.0,70,3679.0,2.72
25.0,150.9,70,4373.8,0.0
28.6,115.4,72,4517.3,0.0
26.0,111.1,80,3674.7,2.74
27.4,114.6,78,4415.2,0.0
24.3,155.1,65,3547.9,3.33
25.2,111.1,80,4012.4,1.15
26.7,178.1,79,3758.0,2.34
28.1,160.7,69,4341.8,0.0
28.7,131.4,73,3786.6,2.21
24.2,147.5,67,4683.7,0.0
24.9,100.6,71,3681.7,2.7
28.4,167.6,71,4636.7,0.0
28.9,121.7,80,3648.4,2.86
25.4,105.8,67,4163.6,0.44
25.4,160.6,79,4547.8,0.0
24.5,126.4,71,3742.2,2.42
24.9,145.4,67,4628.5,0.0
24.0,167.5,80,4930.1,0.0
27.5,162.1,70,4060.1,0.93
29.4,126.9,72,3500.3,3.56
24.9,169.5,80,4215.2,0.2
28.5,131.1,70,4853.7,0.0
27.4,140.0,80,4497.5,0.0
29.6,149.0,66,4554.9,0.0
28.8,105.7,65,4688.7,0.0
29.1,147.8,83,4862.3,0.0
27.8,146.2,78,3687.2,2.68
28.9,169.9,83,4385.3,0.0
26.1,128.3,68,4834.6,0.0
25.3,119.4,66,4663.8,0.0
29.5,138.1,66,3873.4,1.8
28.4,155.0,76,4811.9,0.0
24.5,145.0,75,3941.2,1.48
29.2,111.1,82,4116.3,0.66
26.1,127.8,83,3778.5,2.25
25.8,105.1,81,4827.8,0.0
27.7,159.1,68,3639.5,2.9
27.4,170.6,76,4991.2,0.0
27.2,103.7,67,3993.0,1.24
25.5,142.0,80,4566.2,0.0
29.8,145.3,68,3693.1,2.65
29.7,135.1,70,4231.8,0.12
24.0,140.2,65,3560.2,3.27
26.0,156.8,69,4817.6,0.0
24.3,138.7,74,4169.6,0.41
29.1,173.6,78,4614.1,0.0
29.3,143.3,69,4841.8,0.0
27.1,105.7,74,3602.9,3.07
29.0,176.3,73,4267.2,0.0
28.2,111.7,77,3784.3,2.22
27.0,162.8,81,3603.5,3.07
26.2,142.2,83,4433.0,0.0
25.6,159.3,84,3671.1,2.75
25.6,141.1,65,4237.9,0.09
27.4,104.7,73,3795.4,2.17
25.0,130.0,82,3796.6,2.16
25.0,149.7,69,4284.5,0.0
24.1,150.3,78,4333.1,0.0
27.7,177.8,83,3505.2,3.53
30.0,148.5,79,4251.2,0.03
29.3,122.9,68,4504.6,0.0
28.2,103.5,68,4517.8,0.0
28.7,163.1,82,4774.8,0.0
26.5,171.1,82,4843.0,0.0
25.8,149.1,72,4434.3,0.0
26.2,138.6,66,4222.7,0.16
24.5,168.9,80,3806.2,2.12
27.8,119.2,78,3690.1,2.66
25.0,131.9,65,4413.6,0.0
28.6,140.6,81,4919.9,0.0
25.1,103.9,74,3917.3,1.6
25.4,155.1,80,3649.2,2.86
29.7,115.1,67,4135.8,0.57
24.6,126.7,83,3500.7,3.55
27.0,133.2,75,4330.4,0.0
24.4,151.1,79,3574.2,3.21
24.5,105.2,82,4896.4,0.0
27.8,127.3,84,4804.9,0.0
27.8,121.9,83,3672.4,2.75
25.2,100.1,71,3720.3,2.52
29.2,155.3,70,4930.2,0.0
28.2,118.9,73,4720.3,0.0
25.8,113.3,77,4913.0,0.0
25.5,163.8,72,4001.8,1.2
28.5,103.1,82,3666.4,2.78
28.4,172.0,67,4423.1,0.0
24.9,155.0,65,4950.1,0.0
26.1,113.7,82,3694.9,2.64
25.3,128.0,68,4728.3,0.0
25.8,176.0,82,4039.4,1.02
25.7,149.5,80,3673.3,2.74
29.9,148.7,82,4188.6,0.32
28.5,152.2,67,4233.1,0.11
28.7,137.0,78,3513.6,3.49
25.7,113.4,74,4211.7,0.21
24.0,112.1,69,4471.2,0.0
24.3,155.0,72,4647.0,0.0
27.3,170.7,82,3647.8,2.86
25.7,124.0,69,4814.8,0.0
25.2,140.3,76,3751.6,2.38
24.3,179.4,68,4487.4,0.0
29.3,120.6,76,4328.9,0.0
27.6,131.2,77,4820.0,0.0
24.6,129.1,78,3558.0,3.28
28.6,102.6,78,3787.3,2.21
28.5,140.8,83,3682.9,2.7
25.7,116.7,74,3991.3,1.25
25.1,110.3,73,4008.3,1.17
28.9,156.8,82,3632.9,2.93
26.0,161.3,81,4271.5,0.0
29.1,171.1,69,3674.4,2.74
24.3,174.7,66,3611.5,3.03
27.0,169.5,74,3549.8,3.32
25.1,109.8,65,4893.7,0.0
28.0,117.9,72,4095.1,0.76
30.0,109.8,72,3925.5,1.56
26.5,128.3,70,4223.4,0.16
24.6,109.9,69,3736.5,2.45
25.9,152.3,82,4109.2,0.7
29.3,157.3,71,3785.8,2.21
28.6,112.8,68,3956.6,1.41
25.4,149.7,65,4886.3,0.0
29.7,101.8,66,3723.0,2.51
27.7,134.7,83,4210.8,0.22
25.0,122.8,67,4491.3,0.0
27.4,179.9,65,4877.0,0.0
26.7,173.8,77,4884.5,0.0
28.9,111.8,72,3870.9,1.81
26.1,173.4,76,4914.7,0.0
29.2,133.5,72,3997.1,1.22
28.9,146.1,71,4842.4,0.0
28.0,142.7,72,3639.8,2.9
25.6,158.1,79,3797.5,2.16
29.8,126.8,71,3618.5,3.0
27.3,105.6,76,3948.5,1.45
29.4,133.4,82,4810.8,0.0
25.3,143.6,68,3738.9,2.43
29.9,144.4,70,3837.3,1.97
28.9,163.4,75,3824.3,2.03
29.7,103.5,74,3912.0,1.62
25.3,179.0,83,3528.0,3.43
26.6,179.2,82,4135.8,0.57
24.6,107.9,76,4964.4,0.0
24.8,127.5,81,4172.1,0.4
25.7,147.2,84,4720.0,0.0
29.7,129.9,66,4357.1,0.0
28.0,139.0,83,3522.3,3.45
25.9,126.1,76,4378.3,0.0
29.7,157.0,75,4919.8,0.0
28.4,129.1,79,4330.3,0.0
29.4,134.4,75,4291.9,0.0
29.6,146.1,75,4505.3,0.0
28.5,177.5,74,4806.3,0.0
25.5,151.3,83,4347.1,0.0
30.0,107.8,67,4109.7,0.69
26.0,125.5,68,3555.6,3.3
28.0,133.6,67,3666.6,2.77
29.1,159.2,79,4473.1,0.0
25.1,135.8,70,4428.4,0.0
27.7,152.7,73,3858.5,1.87
26.3,167.2,72,4578.4,0.0
25.5,108.3,66,3919.5,1.59
24.1,161.3,83,3957.5,1.41
29.2,159.6,79,3592.1,3.12
24.8,165.6,72,4325.4,0.0
29.3,176.5,83,3931.5,1.53
27.6,124.8,69,4728.4,0.0
27.7,134.3,76,4702.2,0.0
29.0,121.0,76,3692.7,2.65
27.1,126.2,73,3740.0,2.43
26.1,126.4,82,3981.5,1.29
24.8,169.6,74,4371.3,0.0
27.4,105.0,69,4013.8,1.14
27.3,116.2,79,4025.4,1.09
25.8,148.8,84,3710.1,2.57
27.6,161.2,83,4003.4,1.19
26.6,155.8,74,4205.6,0.24
28.8,103.7,81,4977.1,0.0
27.4,136.3,70,4756.9,0.0
29.6,114.8,73,4689.5,0.0
27.1,179.1,81,4339.7,0.0
29.3,179.9,82,4040.1,1.02
27.1,104.1,78,4785.4,0.0
27.3,153.4,70,4021.1,1.11
26.2,165.0,75,4389.2,0.0
26.4,126.0,83,3885.8,1.74
29.6,155.5,80,4664.6,0.0
25.3,115.0,66,4271.8,0.0
24.7,110.2,71,4842.8,0.0
29.0,174.0,70,4353.4,0.0
27.5,151.4,79,3746.5,2.4
25.7,165.4,77,4989.4,0.0
26.6,142.6,71,4252.9,0.02
27.1,112.4,84,3876.1,1.79
27.6,130.1,67,3993.9,1.24
28.9,170.5,79,3681.9,2.7
26.4,101.2,84,3610.9,3.04
28.1,116.6,67,4175.8,0.38
29.0,120.3,79,4927.8,0.0
29.1,121.0,67,3684.5,2.69
25.5,107.9,79,4854.1,0.0
26.1,167.9,65,4695.1,0.0
27.6,112.8,84,4709.6,0.0
29.3,166.4,75,4564.9,0.0
28.7,128.4,68,4387.8,0.0
27.5,136.6,83,3682.1,2.7
29.9,137.0,74,4363.5,0.0
26.6,157.1,68,4028.0,1.08
29.1,158.5,80,3658.0,2.81
28.9,151.3,65,4705.7,0.0
29.4,161.9,77,4319.8,0.0
29.9,100.7,83,4617.4,0.0
27.0,140.4,78,4219.3,0.18
25.2,141.9,77,4327.6,0.0
26.8,119.1,68,4568.5,0.0
29.1,144.5,74,3870.4,1.82
29.0,137.4,72,4770.6,0.0
26.0,137.8,73,4131.4,0.59
24.3,109.5,78,4562.7,0.0
27.1,134.8,72,3989.1,1.26
26.8,161.3,65,4553.7,0.0
24.5,132.8,75,3565.3,3.25
28.8,139.0,80,4893.9,0.0
25.7,177.4,65,4680.3,0.0
27.9,169.7,83,4497.2,0.0
24.6,174.3,84,3985.8,1.27
29.2,106.2,82,4763.9,0.0
28.4,149.5,71,4651.5,0.0
26.3,117.9,73,4179.6,0.36
27.8,132.3,70,3796.2,2.17
25.1,154.4,84,3763.3,2.32
29.9,146.3,70,4232.3,0.12
28.8,140.5,65,4675.1,0.0
28.7,165.2,70,4571.7,0.0
24.9,154.6,80,4240.3,0.08
24.1,165.7,68,3806.6,2.12
27.5,174.6,67,3858.8,1.87
24.9,157.0,73,3586.5,3.15
28.7,131.6,72,3765.2,2.31
26.5,117.0,71,3519.1,3.47
26.0,121.7,76,4511.7,0.0
24.4,131.7,65,4382.4,0.0
30.0,159.2,76,4981.9,0.0
29.7,103.2,80,4644.2,0.0
24.8,165.1,78,3869.4,1.82
26.0,160.7,75,4561.8,0.0
26.3,140.0,84,3518.3,3.47
25.8,132.0,83,4979.2,0.0
29.6,109.0,83,4421.7,0.0
28.3,123.2,77,3679.5,2.71
29.7,108.8,76,4247.8,0.04
29.2,165.5,74,4910.9,0.0
28.5,140.7,79,4774.6,0.0
28.2,119.7,77,3948.4,1.45
29.2,101.4,77,4094.2,0.77
28.1,141.9,79,4780.3,0.0
25.1,160.2,81,4850.0,0.0
27.9,161.3,75,4871.9,0.0
27.1,117.2,74,4921.8,0.0
29.9,179.6,68,4250.8,0.03
27.1,145.5,81,4792.3,0.0
24.2,126.6,78,4020.5,1.11
25.6,131.4,66,4757.2,0.0
29.5,110.0,71,4021.2,1.11
29.8,139.5,80,4412.5,0.0
28.4,160.3,81,4202.7,0.26
24.3,132.8,68,4839.4,0.0
24.1,169.3,67,3599.8,3.09
26.9,138.1,69,4923.2,0.0
30.0,172.0,70,4193.1,0.3
29.2,156.3,70,4222.1,0.16
29.6,104.4,70,4741.7,0.0
27.7,105.4,83,4499.3,0.0
29.2,164.0,75,4930.6,0.0
25.9,128.5,83,4319.9,0.0
24.2,115.1,78,4338.0,0.0
29.5,169.2,79,4957.6,0.0
25.3,178.7,69,4889.7,0.0
28.4,164.7,76,3813.0,2.09
28.0,158.0,77,3960.4,1.39
24.9,100.1,82,4438.0,0.0
25.2,108.5,67,4909.1,0.0
26.0,153.7,76,4345.0,0.0
28.5,132.8,69,4599.2,0.0
24.2,101.6,77,3641.0,2.89
26.4,159.3,77,4283.9,0.0
28.0,133.5,70,3721.4,2.52
25.0,152.7,80,3890.9,1.72
24.7,137.5,67,3749.5,2.38
26.3,102.1,71,3748.9,2.39
25.7,150.9,74,4987.6,0.0
27.9,163.0,68,3947.4,1.46
29.8,112.5,76,4348.2,0.0
24.0,171.3,70,3530.1,3.42
29.4,114.5,82,4709.6,0.0
26.6,133.8,71,4520.3,0.0
28.0,142.2,66,3843.2,1.94
29.1,125.1,72,3554.1,3.3
27.4,140.0,82,3911.9,1.62
24.6,157.5,77,4442.9,0.0
24.8,157.2,67,3522.8,3.45
28.7,173.8,77,3613.0,3.03
25.4,169.0,71,4114.0,0.67
27.4,178.8,65,3764.0,2.32
26.6,147.6,82,4447.7,0.0
25.8,132.0,80,3762.0,2.33
28.7,119.2,75,4990.4,0.0
28.4,119.5,81,4153.7,0.49
27.9,112.1,69,3722.5,2.51
26.2,158.1,70,3610.8,3.04
25.4,152.3,78,4130.8,0.59
27.1,123.4,78,4713.6,0.0
28.9,171.4,83,4158.3,0.46
27.5,144.2,69,3711.6,2.56
29.8,105.5,82,4233.1,0.11
24.1,104.9,75,4006.1,1.18
30.0,111.5,76,4252.8,0.02
28.1,116.9,83,4086.7,0.8
29.0,171.0,81,4471.8,0.0
26.0,162.3,81,4705.4,0.0
27.1,116.1,66,4829.7,0.0
28.8,119.9,70,4611.9,0.0
28.6,150.9,83,4032.5,1.06
26.0,169.7,70,4172.7,0.4
25.9,125.3,65,4462.6,0.0
28.0,142.0,78,3829.7,2.01
29.6,171.2,66,4552.6,0.0
26.6,161.7,76,4474.7,0.0
26.1,171.3,81,4484.7,0.0
29.4,122.2,68,4000.0,1.21
28.1,155.3,68,4402.4,0.0
26.3,109.1,71,3796.6,2.16
24.3,149.3,77,3784.5,2.22
28.3,124.3,81,4652.8,0.0
26.1,156.1,78,4069.3,0.88
24.4,111.3,81,4316.9,0.0
27.7,153.2,80,3939.1,1.49
25.9,156.7,80,3853.8,1.89
26.0,168.6,70,4669.8,0.0
26.9,155.0,66,4691.3,0.0
28.3,141.8,81,4754.4,0.0
25.7,162.7,66,4781.7,0.0
24.5,122.8,82,4117.1,0.66
26.5,154.2,84,4713.5,0.0
24.3,158.0,76,4018.9,1.12
28.2,131.4,68,3578.8,3.19
29.8,179.1,73,4534.0,0.0
28.0,128.5,75,3798.4,2.16
25.7,106.8,81,4177.2,0.38
25.1,124.3,77,3745.8,2.4
25.4,108.0,83,4087.3,0.8
25.3,127.1,72,4827.3,0.0
25.9,110.2,69,4419.7,0.0
24.6,135.2,74,3722.2,2.51
29.4,162.2,79,4588.3,0.0
29.3,105.4,83,4771.8,0.0
27.7,145.0,73,3749.6,2.38
24.4,103.5,80,4616.1,0.0
28.8,170.8,80,4323.7,0.0
24.4,173.7,72,4406.4,0.0
24.6,139.4,67,4908.5,0.0
26.0,161.5,67,3554.8,3.3
26.6,147.4,74,4458.2,0.0
26.1,127.3,76,3622.2,2.98
25.0,119.6,79,4684.4,0.0
24.7,160.7,79,4844.2,0.0
29.2,134.4,83,3629.8,2.95
26.2,173.6,78,3538.8,3.37
25.3,178.1,75,4933.5,0.0
26.9,116.8,70,4889.8,0.0
24.2,144.9,76,4885.6,0.0
27.6,143.0,82,4909.5,0.0
25.5,169.4,66,4250.1,0.03
27.6,155.3,80,4965.3,0.0
27.7,148.6,68,4838.5,0.0
28.9,154.3,68,3646.5,2.87
25.4,131.2,81,4719.1,0.0
26.8,176.8,84,4568.7,0.0
29.8,104.6,74,3701.1,2.61
28.4,102.3,82,4606.9,0.0
29.9,133.2,83,4227.4,0.14
29.6,112.4,75,4780.7,0.0
27.7,143.6,78,4728.2,0.0
25.6,100.7,68,4913.5,0.0
28.5,136.8,80,3612.9,3.03
28.2,123.6,67,4565.4,0.0
27.5,116.2,75,4065.6,0.9
28.2,135.6,69,4664.0,0.0
27.7,168.4,66,4403.8,0.0
27.1,152.4,76,4243.4,0.06
26.5,112.8,77,3506.4,3.53
24.3,139.9,66,4410.8,0.0
29.2,174.5,69,4130.6,0.59
29.2,135.1,83,3998.8,1.21
27.6,137.6,69,4983.2,0.0
25.6,175.3,67,4550.5,0.0
24.2,110.9,83,4309.8,0.0
24.0,158.8,83,4803.1,0.0
24.4,123.9,75,3840.6,1.96
26.2,169.3,76,4429.9,0.0
25.1,104.3,83,4791.4,0.0
25.6,179.2,84,3685.4,2.69
28.2,161.5,74,3854.1,1.89
29.8,122.7,81,3623.9,2.97
25.2,160.9,76,4988.7,0.0
26.8,173.8,67,4371.4,0.0
29.9,109.0,72,4234.2,0.11
29.6,173.1,72,4007.7,1.17
26.1,128.8,77,4174.2,0.39
25.9,100.5,77,4663.8,0.0
25.5,109.0,74,4875.1,0.0
24.9,170.8,79,3657.4,2.82
26.8,178.6,80,3949.4,1.45
26.0,171.6,77,3783.7,2.22
28.5,135.3,75,4153.2,0.49
25.4,176.9,76,4295.7,0.0
28.4,132.5,78,4581.9,0.0
25.7,109.1,84,4813.5,0.0
27.6,127.3,67,4313.2,0.0
27.8,179.9,79,4233.2,0.11
28.0,150.1,75,4363.6,0.0
25.1,127.2,67,4832.6,0.0
25.7,149.9,82,4472.8,0.0
25.5,134.3,72,4681.1,0.0
27.5,104.0,72,4579.2,0.0
24.5,116.1,77,4885.3,0.0
27.1,101.5,70,4725.4,0.0
24.5,120.4,74,4011.8,1.15
26.0,159.2,79,4781.6,0.0
28.1,115.5,69,4201.2,0.26
26.5,142.2,65,4770.8,0.0
25.7,156.1,72,4858.6,0.0
27.7,143.9,66,4527.9,0.0
28.4,101.2,65,4578.3,0.0
25.5,129.1,80,3711.7,2.56
25.8,135.3,69,3985.8,1.27
27.8,127.4,83,4336.6,0.0
29.8,143.7,75,3505.3,3.53
25.3,141.1,72,4770.9,0.0
27.9,115.0,68,4054.2,0.95
29.4,160.2,78,4585.1,0.0
26.8,112.9,81,4653.9,0.0
25.9,136.7,73,4322.1,0.0
28.0,160.5,68,4685.3,0.0
24.2,155.8,66,4523.6,0.0
26.2,134.6,74,4039.8,1.02
25.5,163.1,83,4724.2,0.0
25.3,157.1,73,4454.1,0.0
25.1,130.8,80,3740.3,2.43
28.4,171.6,84,4659.2,0.0
29.7,111.4,81,4514.3,0.0
26.3,128.7,66,3927.0,1.55
24.3,155.8,83,4763.0,0.0
28.3,169.8,66,4061.0,0.92
27.2,125.8,80,4329.1,0.0
28.3,144.9,80,4014.7,1.14
27.9,100.9,78,4586.6,0.0
29.4,129.7,84,4371.8,0.0
24.8,126.5,65,4205.4,0.24
25.0,167.4,73,3530.5,3.41
26.0,105.9,79,4410.8,0.0
26.9,105.0,79,4433.5,0.0
29.6,135.4,75,3771.9,2.28
29.4,132.6,69,3998.5,1.22
29.2,112.9,72,4818.2,0.0
25.3,121.1,71,4323.7,0.0
28.4,177.9,70,4152.6,0.49
26.3,141.1,71,4903.9,0.0
29.6,107.0,83,4717.9,0.0
25.3,104.0,78,3646.2,2.87
24.8,103.4,75,4788.4,0.0
29.1,131.1,83,3724.6,2.5
28.3,169.2,78,3762.2,2.33
28.9,166.6,83,3613.0,3.03
24.9,129.4,70,4222.0,0.17
29.3,162.0,65,4467.0,0.0
28.1,160.2,78,4630.6,0.0
27.9,138.6,76,3540.1,3.37
27.5,132.4,76,3766.8,2.3
28.6,114.4,73,4431.8,0.0
26.5,122.3,73,4288.4,0.0
24.8,127.1,78,3577.0,3.2
27.2,165.0,84,4903.1,0.0
28.5,144.2,66,4637.8,0.0
24.9,116.1,78,4038.2,1.03
25.3,107.7,71,4304.6,0.0
28.2,139.7,79,4061.4,0.92
25.6,153.3,72,4182.9,0.35
25.0,165.5,83,4394.3,0.0
29.3,163.8,66,4097.7,0.75
25.0,165.9,65,4431.1,0.0
26.1,135.8,83,4197.7,0.28
26.6,169.3,72,4485.9,0.0
26.9,135.6,71,3893.3,1.71
26.2,113.4,82,3756.8,2.35
29.5,131.8,83,3520.4,3.46
28.0,127.2,77,4403.0,0.0
26.2,131.4,80,4971.2,0.0
26.1,152.7,75,4130.6,0.59
27.0,152.6,74,3818.9,2.06
24.2,118.0,83,3519.7,3.46
29.6,125.3,69,4269.2,0.0
25.3,147.6,76,4989.1,0.0
28.2,106.7,68,4975.7,0.0
28.7,155.1,80,3652.0,2.84
29.0,114.3,66,4724.6,0.0
25.0,168.1,68,3760.0,2.34
27.2,132.1,80,4714.0,0.0
24.5,117.7,75,4780.3,0.0
28.8,153.4,70,3511.6,3.5
26.9,144.3,75,3855.9,1.89
25.0,113.8,74,3584.8,3.16
28.3,166.2,79,4248.4,0.04
26.0,136.3,71,3540.1,3.37
24.7,112.2,79,4439.1,0.0
26.8,163.7,65,4337.5,0.0
25.4,110.7,72,4069.1,0.88
29.7,177.4,69,4192.7,0.3
26.2,135.3,70,4985.1,0.0
27.4,158.3,68,3751.5,2.38
29.7,136.2,79,4596.6,0.0
26.4,115.0,68,4468.0,0.0
26.1,160.6,67,4495.5,0.0
25.0,123.1,80,4018.6,1.12
29.6,154.6,80,3824.7,2.03
28.8,120.6,72,4476.2,0.0
25.3,119.3,70,4869.1,0.0
26.0,136.6,77,4964.0,0.0
29.5,165.3,73,4221.4,0.17
27.2,149.1,73,4138.4,0.56
27.3,105.2,75,4023.4,1.1
27.9,158.7,72,4715.0,0.0
28.6,146.4,77,3883.1,1.76
29.6,149.9,83,4269.5,0.0
28.8,128.3,65,4017.6,1.13
29.6,144.5,81,4813.6,0.0
28.9,129.8,70,3924.0,1.57
24.3,106.5,76,4529.7,0.0
24.7,167.6,68,4383.1,0.0
29.3,154.2,80,3992.6,1.24
24.2,153.6,67,3882.2,1.76
28.8,115.5,81,4705.7,0.0
29.1,153.1,82,4265.8,0.0
26.5,118.6,82,4417.2,0.0
26.1,155.0,82,4943.1,0.0
25.2,126.7,72,4097.0,0.75
24.3,112.6,72,4721.4,0.0
28.5,172.5,77,4458.1,0.0
24.4,108.4,76,4390.3,0.0
29.7,160.9,79,3581.8,3.17
25.8,108.1,74,4868.5,0.0
28.8,154.8,73,3842.9,1.95
24.4,108.8,67,4209.8,0.22
27.2,140.7,74,4628.0,0.0
26.1,115.0,81,4283.5,0.0
24.2,169.3,79,3506.5,3.53
27.9,132.1,74,4923.6,0.0
29.7,101.2,84,3530.7,3.41
24.1,150.3,78,3634.9,2.92
25.6,135.6,80,3836.2,1.98
28.2,168.8,70,4398.4,0.0
29.2,134.7,71,4956.7,0.0
25.1,132.9,74,4884.0,0.0
24.4,136.3,83,4477.0,0.0
24.1,168.8,82,4612.5,0.0
25.3,146.9,73,4567.8,0.0
24.4,153.5,66,4530.4,0.0
26.2,157.6,73,4718.6,0.0
26.6,175.0,68,4009.8,1.16
26.9,167.0,75,3831.7,2.0
24.9,174.2,81,4021.5,1.11
26.8,127.5,67,3572.9,3.21
24.1,117.2,79,4950.6,0.0
25.4,116.3,66,4609.3,0.0
26.2,168.6,80,3820.2,2.05
24.7,166.4,68,3883.7,1.75
28.9,152.0,82,4988.9,0.0
25.2,105.0,74,4652.2,0.0
28.5,125.4,70,4138.5,0.56
26.8,158.7,75,3810.0,2.1
26.9,119.9,74,3560.6,3.27
27.9,149.9,65,4504.0,0.0
24.3,143.4,80,4670.0,0.0
24.5,121.0,69,3661.6,2.8
26.0,174.7,73,3503.6,3.54
26.5,120.5,81,4036.1,1.04
26.6,171.6,68,4501.2,0.0
28.1,143.3,66,4885.7,0.0
24.0,107.3,66,4819.3,0.0
29.8,166.7,69,4532.8,0.0
25.0,163.3,66,4721.1,0.0
25.5,166.5,77,4033.8,1.05
29.4,151.1,69,3867.7,1.83
24.0,156.9,65,3686.3,2.68
29.9,172.6,79,3772.4,2.28
24.2,110.2,83,4944.4,0.0
24.7,106.6,78,4894.9,0.0
25.4,110.0,76,3570.4,3.23
26.6,169.6,66,4204.9,0.25
27.1,145.0,84,4060.0,0.93
24.6,114.1,65,4477.7,0.0
24.4,111.3,67,3992.6,1.24
24.2,135.6,75,3920.9,1.58
25.5,165.3,81,4713.8,0.0
29.5,164.4,69,4920.7,0.0
26.3,168.1,81,3804.2,2.13
28.6,161.5,82,3852.9,1.9
25.1,104.9,67,4128.7,0.6
24.4,157.6,79,4559.5,0.0
27.3,141.5,80,3750.6,2.38
28.9,158.1,79,4201.9,0.26
29.4,138.7,81,4761.3,0.0
27.3,138.7,82,3851.1,1.91
25.8,110.1,72,3571.5,3.22
24.7,172.4,78,4860.2,0.0
28.0,130.0,68,4681.3,0.0
25.7,146.6,74,4548.2,0.0
29.1,116.6,84,3631.0,2.94
27.6,129.5,71,4849.0,0.0
29.2,169.6,84,3957.9,1.41
27.4,116.8,65,3817.2,2.07
28.6,116.5,71,4231.2,0.12
25.8,120.8,76,4884.2,0.0
27.0,146.0,68,4991.8,0.0
24.1,141.7,71,4421.2,0.0
27.6,114.0,79,4933.3,0.0
27.2,155.4,66,4180.0,0.36
28.5,172.6,66,3544.5,3.35
28.4,115.9,69,3913.5,1.61
27.8,153.8,67,3952.7,1.43
24.3,146.9,80,4674.1,0.0
29.4,126.3,68,3686.4,2.68
24.1,149.4,79,3762.4,2.32
28.8,116.8,81,4421.4,0.0
26.9,166.7,75,3695.9,2.64
28.9,101.8,68,4243.3,0.07
26.8,145.4,68,3552.6,3.31
27.9,125.5,68,4503.3,0.0
26.2,170.5,83,4862.6,0.0
28.5,139.9,66,4812.3,0.0
25.5,164.2,80,3610.4,3.04
28.3,173.9,84,4386.5,0.0
25.2,126.7,77,3655.8,2.83
28.3,170.4,72,3580.3,3.18
25.8,158.1,83,4415.6,0.0
25.7,108.7,66,4358.7,0.0
28.9,108.3,81,3640.8,2.9
28.9,165.4,76,4039.8,1.02
28.1,137.5,78,3975.0,1.33
29.5,139.6,76,4013.7,1.14
24.9,171.3,77,3999.8,1.21
25.6,172.3,74,4737.0,0.0
25.8,109.0,68,4030.4,1.07
25.8,129.9,71,3995.7,1.23
26.0,171.6,66,3544.4,3.35
28.2,165.6,79,4685.6,0.0
25.6,157.7,68,4489.8,0.0
25.7,108.2,73,4012.2,1.15
27.4,149.7,70,4177.8,0.37
25.2,146.5,81,4691.1,0.0
26.2,113.4,71,4016.3,1.13
24.3,161.9,80,4210.1,0.22
29.7,125.0,81,3529.7,3.42
25.9,149.7,72,4877.5,0.0
29.1,128.9,67,4056.9,0.94
27.2,106.8,84,3944.7,1.47
25.4,142.0,70,4413.7,0.0
25.2,124.5,82,4290.0,0.0
28.2,105.7,75,4101.4,0.73
29.8,115.9,70,4883.5,0.0
25.1,149.5,77,4044.5,1.0
24.7,108.1,73,4997.6,0.0
26.3,107.0,72,4683.7,0.0
26.4,175.5,77,4855.0,0.0
28.8,108.6,78,3924.1,1.56
26.8,130.1,65,3605.4,3.06
24.4,110.7,69,4128.8,0.6
29.5,175.1,70,3970.1,1.35
26.2,138.5,73,3591.0,3.13
28.0,108.9,84,3607.2,3.05
28.0,161.5,77,3761.4,2.33
24.3,162.5,65,4066.7,0.89
24.0,172.1,70,4902.9,0.0
24.5,156.5,71,4486.7,0.0
29.7,104.4,74,4097.6,0.75
28.8,144.0,68,4699.1,0.0
24.8,130.7,82,4352.7,0.0
27.7,159.9,80,4126.2,0.62
27.7,147.3,83,3716.6,2.54
24.0,158.0,75,4890.6,0.0
26.6,114.4,81,4435.8,0.0
28.3,135.0,66,4158.9,0.46
25.1,134.6,71,4157.4,0.47
29.1,178.5,73,4647.6,0.0
28.0,101.5,78,3769.2,2.29
24.0,165.3,81,4126.3,0.61
29.1,107.8,79,3594.5,3.11
24.1,106.4,71,3619.9,2.99
29.3,126.3,71,4289.4,0.0
26.0,156.1,78,4071.2,0.87
28.2,154.3,73,4579.3,0.0
28.7,150.2,73,4980.1,0.0
25.7,162.0,81,4789.1,0.0
26.1,118.6,66,4162.8,0.44
27.1,150.7,76,4066.8,0.89
27.5,151.0,80,4377.6,0.0
25.8,152.3,66,3637.5,2.91
30.0,147.6,79,4981.5,0.0
28.4,117.7,70,4971.5,0.0
25.6,173.1,75,4884.4,0.0
27.8,178.1,81,4493.3,0.0
26.6,155.1,68,4254.7,0.01
29.2,135.5,83,4560.0,0.0
26.0,143.0,69,3971.6,1.34
25.1,108.7,76,4778.3,0.0
24.3,129.1,83,3701.9,2.61
29.9,178.1,65,4705.2,0.0
26.2,143.8,75,4801.2,0.0
25.3,144.9,70,3755.2,2.36
27.0,176.3,68,4217.9,0.18
25.7,170.9,81,4837.5,0.0
25.4,145.5,76,4938.9,0.0
27.7,121.5,74,4717.0,0.0
24.4,109.4,78,4911.4,0.0
27.1,169.1,71,4905.5,0.0
26.3,173.6,75,4969.6,0.0
27.2,139.5,67,4120.1,0.64
25.9,107.6,72,3930.4,1.54
27.4,148.5,84,4449.4,0.0
24.5,129.4,69,3783.3,2.23
26.3,112.6,68,4335.5,0.0
25.4,173.5,77,4368.9,0.0
26.6,119.2,68,4709.7,0.0
26.4,156.9,70,4042.7,1.01
27.8,134.4,66,4402.7,0.0
27.8,166.2,69,4854.9,0.0
26.5,156.1,79,4132.6,0.59
25.1,109.9,72,4357.6,0.0
27.5,136.0,66,4681.1,0.0
29.8,120.8,69,3874.5,1.8
25.1,157.1,73,3655.1,2.83
24.4,143.6,72,4522.7,0.0
25.6,127.2,78,4055.7,0.95
26.5,126.4,80,4072.4,0.87
25.8,109.2,66,4895.1,0.0
29.0,117.1,67,4111.8,0.68
27.0,157.1,68,4930.5,0.0
25.5,148.8,79,3659.6,2.81
29.7,128.4,69,4014.5,1.14
24.8,166.9,79,4539.4,0.0
24.7,138.8,82,3689.0,2.67
25.5,163.6,77,4080.6,0.83
24.5,162.5,75,4777.6,0.0
28.5,167.8,74,4642.6,0.0
25.9,168.0,68,3923.2,1.57
28.4,154.3,84,4034.7,1.05
28.6,160.0,69,4257.6,0.0
25.4,162.2,65,4596.9,0.0
27.1,113.5,77,3727.8,2.49
27.1,124.0,78,4291.5,0.0
29.2,108.3,80,3610.0,3.04
24.2,115.1,77,4096.7,0.75
25.9,162.3,79,3786.5,2.21
29.3,175.8,73,3963.6,1.38
25.4,153.9,67,3997.2,1.22
24.8,170.9,66,4655.2,0.0
27.5,125.4,76,3897.7,1.69
25.8,167.7,82,4495.6,0.0
26.8,127.1,68,4299.9,0.0
28.9,171.5,84,4706.3,0.0
27.1,163.8,79,3982.4,1.29
27.1,178.7,65,4992.0,0.0
25.7,166.2,72,3943.7,1.47
28.8,131.9,81,4369.3,0.0
28.4,108.8,69,4448.3,0.0
25.4,169.9,71,4307.3,0.0
25.9,145.7,67,4788.3,0.0
28.7,168.7,70,3669.5,2.76
26.1,131.0,77,4395.9,0.0
26.4,102.3,80,4259.5,0.0
26.2,104.2,81,4125.8,0.62
25.0,153.6,70,4019.3,1.12
26.0,109.2,69,3729.3,2.48
28.8,159.6,82,4475.0,0.0
26.9,133.6,68,3676.6,2.73
26.7,145.0,76,4743.9,0.0
24.9,164.1,80,4171.6,0.4
25.1,120.2,75,4408.1,0.0
24.3,133.0,75,3616.7,3.01
24.1,158.4,70,3640.1,2.9
26.9,173.5,80,3853.9,1.89
26.5,123.2,70,4669.6,0.0
25.7,149.8,73,4228.7,0.13
29.9,176.1,82,3966.3,1.37
26.4,151.9,65,4774.2,0.0
28.7,171.4,82,3787.9,2.2
25.3,175.2,83,3889.2,1.73
25.5,174.3,73,4665.1,0.0
27.4,160.7,78,3540.6,3.37
24.0,144.2,76,3830.5,2.0
24.1,107.7,74,4282.0,0.0
24.9,117.8,73,4872.6,0.0
25.3,120.5,76,3898.8,1.68
27.2,102.7,69,3819.6,2.06
28.1,108.2,83,4962.4,0.0
25.9,123.6,74,4286.8,0.0
25.4,107.3,66,3593.8,3.12
28.9,113.6,70,3914.7,1.61
25.0,104.4,69,4300.5,0.0
28.1,133.3,65,3608.0,3.05
29.6,165.7,82,4538.8,0.0
25.4,165.0,79,4283.7,0.0
24.5,172.4,66,4564.6,0.0
29.9,159.6,79,4012.6,1.15
25.6,119.6,75,4130.0,0.6
25.7,156.2,77,4892.2,0.0
26.9,160.3,84,3816.0,2.07
25.4,143.4,79,3559.3,3.28
30.0,164.6,74,4973.3,0.0
24.3,105.7,81,3511.1,3.5
26.7,147.6,69,4832.4,0.0
27.3,138.4,65,4739.0,0.0
26.8,164.4,83,4231.4,0.12
27.1,110.2,76,4558.0,0.0
29.9,117.0,71,3657.6,2.82
29.3,144.7,66,4645.5,0.0
25.9,175.8,79,4675.6,0.0
27.3,106.7,84,3577.0,3.2
24.0,159.5,77,4245.9,0.05
26.5,116.4,71,4922.2,0.0
25.0,108.4,78,4926.7,0.0
28.3,131.6,84,4976.8,0.0
25.3,146.6,80,4485.0,0.0
28.5,166.2,73,3711.7,2.56
25.9,150.8,83,4119.3,0.65
29.6,139.3,69,4590.4,0.0
26.7,122.9,74,3925.8,1.56
29.0,123.4,72,4715.2,0.0
27.8,161.6,78,4792.0,0.0
29.9,109.1,75,4645.3,0.0
28.5,111.7,65,4013.2,1.15
28.4,157.6,74,4612.2,0.0
25.6,176.9,66,3608.4,3.05
27.0,109.6,71,4002.8,1.19
25.7,148.8,81,4648.4,0.0
24.1,119.1,69,4692.2,0.0
28.3,102.1,74,3978.2,1.31
25.4,166.6,69,4940.5,0.0
26.4,140.7,69,3909.9,1.63
25.7,101.9,73,4490.0,0.0
25.2,171.6,75,4818.4,0.0
24.4,142.9,79,4327.1,0.0
26.0,159.0,69,4118.7,0.65
24.5,133.9,81,3817.1,2.07
27.2,114.8,83,3794.7,2.17
24.1,137.2,78,3738.4,2.44
29.6,123.0,66,4164.5,0.44
29.8,123.7,78,4321.9,0.0
25.8,151.5,84,4758.6,0.0
25.6,107.5,68,3826.0,2.03
24.6,131.8,67,4632.8,0.0
29.4,143.7,79,4541.2,0.0
27.5,156.8,80,4451.8,0.0
27.7,150.6,74,4009.0,1.17
29.4,170.9,82,3977.0,1.32
29.5,179.4,83,4638.4,0.0
29.0,175.0,66,3911.8,1.62
28.6,161.1,74,3994.6,1.23
29.3,154.9,66,4947.8,0.0
29.3,102.8,80,4997.7,0.0
26.2,142.7,69,3502.6,3.54
29.8,153.1,68,4530.1,0.0
28.3,133.0,81,4303.3,0.0
26.2,130.8,77,4190.3,0.31
26.7,143.4,76,3913.5,1.61
28.1,172.5,81,4260.7,0.0
26.2,120.9,73,4184.9,0.34
29.0,131.9,84,4102.0,0.73
24.9,152.2,65,4774.7,0.0
29.4,114.9,65,3906.0,1.65
25.8,166.8,66,4396.2,0.0
24.9,153.3,78,4796.3,0.0
29.1,128.2,69,4968.5,0.0
25.4,157.8,65,4404.1,0.0
29.1,122.3,65,4280.1,0.0
25.8,162.0,79,4760.8,0.0
29.6,105.7,65,3782.7,2.23
25.3,134.1,80,4445.0,0.0
24.4,120.9,74,3596.3,3.1
29.6,165.3,69,4490.0,0.0
25.0,160.2,66,4693.7,0.0
29.7,167.3,78,3594.5,3.11
28.9,152.1,75,4772.6,0.0
24.5,163.6,83,3685.0,2.69
26.7,135.1,83,3763.8,2.32
24.4,154.2,83,4754.6,0.0
26.0,102.5,67,3687.1,2.68
26.1,170.5,75,4510.8,0.0
27.6,154.8,84,3942.2,1.48
29.9,169.3,80,3872.5,1.81
25.0,161.7,81,4475.2,0.0
26.0,122.9,84,3660.1,2.8
27.5,121.8,68,4361.9,0.0
25.0,164.0,79,4886.8,0.0
28.3,114.8,75,4777.1,0.0
26.4,108.9,80,4776.7,0.0
29.7,101.2,84,3954.4,1.42
27.8,123.9,68,4551.9,0.0
26.2,107.9,69,4670.2,0.0
28.3,164.1,83,4852.1,0.0
29.0,138.8,80,3896.2,1.7
28.8,120.2,83,4641.3,0.0
25.6,148.2,80,3848.4,1.92
26.5,105.6,65,3541.7,3.36
26.7,158.1,67,4222.8,0.16
26.3,140.1,66,4648.8,0.0
25.9,100.5,74,3821.6,2.05
28.5,125.5,70,3572.9,3.21
24.1,160.0,72,4060.7,0.92
25.8,115.0,70,3804.3,2.13
24.8,177.0,84,4073.1,0.86
24.8,171.7,83,4881.2,0.0
25.7,162.3,80,4615.9,0.0
28.6,106.3,68,4059.4,0.93
29.8,128.3,80,3987.6,1.27
27.1,123.9,73,4881.8,0.0
26.0,111.0,73,4833.3,0.0
29.0,180.0,72,4406.1,0.0
24.4,111.8,69,4036.4,1.04
24.6,125.2,81,4688.5,0.0
26.1,170.4,80,4495.6,0.0
26.7,111.6,82,4347.0,0.0
28.8,137.6,70,4607.8,0.0
29.6,178.1,74,3701.7,2.61
27.2,119.8,84,4895.2,0.0
27.0,156.2,80,4959.4,0.0
25.3,106.4,83,4031.7,1.06
26.7,148.1,72,4920.2,0.0
29.5,127.1,82,4693.7,0.0
26.4,156.0,69,4911.5,0.0
25.3,134.6,77,4876.2,0.0
26.0,123.9,79,3801.4,2.14
27.1,143.7,70,3890.0,1.72
27.6,111.2,66,3890.9,1.72
26.6,165.2,79,3641.4,2.89
28.6,160.1,75,4096.5,0.75
27.5,143.6,69,4043.9,1.0
28.0,129.4,74,4015.9,1.13
29.2,173.2,84,4023.4,1.1
29.2,150.8,84,3593.1,3.12
25.2,122.8,82,3779.0,2.25
27.7,164.5,76,3943.9,1.47
28.3,150.8,81,4833.5,0.0
24.9,110.2,81,4889.8,0.0
29.1,109.1,68,3927.8,1.55
25.1,175.0,83,4541.2,0.0
28.8,123.0,82,4775.9,0.0
25.0,153.1,84,4259.3,0.0
28.5,102.9,74,4633.3,0.0
24.9,144.5,78,4963.8,0.0
26.3,118.5,84,3743.3,2.41
24.9,111.2,77,3605.6,3.06
25.6,161.9,78,4460.0,0.0
29.9,164.8,68,4262.7,0.0
24.6,157.2,68,3944.9,1.47
26.4,100.9,68,4874.9,0.0
28.1,122.8,75,4768.7,0.0
24.6,128.9,65,3896.6,1.69
24.7,155.3,70,4661.3,0.0
24.9,160.4,69,4742.6,0.0
27.9,150.2,69,3988.0,1.26
29.5,163.1,76,3648.7,2.86
29.0,134.2,79,4775.6,0.0
29.9,143.3,70,3645.2,2.87
27.5,105.1,76,4217.9,0.18
29.8,134.2,78,3791.5,2.19
25.8,134.6,75,4891.2,0.0
26.5,148.9,72,3660.7,2.8
26.4,130.2,84,3675.4,2.73
24.3,119.1,71,4552.6,0.0
29.0,119.0,70,3808.3,2.11
24.1,110.7,77,3698.5,2.62
28.4,156.1,70,3752.3,2.37
26.4,149.8,84,4393.8,0.0
24.0,146.3,66,3833.9,1.99
25.7,142.5,75,4065.9,0.9
26.1,129.4,72,4774.6,0.0
29.8,161.5,68,3763.5,2.32
28.0,173.8,71,4739.4,0.0
27.3,135.2,79,4663.1,0.0
24.8,132.7,83,4746.8,0.0
26.3,113.0,74,4020.5,1.11
24.2,153.7,67,4208.5,0.23
28.6,144.6,74,4560.5,0.0
25.0,179.0,83,3556.1,3.29
27.6,146.7,67,4495.6,0.0
28.2,123.1,82,3680.1,2.71
26.2,145.0,69,3932.1,1.53
27.8,178.8,65,4714.7,0.0
28.6,157.9,70,4453.1,0.0
25.1,110.3,71,4432.8,0.0
27.6,127.5,66,3840.4,1.96
28.4,123.9,81,4501.8,0.0
26.1,168.5,67,3697.6,2.63
25.0,148.9,66,4947.2,0.0
25.7,164.8,82,3879.0,1.78
29.6,114.1,78,4740.1,0.0
26.1,172.6,80,4880.2,0.0
24.6,104.7,76,3757.7,2.35
24.5,130.0,82,3514.6,3.49
25.1,101.1,72,4811.4,0.0
24.8,114.7,65,4646.0,0.0
27.0,177.0,67,3731.4,2.47
26.1,106.3,71,4745.6,0.0
29.0,111.6,66,4715.7,0.0
29.3,174.0,80,4191.9,0.31
26.8,156.8,73,4920.2,0.0
29.3,132.6,67,4373.2,0.0
26.7,105.5,83,4164.3,0.44
27.9,162.8,78,3519.9,3.46
25.0,139.4,79,4929.2,0.0
24.3,125.8,80,3692.6,2.65
25.0,128.9,83,3944.3,1.47
25.5,140.4,79,4594.2,0.0
28.5,144.1,78,3508.0,3.52
25.0,165.4,69,4313.9,0.0
24.8,161.7,71,3738.4,2.44
29.6,161.4,67,3533.8,3.4
28.1,158.3,66,4462.5,0.0
26.8,160.6,80,4404.5,0.0
24.6,154.2,66,4601.4,0.0
29.1,169.4,67,4427.3,0.0
24.6,144.6,76,4163.0,0.44
27.7,141.7,65,4217.9,0.18
28.0,156.1,79,3830.2,2.01
26.4,113.3,65,3625.6,2.97
29.5,162.2,65,4791.3,0.0
24.3,174.9,79,4537.0,0.0
28.9,123.7,67,3684.4,2.69
27.3,148.9,78,3896.4,1.69
27.7,102.6,74,4794.8,0.0
29.9,161.3,67,4939.7,0.0
27.5,144.8,84,4686.7,0.0
28.8,153.9,82,4354.9,0.0
24.9,111.4,68,4803.7,0.0
28.9,164.8,81,4440.2,0.0
28.6,120.5,84,4549.1,0.0
29.8,154.8,68,4740.4,0.0
29.6,147.5,79,4031.0,1.06
25.3,152.3,75,4676.8,0.0
26.8,104.0,67,3810.4,2.1
29.5,159.3,71,3791.4,2.19
27.8,163.6,74,4717.0,0.0
26.8,138.0,83,4345.7,0.0
24.7,132.7,84,4120.8,0.64
26.1,127.4,72,4285.2,0.0
28.0,174.2,79,4966.9,0.0
28.7,160.4,77,4841.3,0.0
26.7,155.9,67,4261.4,0.0
24.3,174.0,79,4320.8,0.0
27.8,127.9,74,4421.3,0.0
29.5,150.4,79,4686.2,0.0
27.0,154.9,78,4810.7,0.0
29.6,179.7,73,3719.8,2.52
26.1,134.2,79,4442.3,0.0
29.3,132.0,78,3840.8,1.96
28.7,106.8,79,4432.7,0.0
29.8,107.9,78,3757.0,2.35
28.7,140.9,74,4711.9,0.0
25.9,113.7,76,4491.4,0.0
29.4,105.8,84,4799.0,0.0
28.0,177.2,78,4916.7,0.0
25.0,176.1,79,4900.9,0.0
24.3,126.0,76,3717.7,2.53
26.2,163.2,66,4065.2,0.9
28.7,169.8,83,4224.6,0.15
27.7,137.2,81,4683.4,0.0
27.2,117.9,79,3522.2,3.45
24.0,110.4,74,4888.2,0.0
26.6,111.3,75,4110.8,0.69
24.9,163.8,78,4446.7,0.0
26.7,130.8,73,4970.9,0.0
30.0,155.5,67,4824.0,0.0
29.3,143.1,65,4043.3,1.0
25.9,131.6,70,4226.8,0.14
27.6,109.9,70,4654.9,0.0
27.0,126.7,69,4615.3,0.0
24.8,167.2,68,4557.2,0.0
29.9,164.9,67,3516.0,3.48
26.6,102.3,77,3798.5,2.15
27.0,111.2,68,3832.5,1.99
27.9,160.5,71,3875.9,1.79
25.1,126.9,83,3644.3,2.88
25.3,151.5,75,4709.9,0.0
25.2,145.0,74,4011.9,1.15
26.3,152.2,83,4663.4,0.0
25.2,104.3,83,4897.3,0.0
29.6,174.5,69,3969.5,1.35
28.3,101.7,65,4180.7,0.36
29.4,100.6,75,3631.3,2.94
29.1,118.1,77,3942.3,1.48
28.2,179.5,72,4319.4,0.0
25.5,105.8,80,3770.3,2.29
27.7,170.0,73,4305.5,0.0
25.1,112.7,68,3969.3,1.35
24.8,108.7,83,4985.1,0.0
27.8,162.3,71,4063.6,0.91
27.7,167.7,76,3558.6,3.28
24.9,163.4,73,4209.4,0.22
26.1,119.3,77,4001.0,1.2
24.4,170.4,76,4055.0,0.95
28.3,105.8,73,4055.8,0.95
29.9,127.4,76,4821.8,0.0
28.4,137.1,80,4247.4,0.05
29.1,105.4,77,3879.3,1.78
26.9,146.4,67,4688.8,0.0
24.6,144.8,70,4165.2,0.43
28.4,179.4,78,3718.0,2.53
25.5,149.7,66,4997.7,0.0
26.3,131.8,84,3541.0,3.36
28.2,163.2,67,4563.9,0.0
29.4,126.8,80,4771.3,0.0
26.9,142.6,72,4030.7,1.06
29.8,104.4,70,3736.0,2.45
27.1,125.8,67,4154.8,0.48
24.7,142.2,69,4223.7,0.16
27.1,156.2,68,4999.6,0.0
29.2,107.9,70,3529.2,3.42
27.2,163.8,66,4483.8,0.0
28.5,172.0,67,4706.7,0.0
27.3,122.5,72,4426.9,0.0
27.3,161.2,79,4444.9,0.0
25.7,114.4,74,4813.0,0.0
25.2,141.9,79,4347.8,0.0
25.7,163.8,70,4822.4,0.0
26.6,130.9,76,3815.3,2.08
28.9,102.1,72,4274.2,0.0
29.0,143.2,70,3550.4,3.32
25.0,167.6,80,4705.2,0.0
27.3,108.7,79,4665.9,0.0
26.5,102.4,84,4308.6,0.0
27.4,164.7,79,4093.7,0.77
27.9,121.4,72,4055.2,0.95
25.7,129.1,83,3801.7,2.14
29.5,107.0,78,4141.8,0.54
29.6,107.7,80,3955.9,1.42
24.6,149.2,76,4366.5,0.0
28.2,144.2,67,4679.7,0.0
24.2,123.4,84,4541.2,0.0
24.3,136.2,69,4270.9,0.0
29.7,131.1,77,4922.9,0.0
28.2,155.6,79,3796.0,2.17
25.9,169.0,72,4460.0,0.0
28.0,161.2,78,3632.1,2.94
29.1,100.4,79,4509.5,0.0
29.2,108.0,83,4588.0,0.0
24.1,134.4,72,4673.9,0.0
28.9,168.1,74,4495.6,0.0
29.1,119.0,77,3683.9,2.69
27.6,170.3,68,3566.4,3.25
26.9,108.8,75,4571.4,0.0
24.7,105.8,66,4697.3,0.0
25.4,173.1,83,3549.0,3.33
26.9,113.0,82,3724.9,2.5
29.2,137.1,70,4685.4,0.0
28.8,126.1,78,4951.7,0.0
27.0,111.8,82,4280.8,0.0
28.7,150.6,75,3730.0,2.48
28.6,177.1,71,3981.9,1.29
27.5,152.6,79,4672.1,0.0
25.3,128.3,65,4314.8,0.0
26.1,156.9,74,3586.7,3.15
25.0,111.5,73,3962.6,1.38
24.0,146.4,80,4629.2,0.0
24.5,137.6,80,3988.7,1.26
28.6,128.8,81,4148.5,0.51
24.2,159.2,76,4857.6,0.0
26.4,109.5,71,4977.0,0.0
29.9,142.6,66,4635.8,0.0
28.8,168.4,67,3860.2,1.86
28.5,116.1,70,3864.7,1.84
25.6,121.2,83,3956.4,1.41
27.9,152.9,72,3740.8,2.43
27.0,161.8,68,3768.2,2.3
27.7,122.7,71,3884.0,1.75
26.6,128.8,68,4489.8,0.0
27.2,159.2,82,4418.7,0.0
29.9,122.8,71,4011.4,1.15
26.0,153.3,65,3795.0,2.17
25.3,112.7,69,4436.0,0.0
26.7,132.9,74,3696.3,2.63
27.1,155.1,78,3719.4,2.53
24.5,136.8,65,4075.1,0.86
28.8,101.5,76,4351.1,0.0
26.5,132.5,83,4592.4,0.0
26.5,123.1,66,4530.5,0.0
28.0,108.1,78,4067.7,0.89
28.6,100.7,67,4482.0,0.0
29.9,103.6,83,3817.0,2.07
25.0,175.9,67,4240.6,0.08
26.1,160.0,77,4422.9,0.0
25.0,175.2,81,4616.6,0.0
29.3,109.2,67,3619.4,3.0
27.3,145.6,78,3651.7,2.84
29.1,106.7,66,3610.8,3.04
29.9,102.1,77,4319.7,0.0
27.3,137.3,73,4355.1,0.0
24.7,151.7,74,3516.5,3.48
26.2,105.1,72,4485.1,0.0
24.2,129.2,71,4645.0,0.0
29.1,107.2,65,3674.9,2.74
24.1,129.0,72,4006.0,1.18
27.6,137.7,72,4775.0,0.0
24.6,127.0,70,4530.8,0.0
24.0,146.1,82,3957.0,1.41
25.5,146.8,68,4613.4,0.0
27.3,126.6,75,4830.9,0.0
24.5,131.2,84,3964.0,1.38
27.7,135.3,80,4526.4,0.0
28.0,130.1,76,3640.1,2.9
29.8,160.9,68,3588.0,3.14
29.4,111.2,73,4379.4,0.0
27.4,168.6,65,4238.6,0.09
28.8,126.5,70,4715.1,0.0
26.2,157.9,65,4670.4,0.0
27.5,170.7,84,3930.0,1.54
26.4,171.0,72,4268.4,0.0
26.0,136.2,77,4633.7,0.0
28.4,120.5,83,3906.4,1.65
25.8,148.5,84,4042.9,1.01
26.3,114.7,68,3589.8,3.14
26.2,163.2,71,3695.7,2.64
29.2,156.9,82,4415.3,0.0
25.0,163.7,74,4245.1,0.06
26.3,134.7,79,3752.9,2.37
29.3,144.6,77,3510.9,3.51
24.1,108.2,84,3753.5,2.37
29.7,155.0,82,4624.5,0.0
29.4,138.9,76,3640.5,2.9
26.5,140.7,79,4103.7,0.72
27.9,167.8,72,3858.2,1.87
29.9,161.8,75,4324.1,0.0
27.3,142.8,67,4267.3,0.0
24.6,128.4,78,4974.4,0.0
29.1,135.7,72,4659.3,0.0
24.8,128.1,70,4907.5,0.0
25.5,112.1,65,4366.9,0.0
29.2,151.7,74,4606.7,0.0
25.5,155.3,66,4842.6,0.0
28.5,177.7,72,3561.6,3.27
26.7,136.5,78,4873.2,0.0
28.6,179.8,65,3817.7,2.06
25.4,115.0,71,4557.5,0.0
26.5,152.5,65,4660.0,0.0
25.9,179.6,69,3664.0,2.79
25.5,151.2,82,4929.6,0.0
25.9,136.2,81,4889.8,0.0
25.9,141.2,81,4481.8,0.0
29.7,167.6,77,3733.0,2.46
27.2,175.1,68,4349.1,0.0
26.8,136.3,80,4016.2,1.13
27.0,161.8,81,4896.1,0.0
30.0,174.7,82,4110.0,0.69
27.9,122.6,66,4540.6,0.0
28.2,139.5,76,4455.5,0.0
25.9,179.6,74,3906.5,1.65
26.8,128.3,73,4303.2,0.0
25.1,149.6,68,4115.0,0.67
28.1,152.6,79,4061.9,0.92
26.1,112.3,74,4796.0,0.0
28.5,164.5,73,3709.6,2.57
25.3,133.0,71,4115.6,0.66
26.4,140.0,75,3510.1,3.51
26.8,151.4,66,3892.8,1.71
25.0,132.8,84,4432.6,0.0
24.4,126.0,84,3631.3,2.94
25.9,143.7,80,3906.8,1.65
27.3,127.7,70,4820.3,0.0
27.9,134.7,72,4537.8,0.0
26.6,108.7,82,3605.4,3.06
27.0,167.6,75,4988.6,0.0
27.3,132.9,68,4917.7,0.0
27.1,106.6,68,3712.5,2.56
24.5,163.2,74,4882.8,0.0
26.4,101.6,80,4324.9,0.0
25.2,147.9,67,4894.1,0.0
27.2,156.2,76,4952.1,0.0
28.5,115.3,81,4540.3,0.0
27.5,110.5,69,3936.9,1.5
25.3,109.1,67,4887.0,0.0
25.2,179.5,80,4360.2,0.0
24.2,160.4,83,4012.3,1.15
26.6,125.0,68,4190.1,0.31
26.6,126.8,73,4109.3,0.69
25.4,151.9,68,4902.9,0.0
28.6,136.6,74,4729.7,0.0
26.3,121.7,81,3547.1,3.34
28.0,104.6,80,3514.8,3.49
27.8,162.7,71,3604.1,3.07
27.6,171.1,79,4415.6,0.0
29.4,116.5,82,4721.7,0.0
24.1,105.1,70,4272.4,0.0
24.4,109.5,79,4302.1,0.0
28.3,133.1,75,3860.6,1.86
26.1,123.9,84,4188.9,0.32
29.9,105.9,69,3885.3,1.75
25.3,136.4,80,3911.0,1.63
25.1,116.3,76,4086.7,0.8
27.5,105.4,68,3571.3,3.22
25.7,152.6,66,4932.4,0.0
26.0,145.8,80,4871.4,0.0
29.5,166.1,72,4694.4,0.0
24.2,124.2,81,4352.8,0.0
27.2,110.9,73,4719.5,0.0
26.0,128.8,70,4961.2,0.0
26.1,162.3,68,3925.4,1.56
25.5,119.3,77,4046.4,0.99
24.8,120.4,78,4593.6,0.0
24.2,111.8,76,4464.3,0.0
29.9,178.9,67,4737.2,0.0
28.0,177.4,79,4020.5,1.11
28.7,152.6,79,3965.8,1.37
24.4,117.2,79,4378.1,0.0
24.1,161.3,79,3718.8,2.53
27.6,146.7,72,3559.4,3.28
28.3,160.0,81,3866.2,1.84
26.4,168.8,78,3737.5,2.44
26.3,125.5,70,3510.0,3.51
26.3,173.1,81,4667.0,0.0
24.9,171.9,66,4314.8,0.0
28.5,143.8,75,4503.4,0.0
25.3,154.8,80,3744.6,2.41
25.9,132.9,83,3885.0,1.75
28.0,152.4,81,3590.2,3.13
24.0,143.9,70,4996.2,0.0
28.6,125.8,78,3654.6,2.83
29.4,125.8,77,3635.5,2.92
24.3,152.1,71,4421.3,0.0
27.5,176.5,77,3997.8,1.22
26.5,116.1,70,4831.4,0.0
24.5,131.4,66,4747.3,0.0
28.1,164.5,69,4802.2,0.0
27.7,109.8,76,4602.7,0.0
27.9,179.5,79,3697.7,2.63
28.9,154.3,70,3595.4,3.11
25.7,172.9,65,3596.9,3.1
28.1,167.0,75,4702.7,0.0
28.5,162.2,76,4485.7,0.0
25.0,102.6,67,4971.5,0.0
29.7,132.5,83,4465.3,0.0
26.0,116.1,77,3873.9,1.8
28.3,169.7,75,3634.3,2.93
28.5,154.4,71,4048.4,0.98
27.0,108.6,76,3799.5,2.15
24.8,128.8,82,4442.6,0.0
25.7,105.5,80,3643.9,2.88
25.4,159.2,72,4658.8,0.0
27.1,133.5,77,4544.8,0.0
25.6,118.7,81,4604.5,0.0
27.3,141.4,68,4948.2,0.0
25.7,103.4,73,4475.8,0.0
24.0,120.6,73,4682.8,0.0
26.2,114.0,74,3628.0,2.96
27.6,174.5,75,4914.6,0.0
28.6,130.2,65,3827.9,2.02
24.2,146.8,81,4239.6,0.08
25.5,140.2,71,4935.6,0.0
29.9,152.7,75,3769.0,2.29
25.6,122.3,77,3553.3,3.31
28.7,109.7,70,3945.6,1.46
27.1,106.5,72,3734.6,2.45
24.7,115.5,74,4502.0,0.0
27.9,138.6,78,3917.6,1.6
29.8,118.9,76,3594.3,3.11
29.3,134.7,75,4839.5,0.0
28.1,102.3,71,3574.2,3.21
27.1,150.2,77,3906.9,1.65
25.9,170.3,66,3860.4,1.86
26.1,103.8,67,3535.3,3.39
26.1,117.4,65,3747.8,2.39
29.5,125.4,70,4722.3,0.0
25.3,123.0,65,3556.3,3.29
26.3,103.2,66,3534.8,3.39
26.6,108.5,74,4451.0,0.0
26.5,173.0,76,3633.4,2.93
24.0,156.9,69,4057.4,0.94
25.6,176.7,73,3503.2,3.54
27.0,135.2,76,4043.6,1.0
28.6,170.3,72,3977.1,1.32
27.4,165.3,74,4419.1,0.0
26.3,170.0,78,4248.6,0.04
28.0,103.1,84,4517.8,0.0
28.0,152.2,79,4903.8,0.0
25.5,145.3,72,4692.8,0.0
24.6,143.6,73,4900.3,0.0
28.8,140.4,69,3581.3,3.18
27.2,163.7,65,4985.5,0.0
25.1,177.4,75,3983.1,1.29
25.6,166.3,68,3915.1,1.61
28.6,169.6,70,4105.3,0.71
27.9,138.7,81,4675.0,0.0
29.7,155.2,68,4931.4,0.0
26.8,133.2,69,4331.4,0.0
24.3,128.8,78,3731.6,2.47
28.2,171.6,82,3821.1,2.05
25.5,172.4,67,4108.1,0.7
25.9,154.6,75,4048.6,0.98
25.2,167.0,79,3857.4,1.88
25.9,128.8,71,4775.3,0.0
29.0,134.7,68,3920.2,1.58
27.5,165.7,70,4389.1,0.0
24.7,131.8,74,4219.0,0.18
27.5,103.2,71,4885.2,0.0
27.8,128.3,67,4443.4,0.0
29.3,131.9,79,3998.1,1.22
29.2,112.4,80,4458.0,0.0
24.4,127.5,67,3978.4,1.31
29.2,174.8,76,3636.3,2.92
24.3,168.7,69,4227.8,0.14
24.9,135.7,69,4790.3,0.0
24.7,156.8,65,4863.8,0.0
25.1,112.1,70,4315.6,0.0
28.8,160.2,79,4549.3,0.0
28.1,138.1,77,4416.0,0.0
28.1,157.8,71,4716.2,0.0
29.5,151.5,82,3654.8,2.83
26.4,118.6,83,4102.1,0.73
24.0,166.8,70,3879.6,1.77
27.8,145.8,72,3509.9,3.51
29.2,162.7,67,4744.9,0.0
29.9,107.5,81,3701.3,2.61
26.2,149.2,78,3985.1,1.28
28.9,123.4,84,4800.3,0.0
29.1,168.9,78,4582.0,0.0
24.9,176.0,66,4351.6,0.0
27.8,104.5,68,3965.4,1.37
25.0,157.9,73,4273.0,0.0
26.7,108.2,80,3584.4,3.16
29.3,168.6,65,4590.9,0.0
28.7,110.0,66,3856.0,1.88
27.4,115.6,76,4218.8,0.18
28.9,120.1,80,3641.7,2.89
24.9,158.2,79,4566.2,0.0
25.2,123.4,83,4843.7,0.0
25.3,147.7,84,4183.9,0.34
28.7,145.8,70,3624.8,2.97
29.3,132.2,84,4917.6,0.0
27.4,143.2,83,4170.6,0.41
29.7,109.5,79,3620.5,2.99
28.4,170.1,68,3782.6,2.23
27.4,116.6,80,3679.8,2.71
27.7,170.4,75,3796.3,2.17
29.1,141.5,71,3733.7,2.46
24.5,149.1,66,4884.3,0.0
25.0,120.6,71,3813.6,2.08
25.6,117.8,76,4162.9,0.44
29.4,139.3,78,4594.8,0.0
29.7,121.4,79,4515.5,0.0
26.1,133.9,84,4934.7,0.0
29.5,135.2,71,4949.0,0.0
27.3,121.7,82,4356.0,0.0
26.8,123.3,75,4628.5,0.0
29.0,177.8,74,4079.1,0.84
27.3,147.0,78,4143.9,0.53
26.7,166.5,67,3656.6,2.82
24.1,103.7,82,4510.1,0.0
24.1,100.2,76,3905.9,1.65
27.8,141.5,65,3619.8,2.99
24.4,166.1,77,3647.3,2.87
28.4,148.9,66,4583.6,0.0
27.7,149.5,79,3843.4,1.94
26.7,111.1,75,4655.0,0.0
28.3,178.3,70,4858.9,0.0
30.0,142.4,70,4011.3,1.15
25.5,108.2,76,4690.8,0.0
27.3,133.1,80,4143.1,0.54
29.1,105.8,80,4658.3,0.0
24.1,133.5,74,3960.1,1.4
25.2,156.9,81,4897.2,0.0
27.1,125.9,84,4980.8,0.0
27.3,125.0,66,4079.2,0.84
24.5,141.1,77,3798.4,2.16
26.4,139.9,81,4528.0,0.0
27.1,137.4,73,4375.4,0.0
26.5,141.3,79,4987.2,0.0
28.2,103.8,71,4717.4,0.0
28.6,137.9,77,4752.7,0.0
26.8,179.4,74,4589.7,0.0
26.6,161.1,82,4026.2,1.08
28.2,123.0,74,4903.8,0.0
27.3,154.2,82,4198.5,0.28
29.2,126.4,78,4099.2,0.74
26.9,115.3,83,3791.4,2.19
27.4,161.9,65,3955.9,1.42
24.8,116.8,68,3503.4,3.54
29.0,168.7,78,4489.9,0.0
26.5,130.4,69,4408.2,0.0
28.3,160.5,69,4104.5,0.72
26.6,120.8,84,4950.7,0.0
24.0,152.2,78,4539.7,0.0
26.4,117.0,72,3864.1,1.85
24.9,101.7,76,4068.1,0.89
26.4,165.2,81,4273.7,0.0
25.9,168.5,67,4318.0,0.0
25.2,170.4,68,3913.5,1.61
24.7,102.9,69,3874.2,1.8
28.4,160.9,65,3949.1,1.45
28.5,166.9,66,4945.0,0.0
25.6,124.9,69,4039.3,1.02
27.0,137.6,83,4061.2,0.92
26.8,132.6,69,4580.4,0.0
26.1,135.2,77,3744.1,2.41
25.7,167.7,69,4464.7,0.0
25.1,133.4,72,4499.2,0.0
29.2,124.2,73,3596.8,3.1
29.0,110.4,79,3784.9,2.22
26.5,154.0,67,4199.7,0.27
28.3,106.7,65,4753.1,0.0
27.0,104.9,84,4598.5,0.0
24.5,154.5,71,4810.2,0.0
28.9,155.5,77,4776.5,0.0
25.3,115.9,67,4267.3,0.0
28.2,176.6,74,4433.4,0.0
27.2,163.0,82,4881.2,0.0
28.1,154.9,80,4611.6,0.0
26.8,160.3,73,4036.8,1.04
28.2,133.0,79,4025.5,1.09
24.2,136.5,78,4049.9,0.97
24.2,169.6,83,4242.8,0.07
29.4,102.0,70,4043.7,1.0
28.5,164.2,71,3781.3,2.24
29.0,135.8,69,4392.4,0.0
26.7,137.1,77,4803.8,0.0
26.8,126.1,69,4238.8,0.09
27.2,148.6,78,3828.7,2.01
25.5,154.1,65,4719.6,0.0
28.4,112.9,84,4633.6,0.0
29.0,145.3,65,4550.3,0.0
29.4,137.2,73,4512.1,0.0
27.1,162.6,73,4673.4,0.0
26.5,143.6,79,4745.4,0.0
29.0,134.4,69,4847.3,0.0
28.5,142.3,71,4414.9,0.0
29.2,139.2,66,4090.4,0.78
27.9,174.8,75,3634.8,2.92
29.3,125.0,74,4583.6,0.0
24.5,103.0,83,3711.8,2.56
28.1,153.0,69,4802.8,0.0
24.5,148.3,79,4108.8,0.7
28.5,172.8,66,4814.2,0.0
27.8,109.4,75,4277.7,0.0
24.1,141.8,68,4180.2,0.36
27.6,112.1,81,4045.4,0.99
24.9,136.5,66,3592.0,3.12
24.9,163.9,74,3517.3,3.48
24.9,168.6,75,4263.0,0.0
26.9,166.7,65,4851.7,0.0
24.7,143.8,82,4379.2,0.0
24.8,150.7,69,4793.6,0.0
25.5,144.1,69,4999.6,0.0
24.0,144.9,68,3767.9,2.3
25.7,170.8,73,4489.4,0.0
27.7,116.7,83,4125.4,0.62
27.6,135.1,67,3813.2,2.09
29.8,148.8,79,3861.4,1.86
24.7,161.2,78,3867.0,1.83
29.2,161.0,65,4594.5,0.0
26.3,109.4,74,4032.5,1.06
26.3,117.8,77,3883.6,1.75
26.1,172.9,76,4828.9,0.0
24.7,128.6,65,3551.5,3.32
26.9,100.2,66,4603.4,0.0
28.7,116.0,75,4940.8,0.0
29.3,177.6,76,4438.5,0.0
29.8,124.8,65,4322.2,0.0
28.7,149.1,74,3592.2,3.12
27.7,158.1,67,4254.4,0.01
27.0,151.7,73,4042.1,1.01
29.2,130.2,81,4667.2,0.0
28.4,134.4,83,4717.7,0.0
25.0,167.0,82,3751.4,2.38
28.1,153.0,69,4283.4,0.0
26.6,101.9,71,4789.9,0.0
27.6,116.3,79,4436.8,0.0
29.4,122.9,70,4221.5,0.17
27.9,129.2,69,4847.1,0.0
29.6,146.2,83,4949.7,0.0
29.2,129.3,77,3852.9,1.9
24.8,166.0,71,3774.2,2.27
24.1,137.9,66,4797.2,0.0
26.3,140.2,70,3864.4,1.85
29.2,134.2,79,4771.8,0.0
25.4,124.8,69,3951.8,1.43
28.1,158.0,69,3528.8,3.42
26.9,118.4,68,4132.9,0.58
28.5,155.2,77,3560.6,3.27
25.0,142.4,82,3812.0,2.09
25.4,108.2,65,4219.0,0.18
25.5,101.4,67,3557.7,3.29
27.3,113.6,71,3549.8,3.32
25.7,160.9,65,3732.7,2.46
28.9,130.8,78,4194.1,0.3
26.1,164.4,79,4961.0,0.0
28.0,140.2,80,3640.1,2.9
29.7,102.6,69,4432.9,0.0
27.6,167.7,67,4245.6,0.05
25.5,174.9,81,3590.2,3.13
29.0,105.9,69,3551.2,3.32
24.1,116.7,65,3832.8,1.99
25.5,157.2,77,4527.1,0.0
26.3,179.8,82,4943.6,0.0
25.2,170.1,65,4334.1,0.0
27.6,107.9,83,3568.7,3.23
27.3,148.6,70,3887.0,1.74
26.4,153.2,73,4913.5,0.0
25.8,150.5,78,3518.8,3.47
26.6,145.4,75,4403.4,0.0
25.7,123.4,68,3768.4,2.3
25.3,153.5,71,3599.3,3.09
26.1,158.3,82,3881.7,1.76
27.6,146.1,82,4905.5,0.0
27.9,139.8,70,4642.6,0.0
25.8,117.5,69,3756.8,2.35
29.7,143.6,70,3598.6,3.09
25.6,110.3,66,4239.7,0.08
28.3,105.8,66,3579.0,3.19
24.5,162.2,65,4106.1,0.71
28.0,154.1,82,4700.4,0.0
26.8,151.9,74,4251.0,0.03
27.4,174.3,71,4845.3,0.0
25.1,130.5,66,4686.9,0.0
26.6,132.0,83,4332.9,0.0
28.6,133.1,74,4685.6,0.0
28.6,137.2,76,3642.3,2.89
25.4,141.0,76,3802.0,2.14
26.1,162.2,79,4550.6,0.0
24.0,117.4,82,3508.6,3.52
24.5,134.7,65,3507.0,3.52
24.8,140.4,70,4070.5,0.88
25.8,113.5,73,4800.6,0.0
28.6,156.2,70,4971.3,0.0
27.1,104.5,70,4474.8,0.0
28.8,146.9,70,4925.4,0.0
28.5,116.2,80,4771.5,0.0
27.5,100.7,79,3802.2,2.14
27.0,125.3,72,4105.9,0.71
29.6,134.3,66,4435.7,0.0
27.4,165.4,75,3727.0,2.49
26.9,132.6,73,3969.7,1.35
29.2,173.2,80,4634.6,0.0
24.4,167.4,66,4017.0,1.13
27.9,115.4,75,4888.9,0.0
24.7,112.5,81,4110.2,0.69
28.9,119.5,70,3829.6,2.01
28.8,128.8,70,3815.2,2.08
27.0,146.7,73,4530.8,0.0
28.0,109.9,65,4052.2,0.96
28.6,142.6,76,3855.9,1.89
26.9,146.5,75,4540.8,0.0
29.4,152.9,81,4132.1,0.59
26.6,144.0,71,4769.0,0.0
29.4,166.0,68,4323.5,0.0
27.5,151.3,73,4958.3,0.0
26.6,174.0,83,4061.7,0.92
24.0,156.1,79,3923.2,1.57
25.8,134.9,70,4466.8,0.0
29.2,116.8,68,4562.5,0.0
26.6,100.8,69,3525.5,3.44
26.5,107.2,77,4504.1,0.0
26.9,115.2,69,3771.5,2.28
25.7,117.3,66,4938.3,0.0
26.9,159.4,75,4364.0,0.0
26.3,130.9,82,3690.0,2.66
29.5,126.0,79,3579.1,3.19
27.4,104.2,81,4819.4,0.0
29.0,143.1,81,4775.9,0.0
28.1,149.0,84,4151.1,0.5
25.3,170.2,83,3631.2,2.94
29.2,140.2,84,4085.0,0.81
24.5,100.6,80,4640.8,0.0
26.7,105.2,75,4492.2,0.0
25.4,121.7,81,4797.7,0.0
27.2,111.1,72,4626.8,0.0
25.8,161.6,72,3995.2,1.23
28.3,108.6,76,4011.7,1.15
29.6,112.9,79,4471.6,0.0
28.3,153.3,68,3965.3,1.37
26.1,119.2,72,4801.5,0.0
27.6,177.5,79,3991.6,1.25
29.3,169.1,69,4233.4,0.11
25.6,159.6,74,3564.8,3.25
24.7,127.5,84,3677.1,2.73
24.8,104.5,83,3697.8,2.63
27.0,126.9,79,4016.2,1.13
28.4,130.1,70,3674.9,2.74
27.9,110.2,73,4185.7,0.34
26.7,109.7,70,3903.7,1.66
28.4,153.4,73,3908.7,1.64
27.8,118.6,72,4168.3,0.42
27.8,154.2,80,4780.8,0.0
25.2,143.9,74,4642.6,0.0
25.9,172.1,73,4825.6,0.0
26.1,163.8,72,4985.3,0.0
28.8,112.1,78,3516.7,3.48
28.7,148.8,71,4538.8,0.0
25.5,152.3,75,3679.7,2.71
24.3,169.0,84,4905.2,0.0
28.6,151.3,80,3840.3,1.96
26.5,111.3,81,4024.9,1.09
25.3,120.7,72,4968.6,0.0
24.7,151.0,76,4800.8,0.0
24.1,173.0,81,3570.8,3.22
26.6,171.3,79,3570.3,3.23
26.0,128.7,71,4728.3,0.0
28.2,166.5,83,3605.6,3.06
29.9,140.9,81,4777.6,0.0
25.2,137.1,77,4886.9,0.0
25.5,128.1,72,3535.8,3.39
26.0,154.3,78,3830.0,2.01
26.8,148.0,72,3534.8,3.39
28.2,130.0,78,3609.2,3.04
26.1,161.0,69,4301.1,0.0
24.6,130.3,76,4595.2,0.0
28.4,146.8,84,4219.2,0.18
28.8,131.4,75,4078.9,0.84
25.5,109.4,68,3810.1,2.1
24.8,112.9,84,3854.9,1.89
27.2,152.5,66,4373.6,0.0
25.2,164.9,74,4783.6,0.0
26.2,137.5,74,4106.9,0.71
28.7,126.0,71,4909.4,0.0
25.3,126.9,76,3578.2,3.19
28.8,147.8,80,4743.8,0.0
28.0,137.4,74,4008.0,1.17
25.3,100.1,72,4803.2,0.0
27.2,161.7,72,4879.1,0.0
27.7,111.4,69,4550.6,0.0
25.2,154.0,68,4032.6,1.05
24.9,127.5,76,4185.4,0.34
27.2,146.2,75,4327.7,0.0
28.2,168.4,79,4193.1,0.3
26.8,112.3,77,4686.7,0.0
24.4,162.2,65,4657.3,0.0
29.6,103.1,69,3519.0,3.47
28.2,173.7,70,3727.5,2.49
27.7,116.1,77,4045.3,1.0
27.9,163.6,74,4508.6,0.0
26.4,105.4,76,3844.5,1.94
29.9,126.2,67,3984.2,1.28
24.8,150.7,75,4193.1,0.3
28.4,152.7,79,4384.3,0.0
26.5,155.9,81,4852.7,0.0
29.3,128.1,69,4706.9,0.0
28.3,153.3,69,4038.8,1.03
27.4,134.3,75,4652.0,0.0
29.6,145.3,72,4749.0,0.0
29.5,143.8,75,4283.5,0.0
24.3,113.5,84,3944.1,1.47
25.2,167.7,79,4914.6,0.0
28.1,169.4,73,4943.4,0.0
29.5,116.3,82,3836.9,1.97
26.6,133.3,70,4677.6,0.0
24.2,137.2,70,3562.6,3.26
27.9,143.9,75,3503.6,3.54
25.2,101.8,84,4027.4,1.08
27.3,160.7,67,4193.8,0.3
26.3,169.0,75,4319.5,0.0
27.3,111.4,67,4067.4,0.89
29.6,171.7,82,3693.2,2.65
26.9,168.1,67,4017.2,1.13
24.2,143.4,84,4732.7,0.0
27.5,122.0,74,4003.6,1.19
26.0,116.6,68,4388.5,0.0
28.7,139.1,68,4521.3,0.0
26.8,140.6,65,4598.7,0.0
28.4,152.1,81,4232.0,0.12
29.5,164.1,70,3688.6,2.67
26.2,174.8,68,4850.8,0.0
29.9,163.7,73,3890.5,1.72
24.9,172.7,74,4008.4,1.17
27.9,139.9,69,4660.7,0.0
24.2,103.1,72,4645.3,0.0
25.3,104.1,82,4844.6,0.0
27.8,121.5,72,3550.6,3.32
24.3,149.1,82,4811.8,0.0
24.6,126.8,71,4688.3,0.0
25.7,113.3,72,4287.6,0.0
27.5,168.0,71,3739.2,2.43
24.1,178.8,83,4317.5,0.0
26.9,101.3,75,3790.9,2.19
27.8,107.2,75,4947.4,0.0
26.4,139.9,67,4563.2,0.0
24.4,127.0,84,4394.4,0.0
27.7,162.6,77,4720.0,0.0
27.6,152.3,74,4298.7,0.0
27.0,105.5,70,3590.4,3.13
28.2,143.6,67,3888.5,1.73
25.2,126.9,74,4972.5,0.0
28.1,177.2,66,4776.2,0.0
25.0,138.0,65,4891.2,0.0
26.4,174.2,76,3646.7,2.87
24.4,102.4,68,3872.0,1.81
28.9,108.3,84,3594.9,3.11
27.2,130.9,75,4733.2,0.0
29.8,171.0,65,3760.9,2.33
29.7,143.6,80,4115.1,0.67
30.0,165.9,70,3904.3,1.66
24.6,122.7,79,4895.5,0.0
27.6,108.9,74,4412.6,0.0
26.4,119.7,72,4699.3,0.0
27.2,151.6,81,4403.2,0.0
25.9,169.7,77,4418.8,0.0
24.3,136.4,73,4074.4,0.86
28.2,115.5,70,3858.5,1.87
29.8,151.0,81,4022.6,1.1
27.2,115.8,66,3942.3,1.48
26.0,145.6,82,4536.8,0.0
29.6,108.2,80,4133.8,0.58
26.2,164.9,70,4325.2,0.0
29.5,164.4,67,4656.4,0.0
29.1,143.3,67,3899.8,1.68
27.2,103.1,78,4135.5,0.57
28.1,122.4,74,4279.2,0.0
28.2,111.1,74,3580.7,3.18
27.8,141.9,66,3728.3,2.48
25.0,108.1,71,3595.3,3.11
28.2,169.6,78,4628.4,0.0
24.0,168.0,81,3949.9,1.44
28.3,112.5,81,4133.9,0.58
27.3,155.6,74,4508.5,0.0
25.6,155.7,67,4949.7,0.0
28.8,131.7,81,4716.6,0.0
26.4,112.2,77,3586.7,3.15
26.9,110.6,80,3958.6,1.4
24.2,159.2,67,3573.6,3.21
26.4,117.6,79,3592.5,3.12
25.0,148.3,71,3691.2,2.66
25.7,169.3,77,3981.6,1.29
25.5,147.4,71,3847.2,1.93
24.3,177.9,75,4028.3,1.08
26.8,151.6,78,4733.0,0.0
27.1,125.2,75,4696.5,0.0
27.4,168.2,83,4026.1,1.09
26.8,124.9,71,4489.7,0.0
29.2,177.7,66,4059.0,0.93
24.2,138.2,67,4078.9,0.84
27.7,176.3,66,4513.6,0.0
29.2,114.7,69,4076.5,0.85
24.2,100.9,82,4323.9,0.0
27.0,115.7,80,3672.8,2.75
27.5,107.9,67,4308.2,0.0
25.1,158.7,79,4613.0,0.0
25.5,121.2,84,4832.6,0.0
28.7,151.2,84,3720.9,2.52
27.4,153.5,77,4116.1,0.66
25.9,155.1,70,4229.3,0.13
28.6,166.6,80,4857.2,0.0
28.5,111.9,75,3886.1,1.74
26.1,104.0,78,3748.5,2.39
26.9,102.4,79,3712.2,2.56
28.0,108.3,69,3732.3,2.47
26.1,130.3,70,4804.3,0.0
27.8,177.4,79,4429.7,0.0
25.5,128.3,83,4131.1,0.59
25.8,136.2,75,4800.1,0.0
25.9,165.2,84,3947.0,1.46
29.6,173.5,70,4891.8,0.0
29.0,177.7,75,4638.3,0.0
27.4,166.1,72,3530.9,3.41
27.4,140.2,76,4193.9,0.3
24.3,118.4,81,4763.7,0.0
27.9,147.9,65,4094.2,0.77
26.0,115.7,74,4980.7,0.0
27.7,104.5,78,4769.9,0.0
29.0,173.5,71,4629.6,0.0
24.3,138.8,82,3703.3,2.6
27.6,140.7,73,3661.8,2.8
27.4,148.7,80,4461.8,0.0
25.2,136.1,74,4492.1,0.0
27.9,135.6,76,3721.3,2.52
27.3,173.2,73,4780.9,0.0
28.6,165.3,78,4810.6,0.0
24.7,117.0,66,4124.9,0.62
26.7,123.3,74,4411.6,0.0
30.0,152.8,74,4266.1,0.0
28.1,145.7,66,3553.5,3.31
28.1,161.3,70,3635.6,2.92
25.9,158.2,75,4669.7,0.0
24.6,156.7,73,4232.5,0.12
29.7,170.4,67,4416.4,0.0
24.6,161.3,83,4419.3,0.0
30.0,119.4,75,4069.4,0.88
24.8,169.8,68,3544.1,3.35
25.0,126.8,79,4680.4,0.0
25.9,172.9,76,4202.7,0.26
27.1,165.9,68,3708.4,2.58
28.7,105.9,79,3531.6,3.41
29.8,161.7,81,3526.3,3.43
26.2,140.0,82,3550.0,3.32
24.1,178.2,69,3732.5,2.46
27.7,136.7,74,3847.2,1.93
28.3,105.4,84,3870.7,1.82
26.4,123.5,73,4448.2,0.0
25.1,134.4,82,3862.3,1.85
25.8,147.4,76,4510.9,0.0
27.9,112.2,72,4735.0,0.0
27.0,141.2,75,4077.2,0.85
28.5,138.7,68,4577.5,0.0
25.3,166.9,73,3656.2,2.82
29.1,124.2,68,3991.9,1.25
24.9,136.0,82,4524.0,0.0
26.0,131.1,78,4897.7,0.0
27.5,150.6,78,4423.3,0.0
28.4,166.9,65,4045.8,0.99
25.6,154.0,73,3970.5,1.35
29.7,137.2,70,4087.3,0.8
28.2,151.0,82,4479.3,0.0
25.3,125.8,75,3990.5,1.25
28.4,111.5,71,4205.0,0.24
28.2,125.6,72,4638.5,0.0
28.5,135.5,67,3856.7,1.88
29.5,135.1,75,4574.8,0.0
28.3,159.0,75,4642.2,0.0
26.1,174.9,66,4795.5,0.0
28.7,131.1,79,3535.8,3.39
28.2,106.9,79,3670.6,2.76
27.4,102.7,69,4932.3,0.0
26.1,100.3,84,3688.7,2.67
29.5,175.0,72,4231.8,0.12
27.1,179.7,80,3750.4,2.38
27.8,104.1,76,4717.8,0.0
26.5,128.7,78,3644.8,2.88
28.7,153.5,77,3628.4,2.95
26.0,114.3,73,4257.1,0.0
28.9,147.6,71,3857.3,1.88
24.6,165.1,81,4492.3,0.0
28.3,168.6,66,4527.2,0.0
26.9,156.5,72,4379.1,0.0
28.2,106.5,77,4752.0,0.0
27.2,127.9,72,4546.0,0.0
24.8,177.4,82,3781.3,2.24
26.9,115.4,77,3617.6,3.0
29.8,136.3,72,4621.6,0.0
28.5,126.7,80,4610.0,0.0
25.8,116.4,84,4775.5,0.0
29.7,125.9,67,3803.5,2.13
28.7,115.2,79,3834.7,1.98
26.2,170.2,74,4365.0,0.0
27.6,114.0,82,3733.4,2.46
26.6,149.9,83,3944.5,1.47
24.6,175.4,66,4718.6,0.0
28.8,176.2,74,4001.3,1.2
25.1,148.0,80,3517.0,3.48
26.7,121.7,72,4476.2,0.0
28.2,119.8,71,3770.9,2.28
29.6,159.8,68,3793.7,2.18
24.4,178.5,73,3524.8,3.44
26.4,106.2,66,4367.0,0.0
27.7,163.2,80,4342.9,0.0
28.7,109.8,71,3644.7,2.88
29.5,123.9,79,3575.6,3.2
24.0,145.3,69,4236.3,0.1
27.8,123.8,65,4671.9,0.0
24.0,152.0,84,4930.6,0.0
28.7,133.4,69,3612.7,3.03
24.9,117.5,77,4562.3,0.0
29.4,142.5,84,3787.2,2.21
24.9,101.9,77,3551.0,3.32
28.6,159.3,82,4002.2,1.2
25.7,141.8,66,4360.8,0.0
27.3,175.7,82,4402.0,0.0
27.7,108.2,74,3573.8,3.21
25.2,158.6,67,4891.7,0.0
25.8,124.1,74,3581.9,3.17
24.6,129.9,73,3825.8,2.03
24.0,127.9,67,4148.8,0.51
25.4,128.6,70,4918.5,0.0
27.1,134.5,75,4986.8,0.0
28.3,101.7,70,3500.5,3.55
28.8,167.7,69,3836.8,1.97
24.4,170.5,78,4252.0,0.02
25.6,103.2,66,4541.6,0.0
28.6,162.1,65,4485.1,0.0
26.9,105.8,69,3877.3,1.78
25.1,164.6,72,3796.3,2.17
26.4,149.0,74,3521.4,3.46
25.6,124.5,83,4764.3,0.0
24.3,149.1,67,4068.2,0.89
28.6,140.5,82,4796.5,0.0
25.8,150.9,71,3985.6,1.28
29.7,138.0,77,4634.1,0.0
29.3,161.8,78,3604.5,3.07
28.3,103.6,82,4717.2,0.0
26.0,127.5,76,4836.5,0.0
25.7,144.7,72,3897.3,1.69
26.9,147.1,82,3712.8,2.56
26.1,113.6,70,3794.2,2.17
29.4,106.0,76,4801.7,0.0
24.7,101.7,67,3929.3,1.54
28.3,133.0,67,3847.0,1.93
27.7,126.4,80,4968.3,0.0
28.8,145.4,81,4505.0,0.0
27.3,136.0,80,4748.3,0.0
27.8,131.5,77,4620.6,0.0
29.8,167.5,77,4061.0,0.92
24.6,149.7,76,4794.1,0.0
24.6,151.7,66,4382.3,0.0
26.4,130.5,78,4486.1,0.0
26.8,162.1,74,3989.1,1.26
25.2,112.2,83,4971.7,0.0
24.5,132.2,69,4781.9,0.0
24.1,103.8,80,3722.2,2.51
28.6,109.2,69,3805.8,2.12
26.9,106.5,66,4622.9,0.0
29.1,135.3,70,3538.6,3.38
26.2,155.8,76,4003.2,1.19
28.2,125.0,77,4298.8,0.0
26.9,102.1,77,3807.4,2.11
27.7,156.6,78,4809.7,0.0
26.2,116.6,83,4833.9,0.0
24.5,157.8,79,4935.3,0.0
29.7,100.6,67,3719.5,2.53
29.0,125.0,73,3618.9,3.0
25.9,149.7,74,4334.1,0.0
29.8,169.7,71,4688.6,0.0
25.8,160.3,78,3936.6,1.51
26.7,136.0,81,3861.5,1.86
28.5,157.5,78,4276.6,0.0
25.9,143.0,74,4223.1,0.16
25.9,165.1,69,4219.3,0.18
26.5,161.8,82,4107.9,0.7
26.8,178.1,81,4590.6,0.0
24.7,108.4,82,4422.0,0.0
24.1,127.3,68,4231.7,0.12
29.5,115.4,84,4581.1,0.0
26.1,150.5,65,3892.5,1.71
24.6,153.1,77,4837.8,0.0
28.6,116.3,74,4076.3,0.85
25.8,133.7,79,3991.4,1.25
25.1,148.2,69,4313.4,0.0
29.8,152.7,82,3905.6,1.65
29.5,108.2,68,3903.1,1.66
24.6,173.7,65,3616.8,3.01
29.4,102.7,74,4477.9,0.0
29.3,177.8,81,4869.1,0.0
27.8,125.3,67,4527.9,0.0
27.2,125.3,68,4351.6,0.0
25.3,135.7,76,4567.7,0.0
24.7,155.6,75,4949.7,0.0
27.6,112.8,67,4004.7,1.19
28.9,120.4,75,4146.0,0.52
28.1,176.9,67,3929.3,1.54
25.1,170.1,68,3525.1,3.44
25.7,117.0,67,4021.1,1.11
27.3,145.8,76,3607.4,3.05
27.7,116.3,76,4787.6,0.0
24.4,144.0,81,4573.4,0.0
27.7,129.3,72,3956.0,1.41
28.4,129.0,74,3991.9,1.25
25.1,150.8,80,4354.4,0.0
25.5,120.1,83,4697.0,0.0
25.6,132.3,79,4578.1,0.0
29.6,174.0,75,3543.2,3.35
26.4,160.4,71,4677.9,0.0
27.2,130.7,71,4822.0,0.0
28.3,118.4,82,3634.8,2.92
26.2,152.7,83,4655.1,0.0
24.6,164.6,80,3877.6,1.78
27.9,168.9,67,3760.6,2.33
28.0,145.1,70,4315.8,0.0
25.6,141.3,65,4329.0,0.0
24.2,157.6,65,4206.3,0.24
28.0,114.1,79,4852.7,0.0
28.2,168.2,84,3862.4,1.85
24.2,105.9,75,4403.8,0.0
28.2,148.2,74,4114.8,0.67
29.6,147.2,67,4810.7,0.0
25.1,124.9,68,3699.2,2.62
27.1,102.8,76,3624.4,2.97
28.2,157.4,70,4989.1,0.0
25.4,101.9,84,4365.8,0.0
28.5,114.4,83,4867.9,0.0
29.2,143.5,80,4112.3,0.68
28.9,175.2,74,4406.4,0.0
25.6,105.3,70,4541.1,0.0
28.8,146.3,84,4979.2,0.0
26.5,126.3,69,3669.1,2.76
25.6,153.6,74,3687.2,2.68
25.0,176.2,76,4284.8,0.0
29.5,121.5,82,3583.7,3.16
26.6,176.5,67,4591.2,0.0
29.2,169.7,69,4986.1,0.0
25.0,148.6,67,4717.2,0.0
28.6,160.7,67,3898.7,1.68
24.7,169.2,73,4699.3,0.0
24.1,164.3,68,4441.8,0.0
30.0,126.1,84,3679.1,2.72
24.4,165.0,81,4348.9,0.0
26.8,125.1,71,4845.2,0.0
29.3,169.4,77,3934.9,1.51
28.9,120.4,76,4488.7,0.0
26.8,145.8,82,3562.3,3.26
27.7,155.4,79,4751.3,0.0
27.8,134.1,69,3808.9,2.11
24.7,162.6,65,4412.9,0.0
25.7,174.0,73,4286.3,0.0
25.8,114.9,73,4322.2,0.0
26.3,102.7,77,3880.6,1.77
25.6,150.1,75,4338.7,0.0
25.5,148.2,73,4404.1,0.0
26.1,127.3,69,4138.2,0.56
26.3,162.8,78,4449.9,0.0
26.9,166.1,80,3787.4,2.21
25.0,126.6,66,4268.9,0.0
28.7,154.6,79,4575.2,0.0
29.2,151.4,81,4052.0,0.96
25.5,127.4,69,4116.7,0.66
24.7,177.5,74,3746.3,2.4
28.3,127.7,79,4424.7,0.0
29.5,149.6,84,3685.3,2.69
24.2,130.4,68,4251.2,0.03
24.1,100.9,68,3815.6,2.07
25.1,107.3,71,3791.2,2.19
28.1,118.6,65,3643.7,2.88
29.8,165.0,84,4036.1,1.04
28.5,135.4,66,4801.1,0.0
27.4,147.1,83,4407.4,0.0
28.2,175.5,68,4668.7,0.0
25.4,111.8,65,3671.9,2.75
28.1,168.9,65,3970.0,1.35
25.9,130.3,67,4082.9,0.82
25.3,127.0,82,4790.0,0.0
25.4,150.0,67,4496.6,0.0
28.0,171.9,67,4235.7,0.1
28.6,127.9,77,3950.7,1.44
27.5,160.9,65,4639.9,0.0
24.4,101.5,77,4832.5,0.0
24.2,149.8,69,4305.2,0.0
25.3,150.4,81,3565.1,3.25
25.7,144.5,75,3907.8,1.64
26.4,175.0,74,4618.7,0.0
24.5,175.1,79,4081.4,0.83
28.4,127.4,77,4438.9,0.0
28.3,136.5,74,4286.8,0.0
26.1,163.4,73,4861.6,0.0
27.4,167.5,71,3960.5,1.39
24.6,133.4,74,4169.1,0.41
26.5,127.9,73,3597.2,3.1
29.1,165.6,77,4707.4,0.0
28.0,130.1,80,3988.7,1.26
24.6,132.4,66,4582.9,0.0
29.1,110.8,72,3504.5,3.54
28.1,143.4,71,4801.1,0.0
26.7,126.1,66,4957.9,0.0
28.2,147.2,65,4204.9,0.25
25.0,135.9,68,4223.9,0.16
27.3,159.9,70,4424.5,0.0
27.7,122.2,66,4962.7,0.0
29.6,113.8,71,4337.9,0.0
24.4,156.2,74,3610.8,3.04
26.2,130.7,73,4347.8,0.0
29.6,145.1,66,4128.6,0.6
25.3,175.3,79,4641.3,0.0
28.9,138.7,79,3955.0,1.42
24.0,112.2,80,4886.7,0.0
24.2,134.1,66,4700.1,0.0
26.0,138.3,81,3989.9,1.26
28.6,161.3,75,4028.0,1.08
24.6,115.6,82,4276.7,0.0
26.3,127.8,65,3649.4,2.86
24.8,104.0,76,4535.2,0.0
25.3,156.2,70,4413.7,0.0
27.0,159.5,82,3978.1,1.31
25.9,136.6,81,4457.1,0.0
25.3,143.1,81,3647.4,2.86
26.4,160.0,66,4928.1,0.0
28.2,121.5,82,3600.5,3.08
24.7,148.6,79,3993.3,1.24
26.9,177.1,65,4955.8,0.0
25.6,152.6,84,4097.5,0.75
26.3,106.2,78,4828.4,0.0
28.9,123.2,77,3726.3,2.49
29.6,141.5,76,3600.1,3.09
25.5,105.8,72,3662.3,2.79
27.8,154.1,71,4958.1,0.0
28.1,152.3,72,3633.2,2.93
29.1,170.1,82,4477.6,0.0
29.4,140.0,79,4160.9,0.45
26.8,155.4,71,4791.2,0.0
29.9,114.6,65,3941.5,1.48
29.8,100.2,70,3543.4,3.35
27.0,113.8,80,4622.9,0.0
27.3,105.0,78,4383.1,0.0
28.0,134.2,72,4151.8,0.49
26.2,137.5,74,3984.5,1.28
28.0,151.6,81,4849.2,0.0
27.1,111.3,79,3682.7,2.7
24.2,117.2,78,3712.0,2.56
29.1,163.9,84,3522.2,3.45
29.6,146.1,75,3608.8,3.05
24.2,102.3,70,4785.9,0.0
28.7,167.9,68,4690.5,0.0
26.3,150.4,69,3653.6,2.84
27.5,114.9,75,4669.7,0.0
27.0,120.2,76,4461.6,0.0
27.3,144.3,75,4081.2,0.83
27.0,144.9,82,3626.3,2.96
29.1,164.4,71,4403.5,0.0
28.1,128.7,65,4759.5,0.0
26.5,143.9,80,4131.1,0.59
28.1,146.6,82,4136.6,0.57
29.8,144.7,76,4740.0,0.0
24.5,105.8,75,3815.9,2.07
26.3,132.9,72,3758.7,2.34
29.2,127.1,65,4543.4,0.0
28.4,179.4,80,4484.7,0.0
29.6,137.3,66,4868.2,0.0
24.2,134.8,70,4001.4,1.2
29.2,138.7,81,3803.0,2.13
28.8,173.5,81,4143.2,0.54
28.9,148.9,66,4075.7,0.85
27.6,131.1,83,4907.1,0.0
24.3,173.0,73,4876.4,0.0
27.2,174.4,67,4142.2,0.54
26.4,121.1,74,4118.7,0.65
27.2,131.5,69,4167.5,0.42
28.4,177.3,73,4596.3,0.0
27.6,143.3,78,4325.1,0.0
25.8,134.5,75,3931.9,1.53
27.6,115.6,83,4653.1,0.0
24.5,130.8,80,4855.7,0.0
24.0,150.5,78,4576.6,0.0
26.4,103.1,78,3792.0,2.19
28.5,106.7,68,4687.7,0.0
28.9,100.4,72,4983.4,0.0
27.3,117.5,71,4527.7,0.0
29.2,114.6,67,3865.8,1.84
24.8,168.1,78,3508.3,3.52
29.8,114.8,75,4078.1,0.84
29.5,152.9,83,4205.4,0.24
27.6,109.5,68,4864.5,0.0
24.4,147.5,68,4429.5,0.0
26.7,134.8,72,3922.4,1.57
25.1,132.7,79,4537.6,0.0
27.8,168.5,80,3638.3,2.91
25.1,113.4,68,3820.1,2.05
26.9,147.6,74,4616.7,0.0
25.2,165.7,69,3945.8,1.46
25.1,157.1,68,3546.7,3.34
25.5,178.7,66,4245.2,0.06
24.2,100.2,82,4487.1,0.0
28.3,170.7,72,4683.5,0.0
25.8,149.1,79,3959.0,1.4
28.2,100.2,68,4136.9,0.56
27.9,137.2,77,4334.8,0.0
24.4,161.4,78,3612.0,3.03
25.9,114.6,73,3796.5,2.16
27.4,154.3,70,4053.9,0.95
29.5,111.2,76,3900.8,1.67
26.4,164.3,77,4198.7,0.27
27.0,145.5,70,4476.1,0.0
28.5,102.7,84,4309.5,0.0
28.8,107.3,83,4661.3,0.0
29.5,169.1,84,4439.5,0.0
27.0,102.6,84,3937.9,1.5
25.2,123.9,72,3680.0,2.71
28.6,145.4,69,4459.5,0.0
24.8,117.1,72,3817.9,2.06
26.5,117.9,77,3978.0,1.31
27.8,162.1,77,4692.8,0.0
28.2,123.3,69,3829.9,2.01
28.4,103.1,78,4306.8,0.0
25.2,157.7,82,3642.2,2.89
29.9,176.3,79,4124.8,0.62
25.1,166.6,65,4970.4,0.0
24.6,143.9,71,4931.6,0.0
28.0,134.0,74,4919.9,0.0
29.5,174.0,66,4392.7,0.0
27.4,161.3,77,3942.0,1.48
27.6,145.7,67,4032.4,1.06
27.2,170.4,72,3809.1,2.1
24.3,148.1,76,3646.4,2.87
28.1,177.9,68,3753.3,2.37
26.1,168.7,72,4200.9,0.26
29.6,144.0,65,3540.5,3.37
25.1,173.8,67,4908.8,0.0
25.8,127.4,79,4342.4,0.0
27.0,156.1,79,3760.3,2.33
26.9,113.7,76,4124.5,0.62
26.4,171.6,65,4064.4,0.91
25.9,119.8,75,4753.0,0.0
24.9,175.9,83,3680.7,2.71
28.9,101.4,69,4144.8,0.53
26.7,154.5,81,4567.0,0.0
27.4,112.0,66,4059.8,0.93
27.3,161.7,77,4036.4,1.04
27.5,139.4,67,4010.7,1.16
28.2,172.8,77,4643.0,0.0
27.8,157.2,72,3679.0,2.72
25.6,161.5,77,4785.1,0.0
27.3,109.6,67,3606.3,3.06
25.5,107.7,73,3978.5,1.31
27.5,168.0,66,4083.6,0.82
26.6,118.1,72,4090.4,0.78
24.2,169.4,65,3781.5,2.23
28.4,111.4,79,4404.7,0.0
25.6,124.7,72,4180.4,0.36
29.5,174.3,72,4351.4,0.0
25.7,167.2,71,4422.4,0.0
30.0,104.3,84,3787.0,2.21
26.8,135.8,77,4880.4,0.0
24.2,172.8,71,4745.1,0.0
24.5,101.2,71,4742.6,0.0
24.5,108.6,75,4297.5,0.0
24.3,151.6,66,4730.1,0.0
25.6,108.4,75,4441.2,0.0
25.9,135.9,83,4175.8,0.38
24.7,140.6,65,4628.7,0.0
26.6,168.8,81,4399.9,0.0
26.2,176.6,65,3503.0,3.54
27.8,141.0,77,4995.5,0.0
25.2,140.8,70,4144.8,0.53
29.5,158.1,69,4357.6,0.0
27.1,115.4,66,4108.9,0.7
27.7,175.3,74,3650.5,2.85
24.2,100.1,83,4751.0,0.0
27.4,100.1,71,4523.8,0.0
26.2,150.1,79,4742.8,0.0
29.5,127.3,75,4225.9,0.15
29.3,131.8,70,4687.6,0.0
27.8,117.7,69,4696.6,0.0
28.6,132.6,68,4004.4,1.19
27.9,166.2,70,3506.1,3.53
24.1,155.9,71,4789.7,0.0
28.2,107.6,76,3776.9,2.26
25.1,104.5,78,4803.1,0.0
28.1,140.5,66,4427.4,0.0
24.1,158.4,84,4452.1,0.0
25.9,153.2,67,3870.8,1.82
27.1,169.1,69,4103.9,0.72
26.0,110.7,74,3968.1,1.36
28.2,148.5,71,3785.5,2.22
27.1,161.3,73,4586.8,0.0
29.8,175.0,82,3643.8,2.88
26.1,108.1,70,4268.0,0.0
28.3,119.2,74,4304.0,0.0
29.0,128.4,76,4933.1,0.0
25.5,143.3,66,4804.1,0.0
28.5,132.7,65,4237.5,0.09
26.4,168.9,68,4766.3,0.0
24.8,176.0,79,4685.9,0.0
24.0,105.6,66,3541.8,3.36
28.5,156.0,67,4883.2,0.0
25.1,109.1,81,4531.9,0.0
24.3,171.8,66,4507.9,0.0
27.0,111.4,77,4570.2,0.0
26.1,179.3,72,3837.1,1.97
28.2,134.2,84,3543.8,3.35
24.6,130.6,83,3847.8,1.92
24.8,146.9,74,4691.9,0.0
26.4,131.5,71,4396.0,0.0
27.1,118.8,68,4041.9,1.01
28.9,150.3,82,3862.3,1.85
27.5,158.3,67,4699.7,0.0
29.4,175.6,79,4186.8,0.33
25.3,132.7,84,4417.6,0.0
27.6,156.5,81,3518.9,3.47
27.9,166.7,72,4144.9,0.53
28.4,166.5,79,3523.2,3.45
29.9,102.7,77,4681.1,0.0
26.8,128.5,78,3873.9,1.8
26.2,101.1,68,3750.7,2.38
29.1,144.7,75,4889.6,0.0
25.1,169.2,67,3527.0,3.43
24.2,165.2,83,3796.7,2.16
26.7,164.9,77,3860.7,1.86
25.5,128.1,68,4734.2,0.0
26.4,103.7,77,4565.1,0.0
29.9,113.8,79,4951.1,0.0
26.1,153.7,70,4542.3,0.0
28.2,110.7,82,3854.5,1.89
25.5,110.0,72,3750.3,2.38
25.8,128.3,73,4633.1,0.0
25.5,107.6,84,4851.4,0.0
27.4,126.4,66,4867.5,0.0
25.4,177.6,74,4656.6,0.0
28.3,101.6,66,4691.5,0.0
28.1,166.4,73,4493.6,0.0
26.5,179.5,73,4603.7,0.0
24.2,134.9,77,3674.1,2.74
24.1,175.4,74,3993.8,1.24
27.2,120.9,71,4187.1,0.33
29.0,178.6,77,4496.5,0.0
27.6,168.9,69,4126.5,0.61
26.6,170.8,76,4062.5,0.91
29.3,110.4,73,4345.4,0.0
25.2,169.6,73,4091.6,0.78
26.2,175.3,82,3608.8,3.05
27.4,165.5,72,4954.1,0.0
25.8,107.3,82,4889.2,0.0
30.0,106.8,74,3558.5,3.28
26.7,128.6,65,4293.8,0.0
24.3,156.4,74,4569.2,0.0
25.1,101.0,69,4414.8,0.0
27.2,176.1,82,4030.1,1.07
27.3,142.0,83,4704.9,0.0
29.9,128.7,77,4422.1,0.0
27.6,144.9,70,3858.4,1.87
28.0,157.3,81,4416.8,0.0
25.3,121.9,78,3912.0,1.62
24.6,123.3,70,4393.8,0.0
27.6,137.5,80,4646.5,0.0
29.2,153.6,73,3953.8,1.43
27.5,156.5,68,3923.8,1.57
26.7,125.9,82,4590.1,0.0
27.5,125.8,69,4262.6,0.0
26.8,139.0,65,3708.2,2.58
24.9,143.4,79,4318.5,0.0
28.4,152.0,76,4494.8,0.0
27.2,149.4,78,4237.0,0.09
26.4,129.8,76,4436.2,0.0
27.4,123.8,77,4047.3,0.99
25.4,124.6,67,4816.7,0.0
26.6,151.6,78,3859.9,1.87
27.7,134.7,71,3922.0,1.57
25.4,110.7,67,4660.5,0.0
28.5,100.5,73,3586.8,3.15
27.1,102.4,68,4981.1,0.0
29.2,169.4,66,4443.5,0.0
29.1,136.6,67,4711.2,0.0
27.0,152.6,65,4375.9,0.0
25.2,174.3,69,4679.5,0.0
28.4,110.1,73,4151.3,0.5
26.5,135.8,82,4365.1,0.0
27.6,143.1,77,4492.9,0.0
24.6,167.3,83,4852.9,0.0
27.8,179.5,83,3552.2,3.31
26.2,156.9,71,3663.4,2.79
26.0,151.3,71,4536.0,0.0
29.9,173.6,79,4016.5,1.13
26.6,167.0,81,4516.6,0.0
28.1,169.2,67,3841.6,1.95
27.8,100.2,81,4442.4,0.0
24.6,141.2,78,4217.2,0.19
28.5,162.6,69,3684.4,2.69
25.9,114.5,71,4894.1,0.0
28.8,160.1,83,4688.3,0.0
27.6,100.7,83,4671.6,0.0
25.9,146.0,65,4545.4,0.0
26.1,168.1,83,3532.0,3.41
28.4,134.5,81,4256.9,0.0
27.3,159.2,79,4626.4,0.0
28.0,142.4,72,3825.1,2.03
24.9,151.8,72,4422.9,0.0
28.7,141.3,65,4894.2,0.0
25.9,138.1,84,4629.4,0.0
27.7,167.3,73,4321.5,0.0
24.7,107.4,66,3964.9,1.37
25.9,146.8,65,4454.8,0.0
27.9,109.2,80,4571.6,0.0
25.6,145.0,77,4456.7,0.0
29.3,177.1,75,4633.1,0.0
28.0,104.6,65,3918.9,1.59
29.2,133.8,70,4261.7,0.0
26.4,164.2,65,4323.0,0.0
24.2,129.6,70,3634.8,2.92
27.5,141.6,73,3764.8,2.31
26.0,109.2,77,3959.9,1.4
26.7,117.8,80,3571.6,3.22
28.1,154.9,84,3850.4,1.91
28.2,166.3,68,4283.2,0.0
24.2,151.7,84,4312.6,0.0
28.6,167.0,75,3874.1,1.8
27.0,148.5,77,4919.7,0.0
27.3,164.8,65,4200.7,0.27
25.8,178.6,67,4455.9,0.0
26.5,106.6,75,3545.5,3.34
28.3,138.4,84,4098.8,0.74
28.7,115.2,72,4313.2,0.0
26.3,137.2,65,3968.4,1.36
28.1,140.0,83,3757.1,2.35
25.5,149.8,78,3801.7,2.14
29.0,135.1,82,4199.8,0.27
27.7,126.0,70,3606.5,3.06
28.7,103.5,73,3851.7,1.9
26.9,102.8,73,4579.3,0.0
25.4,114.0,79,3822.1,2.04
26.6,135.9,69,3675.4,2.73
26.3,133.4,83,3625.6,2.97
26.0,115.3,73,4983.1,0.0
25.3,165.8,73,3630.3,2.94
28.6,154.7,81,4150.2,0.5
24.5,127.5,79,4266.6,0.0
29.3,163.8,74,4946.9,0.0
25.1,179.1,73,4836.6,0.0
29.9,119.6,83,3856.5,1.88
29.9,129.0,71,3627.1,2.96
26.4,179.4,77,4156.9,0.47
29.9,111.0,66,3651.4,2.85
29.2,106.2,82,4806.7,0.0
24.5,141.7,72,4555.7,0.0
29.7,137.5,72,4915.7,0.0
24.3,106.3,84,4354.2,0.0
25.1,123.2,73,4046.6,0.99
27.5,133.5,77,4251.0,0.03
24.5,165.8,84,3741.2,2.42
25.0,156.6,76,4194.6,0.29
29.7,173.2,71,4998.1,0.0
30.0,126.6,77,4535.8,0.0
28.8,124.8,77,3593.5,3.12
27.1,137.1,68,4588.5,0.0
29.4,100.6,66,3651.0,2.85
24.7,116.6,66,4086.0,0.8
29.7,116.9,69,4679.4,0.0
26.1,104.9,66,3692.1,2.65
29.2,136.4,79,3939.1,1.49
28.0,172.4,66,3792.9,2.18
29.8,100.3,66,4805.1,0.0
29.2,150.3,84,3721.9,2.51
29.3,170.3,72,4303.7,0.0
27.8,108.6,69,3913.0,1.62
29.0,173.4,80,4260.9,0.0
28.5,165.5,78,3751.0,2.38
25.0,117.2,72,4636.4,0.0
27.9,172.4,75,4464.7,0.0
24.9,164.3,75,3565.1,3.25
29.2,108.9,72,4921.3,0.0
24.4,166.4,80,4839.5,0.0
29.9,143.4,72,3946.7,1.46
26.4,165.3,84,3937.8,1.5
25.0,149.4,84,4248.8,0.04
29.6,131.3,76,4428.7,0.0
24.3,148.1,69,3936.6,1.51
26.8,150.9,67,4693.0,0.0
28.6,161.3,82,3617.7,3.0
25.9,166.5,65,4096.8,0.75
27.2,153.1,83,4333.7,0.0
28.2,179.2,77,4699.5,0.0
29.7,162.3,75,4807.7,0.0
24.6,172.9,65,3866.6,1.83
24.9,125.6,82,3861.6,1.86
27.1,125.3,83,4052.4,0.96
26.5,129.0,77,4141.3,0.54
26.5,135.2,72,4772.6,0.0
25.8,176.9,82,3511.4,3.5
27.4,105.9,66,4527.4,0.0
29.3,139.9,83,3830.1,2.01
25.0,112.9,83,4823.6,0.0
25.3,164.9,69,3976.0,1.32
28.0,102.5,72,4306.3,0.0
24.3,136.4,84,3993.6,1.24
28.0,131.6,67,4137.9,0.56
25.9,107.4,66,4283.3,0.0
26.1,130.1,70,4621.3,0.0
26.4,164.7,80,3681.1,2.71
26.1,111.0,79,4028.3,1.08
29.0,178.7,68,4459.5,0.0
29.7,104.7,66,4383.2,0.0
27.3,123.1,78,4671.2,0.0
27.5,162.0,70,4833.6,0.0
24.4,128.6,84,3641.1,2.89
28.3,138.4,84,4570.8,0.0
27.5,114.9,68,3926.0,1.56
24.3,157.2,84,4222.1,0.16
25.2,114.4,65,4441.7,0.0
25.2,167.9,78,3725.9,2.5
25.0,143.2,67,4019.9,1.11
28.0,143.9,68,4964.1,0.0
29.6,174.7,84,3704.4,2.6
28.6,161.8,78,3625.0,2.97
26.9,159.5,84,4755.2,0.0
26.4,168.6,83,4146.0,0.52
26.3,107.3,73,4512.2,0.0
27.6,158.1,78,3958.6,1.4
26.2,118.7,68,3797.6,2.16
25.4,122.5,68,3818.7,2.06
27.6,101.2,76,3793.4,2.18
26.3,171.5,72,3870.5,1.82
24.1,159.1,80,3831.8,2.0
24.1,111.1,75,4720.5,0.0
25.6,126.2,71,4299.9,0.0
27.1,138.4,84,3944.8,1.47
26.1,139.5,78,4017.6,1.13
24.1,147.7,74,4936.7,0.0
25.3,137.8,66,3775.8,2.26
24.6,151.9,77,4830.1,0.0
29.7,170.7,73,4605.2,0.0
25.9,131.8,82,4420.2,0.0
24.1,170.1,74,4436.1,0.0
28.0,117.6,78,4134.4,0.58
25.4,109.7,67,4158.3,0.46
27.4,119.2,71,4694.1,0.0
24.9,116.5,75,4716.3,0.0
29.9,178.8,70,4356.7,0.0
29.8,130.5,79,4652.9,0.0
27.9,152.1,79,4715.1,0.0
28.2,155.7,72,3998.2,1.22
26.6,135.6,77,4435.0,0.0
29.8,117.9,76,4153.7,0.49
26.5,135.0,76,3647.2,2.87
25.4,137.9,73,4472.7,0.0
24.7,176.3,84,4381.2,0.0
25.2,145.5,81,3653.9,2.83
27.4,177.6,79,3606.2,3.06
25.5,146.1,77,3874.5,1.8
27.9,111.6,78,4750.1,0.0
26.3,130.8,72,3595.5,3.11
29.3,163.4,77,4190.6,0.31
27.4,133.7,67,3768.6,2.3
27.7,108.0,72,3880.3,1.77
27.3,107.7,70,4654.9,0.0
29.3,119.0,75,4775.9,0.0
24.4,145.2,74,4370.4,0.0
24.4,166.4,72,4794.9,0.0
28.2,142.7,72,4785.3,0.0
28.6,159.7,71,3832.3,2.0
26.6,151.6,83,4467.5,0.0
26.1,141.9,76,4667.5,0.0
25.7,117.2,67,4341.6,0.0
25.4,170.7,75,4708.7,0.0
29.5,122.1,77,4443.2,0.0
25.8,120.2,80,3926.7,1.55
27.9,120.6,73,4528.4,0.0
28.7,107.7,80,4382.0,0.0
24.1,139.9,69,4437.4,0.0
24.2,126.2,72,3643.0,2.89
26.0,141.8,76,3688.6,2.67
28.2,136.2,67,4722.0,0.0
25.6,141.6,67,4146.9,0.52
24.0,123.8,77,3822.9,2.04
25.7,165.2,67,3639.0,2.9
24.5,142.7,73,3894.4,1.7
25.3,116.7,65,3942.8,1.48
26.0,172.1,70,4974.4,0.0
24.8,108.8,83,4751.8,0.0
28.2,158.7,80,3617.7,3.0
25.5,154.3,65,4622.7,0.0
28.0,105.8,74,4345.9,0.0
27.6,172.1,66,3842.7,1.95
29.4,125.3,67,4619.9,0.0
24.5,159.3,71,3545.3,3.34
25.3,122.2,70,4597.3,0.0
29.2,142.1,79,4842.9,0.0
28.9,177.8,66,4823.9,0.0
25.2,148.9,81,4658.5,0.0
24.6,123.7,83,4902.1,0.0
29.1,136.7,78,4561.0,0.0
25.1,154.1,81,4530.1,0.0
29.2,135.6,83,3539.3,3.37
29.8,172.9,66,3761.3,2.33
25.3,169.4,80,4672.1,0.0
29.0,111.7,84,4996.3,0.0
26.5,162.8,80,4579.9,0.0
28.7,175.4,67,4369.7,0.0
26.4,125.4,78,3775.1,2.26
24.4,119.1,71,4921.9,0.0
28.3,100.8,74,4474.6,0.0
24.9,109.3,73,4233.6,0.11
29.6,176.9,72,4792.1,0.0
26.5,131.3,79,4929.9,0.0
24.5,131.0,76,4056.8,0.94
25.4,121.3,70,4273.7,0.0
29.2,113.1,79,3672.7,2.75
25.9,140.7,79,4939.8,0.0
29.1,157.9,72,3681.0,2.71
25.0,144.1,76,4893.5,0.0
26.8,102.8,84,3786.6,2.21
29.3,164.3,66,4863.2,0.0
24.3,174.5,73,4178.5,0.37
25.8,135.2,72,4388.1,0.0
29.5,129.3,72,3553.4,3.31
27.6,118.4,68,4091.6,0.78
28.3,124.1,69,4240.1,0.08
29.1,151.6,81,3514.1,3.49
27.1,161.6,71,4491.3,0.0
29.1,126.6,65,4758.3,0.0
27.8,127.2,74,3537.2,3.38
28.1,136.1,78,4238.8,0.09
24.9,113.6,83,3550.6,3.32
29.6,174.2,73,4809.9,0.0
28.8,156.4,75,3741.2,2.42
25.5,134.7,76,3587.8,3.14
27.5,109.8,65,4786.5,0.0
26.3,167.9,84,4166.8,0.42
28.0,138.7,81,3643.1,2.88
30.0,163.8,65,4471.9,0.0
24.3,102.7,65,4558.4,0.0
29.7,121.9,82,4352.5,0.0
24.4,149.8,73,3998.2,1.22
26.8,139.0,81,4136.7,0.57
26.9,123.6,77,4932.3,0.0
25.6,116.1,81,4301.5,0.0
27.4,124.1,75,4095.6,0.76
29.0,159.4,81,4562.3,0.0
25.8,114.7,73,3614.2,3.02
24.4,147.5,78,3935.3,1.51
27.8,133.9,65,3839.7,1.96
28.5,161.0,72,4520.2,0.0
29.7,116.1,66,4405.9,0.0
25.0,121.6,68,4639.2,0.0
29.4,131.9,82,4140.2,0.55
26.9,113.3,77,3760.9,2.33
25.4,136.9,78,3774.2,2.27
29.8,133.3,75,4838.4,0.0
25.4,179.2,75,3612.3,3.03
28.4,147.5,72,4391.2,0.0
28.7,105.6,76,3847.5,1.92
26.6,136.8,65,3821.4,2.05
28.1,170.3,80,3647.6,2.86
27.4,169.3,82,4968.9,0.0
25.2,176.9,65,3591.5,3.13
28.6,171.5,84,3721.6,2.52
29.6,114.1,82,4047.8,0.98
26.9,100.3,74,4183.7,0.35
30.0,149.3,75,4926.2,0.0
26.6,156.2,80,3862.7,1.85
26.9,110.5,69,4581.5,0.0
28.0,113.3,65,4484.6,0.0
25.1,177.0,82,4276.2,0.0
29.4,175.5,71,3899.1,1.68
28.8,112.6,65,3735.0,2.45
29.2,119.8,66,3764.8,2.31
27.7,171.4,66,4019.0,1.12
29.3,134.8,80,3705.7,2.59
28.1,163.8,72,4997.9,0.0
27.1,131.7,74,4168.7,0.42
29.6,158.9,84,4308.5,0.0
26.6,131.7,80,4424.7,0.0
27.0,171.9,69,3793.7,2.18
25.0,126.0,68,4222.6,0.16
29.7,141.8,77,3594.3,3.11
25.3,141.7,72,4953.8,0.0
25.2,151.9,77,4209.2,0.23
24.6,124.5,69,3544.5,3.35
26.7,151.4,81,4398.6,0.0
25.6,111.3,79,3650.2,2.85
28.4,171.5,71,4685.0,0.0
25.8,111.5,74,4930.0,0.0
28.3,167.2,67,4874.8,0.0
25.2,155.5,80,4141.7,0.54
25.4,127.3,84,4568.9,0.0
28.8,126.2,79,3733.7,2.46
26.2,177.3,70,3613.5,3.02
24.7,115.6,74,4731.6,0.0
29.8,157.8,71,4542.8,0.0
25.1,114.7,83,4860.6,0.0
24.9,172.4,69,4871.9,0.0
26.2,159.4,71,4020.9,1.11
24.6,174.6,67,3978.0,1.31
24.9,170.3,66,4162.9,0.44
29.1,144.0,83,4498.5,0.0
25.0,112.2,66,3507.5,3.52
24.7,117.7,83,4301.9,0.0
29.3,116.1,82,3529.6,3.42
26.7,117.7,65,4176.0,0.38
24.9,138.1,73,3623.4,2.98
27.5,169.4,80,4343.3,0.0
24.2,101.8,72,3971.4,1.34
26.6,119.1,75,4218.4,0.18
27.5,147.7,80,4936.5,0.0
29.7,169.2,84,4011.5,1.15
26.0,123.8,74,4578.9,0.0
28.6,130.6,80,4524.9,0.0
24.8,129.9,77,4803.4,0.0
26.6,123.5,71,4001.6,1.2
25.3,155.9,65,3584.1,3.16
27.0,152.5,78,4955.9,0.0
26.5,167.5,73,4043.5,1.0
29.9,173.4,78,3790.6,2.19
29.5,172.0,68,4871.2,0.0
27.5,143.2,73,3785.9,2.21
25.1,114.9,66,4293.1,0.0
27.3,117.8,75,4633.3,0.0
28.8,147.2,84,4596.5,0.0
24.2,173.5,78,3544.2,3.35
26.6,142.4,68,3803.7,2.13
24.3,174.9,67,4832.7,0.0
25.5,121.0,74,4329.8,0.0
24.6,106.9,84,4530.8,0.0
29.8,163.7,65,4103.4,0.72
25.0,170.4,73,4617.8,0.0
24.9,135.8,77,3933.6,1.52
29.8,108.2,75,3848.0,1.92
27.1,103.4,74,4995.7,0.0
28.5,105.0,65,3736.5,2.45
26.0,135.1,77,4972.0,0.0
27.2,118.8,73,4889.8,0.0
24.0,137.0,72,4572.0,0.0
26.5,139.1,77,4373.0,0.0
27.3,136.6,72,3506.8,3.53
27.1,149.6,81,4452.9,0.0
26.4,154.4,65,4658.6,0.0
28.7,131.7,76,4599.3,0.0
27.0,127.0,76,3758.1,2.34
27.8,129.5,75,4316.8,0.0
25.1,105.6,75,4325.3,0.0
29.2,125.7,80,4479.3,0.0
26.2,116.0,69,4746.4,0.0
26.9,123.3,73,4547.3,0.0
26.1,157.2,74,3712.0,2.56
29.4,179.1,75,3528.5,3.42
29.4,173.9,67,3704.9,2.59
25.3,165.7,75,3560.4,3.27
28.5,159.0,72,4155.2,0.48
24.6,175.6,65,3925.6,1.56
24.2,160.2,81,3511.0,3.51
29.0,137.7,80,3620.4,2.99
24.8,148.1,80,4096.3,0.76
24.9,124.5,67,4909.6,0.0
27.6,100.3,79,4992.2,0.0
28.9,128.3,66,3575.2,3.2
25.1,132.4,75,4745.9,0.0
24.7,158.6,73,4220.4,0.17
24.5,168.7,69,4431.6,0.0
24.1,177.0,67,4259.0,0.0
24.7,128.1,72,4886.8,0.0
29.7,176.6,70,4217.7,0.19
24.6,164.0,71,3752.0,2.37
27.6,102.5,76,4669.8,0.0
29.5,147.6,71,4270.7,0.0
27.8,129.3,73,3675.6,2.73
24.2,102.7,73,4192.4,0.3
27.6,142.5,65,4531.1,0.0
29.4,146.8,67,3943.8,1.47
25.9,120.2,69,4868.0,0.0
25.9,175.2,75,4774.9,0.0
25.5,148.8,68,4351.8,0.0
27.0,114.1,76,3581.6,3.17
25.4,157.7,65,4374.9,0.0
28.3,139.9,65,4123.4,0.63
27.9,137.9,77,4586.1,0.0
26.4,166.8,84,3900.5,1.68
28.3,111.1,69,4408.6,0.0
24.6,139.3,84,4331.7,0.0
28.5,162.5,66,4290.3,0.0
27.6,152.8,83,3673.9,2.74
27.8,100.4,71,4234.8,0.1
24.4,163.0,80,4325.9,0.0
27.7,175.6,68,4891.5,0.0
27.0,156.4,82,4191.3,0.31
26.9,170.1,75,4459.8,0.0
25.9,128.9,80,4353.9,0.0
24.0,128.0,74,3792.9,2.18
26.5,125.7,66,3776.6,2.26
26.4,158.8,74,4609.1,0.0
26.5,175.4,67,4284.6,0.0
27.7,170.8,76,4844.0,0.0
25.8,112.0,84,4862.2,0.0
25.6,150.1,66,3945.6,1.46
27.0,179.7,72,3652.3,2.84
27.6,123.6,82,4016.1,1.13
27.4,150.8,73,3600.6,3.08
29.3,172.5,75,4671.9,0.0
28.6,172.0,67,3719.3,2.53
24.3,125.7,72,4799.5,0.0
27.4,107.5,69,4123.0,0.63
26.5,151.7,79,3917.9,1.59
26.2,175.8,74,4252.3,0.02
29.7,140.6,78,4408.2,0.0
26.7,136.6,69,4552.3,0.0
28.3,169.1,82,4007.3,1.17
29.8,134.0,76,4974.5,0.0
24.9,154.5,67,4133.4,0.58
24.3,131.1,72,4751.7,0.0
25.9,130.2,78,3552.3,3.31
24.3,115.0,65,4666.9,0.0
24.7,107.1,68,4327.0,0.0
30.0,170.8,72,4459.4,0.0
29.8,114.5,77,4059.3,0.93
28.1,105.0,80,4317.3,0.0
28.5,146.6,80,4898.3,0.0
24.8,143.7,73,4079.1,0.84
27.6,145.4,83,3658.6,2.81
24.9,137.4,72,4580.8,0.0
26.3,111.4,83,4257.7,0.0
26.1,101.7,65,4137.4,0.56
27.7,103.7,77,4666.7,0.0
24.5,175.5,77,4343.3,0.0
24.6,142.5,68,4447.1,0.0
27.7,132.0,74,4889.1,0.0
27.8,132.9,75,3587.8,3.14
26.0,152.2,78,3893.6,1.71
24.9,130.1,69,4847.3,0.0
29.3,163.7,77,4689.1,0.0
24.3,120.8,79,3782.9,2.23
28.3,129.4,81,3753.7,2.37
24.8,174.8,80,4737.7,0.0
27.8,120.8,65,4329.3,0.0
28.0,152.9,76,4790.5,0.0
28.8,129.2,84,4876.5,0.0
26.4,137.7,83,3604.3,3.07
24.1,103.6,71,4954.7,0.0
28.9,113.4,69,4574.7,0.0
26.7,108.2,72,4751.7,0.0
29.1,167.6,68,4445.5,0.0
28.7,176.9,78,3957.7,1.41
27.0,105.4,70,4399.1,0.0
30.0,106.1,83,4273.8,0.0
26.8,144.2,68,4898.1,0.0
28.2,140.3,74,4332.5,0.0
28.0,152.0,83,3541.8,3.36
27.1,158.9,74,4529.1,0.0
27.5,163.8,77,3575.8,3.2
28.8,111.9,67,4916.0,0.0
27.4,103.0,72,4229.9,0.13
26.7,171.1,74,4952.0,0.0
28.0,137.6,66,3538.8,3.37
24.2,177.7,65,4299.3,0.0
24.7,142.6,74,3839.3,1.96
24.8,140.8,77,4461.1,0.0
26.6,149.8,65,4247.3,0.05
29.2,113.6,66,4349.2,0.0
27.9,120.3,74,4039.5,1.02
29.8,172.5,68,3577.3,3.19
24.2,117.0,71,3659.1,2.81
28.3,118.6,69,4787.8,0.0
25.9,140.8,80,4554.2,0.0
24.1,151.3,71,4654.1,0.0
29.0,100.1,73,3684.0,2.69
25.0,136.5,84,3573.9,3.21
25.3,131.9,73,3525.9,3.44
26.0,169.2,75,4282.7,0.0
28.7,167.2,81,4251.3,0.03
27.7,172.5,75,3666.0,2.78
25.6,167.4,73,4019.9,1.11
25.0,162.9,83,4295.3,0.0
24.7,168.7,72,4513.7,0.0
24.9,114.0,69,4715.0,0.0
29.2,127.3,70,4462.1,0.0
29.5,154.7,83,3545.0,3.35
29.8,173.9,75,4379.1,0.0
29.0,153.4,66,3631.9,2.94
29.3,116.6,67,4347.4,0.0
28.9,175.6,66,4064.0,0.91
29.7,160.8,77,3929.5,1.54
29.1,157.3,75,4222.6,0.16
26.8,161.0,75,4072.2,0.87
25.9,152.7,77,4745.4,0.0
27.5,101.8,83,3839.7,1.96
27.6,120.3,77,3705.1,2.59
27.4,176.5,65,4755.5,0.0
28.2,123.1,77,3865.1,1.84
28.2,161.7,70,3548.4,3.33
24.5,134.0,72,4080.5,0.83
25.7,172.6,83,4728.6,0.0
29.3,144.6,78,4147.8,0.51
27.5,150.6,70,4205.1,0.24
26.0,119.2,81,3570.8,3.22
29.1,104.6,66,4566.6,0.0
25.5,160.5,80,4015.6,1.13
26.5,105.4,69,4592.9,0.0
25.7,157.7,84,4116.5,0.66
29.2,144.4,70,4290.3,0.0
28.4,165.6,66,4384.2,0.0
26.8,116.5,69,3795.3,2.17
29.6,143.3,74,3941.0,1.49
29.6,149.1,83,4378.4,0.0
28.3,105.9,65,4734.4,0.0
29.4,159.1,70,4942.2,0.0
28.3,131.1,80,4286.3,0.0
27.8,110.3,74,3610.9,3.04
26.5,131.0,72,4934.0,0.0
25.6,107.9,84,4131.2,0.59
24.4,171.0,83,3653.7,2.83
28.8,136.5,84,4958.3,0.0
24.7,111.0,71,3920.8,1.58
26.5,120.2,79,4485.3,0.0
25.4,158.0,69,3716.2,2.54
26.7,162.9,68,4579.3,0.0
25.9,103.3,83,4964.5,0.0
29.0,104.8,83,4977.6,0.0
29.9,173.4,74,3689.3,2.67
29.6,126.5,72,4653.1,0.0
27.7,115.5,84,4496.4,0.0
29.9,109.8,65,4702.2,0.0
26.4,138.1,84,3999.8,1.21
27.1,161.7,77,4102.6,0.73
25.5,141.7,71,4012.7,1.15
29.4,101.7,66,4649.8,0.0
25.1,138.7,73,4713.7,0.0
27.7,124.9,83,3874.0,1.8
28.8,154.6,73,4359.2,0.0
27.6,141.9,81,3689.0,2.67
24.5,177.2,82,3519.7,3.46
27.7,147.9,74,4415.1,0.0
28.6,150.6,65,4760.3,0.0
25.1,141.6,75,4859.8,0.0
28.4,124.9,83,4430.5,0.0
29.3,150.4,83,4713.0,0.0
29.9,126.6,66,4106.4,0.71
26.5,157.4,69,4813.0,0.0
24.2,118.9,67,4662.1,0.0
26.5,129.4,77,3962.8,1.38
28.0,146.7,71,4395.8,0.0
29.3,150.3,75,3576.9,3.2
29.6,153.5,81,3719.9,2.52
29.5,156.0,65,4920.0,0.0
27.9,125.5,68,3514.6,3.49
28.1,171.4,65,3804.9,2.12
24.0,102.4,73,3708.2,2.58
26.2,115.1,82,4548.2,0.0
29.4,105.6,81,3658.5,2.81
28.1,153.7,83,3530.2,3.42
26.8,121.9,79,4895.7,0.0
24.6,115.9,74,4809.1,0.0
25.5,138.5,76,4037.7,1.03
27.3,149.5,80,3650.8,2.85
29.4,149.5,76,4517.3,0.0
24.6,144.6,65,4824.7,0.0
24.9,179.4,77,4962.0,0.0
27.9,168.8,68,3695.2,2.64
25.8,119.1,84,4400.3,0.0
25.0,160.7,76,4145.8,0.52
25.1,145.5,83,3735.1,2.45
27.0,105.6,79,4711.8,0.0
27.5,104.0,73,4673.3,0.0
29.4,164.0,71,4947.0,0.0
27.2,143.6,70,3628.3,2.95
28.1,145.7,73,3858.3,1.87
25.1,126.9,82,4741.4,0.0
28.3,174.4,72,4093.1,0.77
27.9,157.1,82,4213.9,0.2
25.3,174.2,77,4417.3,0.0
28.0,107.9,71,4112.7,0.68
25.3,146.7,76,3553.1,3.31
27.6,151.0,69,4406.0,0.0
28.0,110.1,80,3843.3,1.94
28.2,127.7,72,4953.3,0.0
29.5,117.2,71,4535.5,0.0
29.7,178.8,65,4761.0,0.0
28.9,143.5,66,4931.6,0.0
29.3,125.2,73,3595.0,3.11
24.1,153.2,79,3723.0,2.51
26.2,152.8,71,4712.0,0.0
24.2,127.8,71,4827.2,0.0
25.3,179.5,84,3507.3,3.52
26.3,164.7,77,4917.8,0.0
29.2,132.0,68,4181.6,0.35
27.1,152.8,83,4193.9,0.3
27.9,156.8,74,4818.1,0.0
26.2,113.9,68,3934.3,1.52
27.6,170.3,76,4375.2,0.0
28.9,166.1,67,4001.3,1.2
25.8,160.5,72,3670.3,2.76
29.6,117.8,81,4037.9,1.03
25.3,110.9,70,3759.5,2.34
29.5,114.4,77,4281.5,0.0
24.2,107.4,82,4294.7,0.0
27.3,175.2,80,4156.0,0.48
29.9,168.1,75,3760.7,2.33
27.7,107.3,78,3678.1,2.72
27.3,154.2,65,3656.9,2.82
28.1,119.6,76,3668.2,2.77
25.7,101.4,84,3942.3,1.48
24.3,123.4,70,3502.8,3.54
25.5,135.2,71,3593.4,3.12
25.1,101.6,75,4205.7,0.24
29.5,125.9,65,3774.0,2.27
29.1,156.0,67,3895.1,1.7
25.9,118.3,77,4030.0,1.07
29.0,138.8,70,3559.5,3.28
25.3,171.0,74,3830.0,2.01
25.2,102.3,71,4665.0,0.0
28.6,162.9,75,4011.3,1.15
26.0,130.7,79,3779.2,2.25
24.4,143.3,75,3796.6,2.16
28.3,118.5,82,4977.1,0.0
29.9,146.3,65,3722.7,2.51
27.4,158.5,78,4858.1,0.0
25.6,116.1,76,3620.8,2.99
26.2,127.5,65,4811.6,0.0
27.9,145.4,82,4260.4,0.0
28.2,133.3,81,4413.1,0.0
29.3,123.5,78,3868.9,1.82
29.5,136.1,76,4847.9,0.0
29.2,123.3,65,4380.7,0.0
27.9,124.1,83,4513.6,0.0
26.7,148.9,68,4335.1,0.0
28.1,138.2,69,3687.9,2.67
28.0,154.2,69,4754.3,0.0
25.3,167.0,66,3775.4,2.26
27.0,175.4,75,3937.9,1.5
25.2,112.1,67,4504.3,0.0
29.4,150.1,72,3640.0,2.9
25.9,146.6,66,4900.1,0.0
28.8,169.4,68,3686.2,2.68
26.3,171.7,71,4500.7,0.0
28.6,160.8,83,4452.7,0.0
25.3,147.6,83,4547.0,0.0
28.6,115.9,71,4150.0,0.5
25.1,122.1,72,4073.4,0.86
26.9,148.2,78,4966.5,0.0
24.7,111.1,68,4725.7,0.0
27.2,114.7,78,4228.2,0.14
28.9,172.9,65,3773.4,2.27
28.5,176.5,69,4835.8,0.0
24.3,100.4,75,4473.1,0.0
27.0,169.0,79,3703.7,2.6
29.1,175.0,84,3774.7,2.27
27.9,142.1,78,4311.2,0.0
24.4,135.9,77,4255.5,0.01
26.0,173.5,71,4113.9,0.67
27.3,100.6,82,4140.3,0.55
25.0,167.2,70,3758.3,2.34
28.1,123.7,84,3883.2,1.76
27.8,151.3,71,4239.1,0.08
25.2,125.9,73,3595.6,3.11
27.3,141.8,66,4029.0,1.07
28.9,164.7,72,3815.6,2.07
26.2,114.5,70,3762.0,2.33
25.5,153.1,73,3719.9,2.52
28.2,171.9,71,3710.3,2.57
24.4,172.1,69,3740.7,2.43
29.0,171.5,81,4061.2,0.92
29.7,141.5,71,3652.2,2.84
29.8,161.4,80,4845.6,0.0
26.6,135.7,75,4246.9,0.05
27.7,136.8,78,4257.2,0.0
29.1,122.7,67,3816.6,2.07
25.3,122.8,72,4800.7,0.0
24.2,103.0,79,4742.2,0.0
26.3,142.5,73,3551.4,3.32
29.3,124.7,80,4598.6,0.0
27.0,115.0,82,3776.4,2.26
27.2,109.7,72,4333.4,0.0
28.1,127.8,71,4805.8,0.0
27.4,171.9,84,4901.1,0.0
24.3,141.3,74,3776.7,2.26
27.4,144.6,76,4909.4,0.0
27.9,104.3,76,3604.4,3.07
27.8,141.6,74,4864.0,0.0
28.4,153.4,66,4658.5,0.0
27.1,112.1,76,4870.7,0.0
29.4,178.7,70,4049.2,0.98
26.8,173.2,65,4911.2,0.0
27.1,179.4,73,4727.8,0.0
28.7,128.8,84,3992.5,1.24
29.0,165.8,80,4008.4,1.17
27.9,126.3,81,4035.8,1.04
24.8,159.9,84,4383.2,0.0
26.0,175.8,70,3772.8,2.28
24.1,112.4,68,4150.2,0.5
25.8,111.2,73,3601.5,3.08
27.4,108.4,84,4037.5,1.03
28.8,163.9,72,4500.1,0.0
27.5,153.3,82,4384.2,0.0
24.2,141.8,76,3974.8,1.33
25.6,161.9,71,3885.8,1.74
27.5,168.0,72,3990.6,1.25
28.3,176.0,74,3604.3,3.07
29.2,116.1,67,3886.4,1.74
29.8,135.3,82,4562.1,0.0
29.4,173.8,73,3768.1,2.3
26.8,136.9,69,3707.3,2.58
28.5,139.0,77,4769.1,0.0
25.4,175.4,69,3854.8,1.89
24.4,158.8,66,3876.7,1.79
24.3,144.2,71,4194.6,0.29
25.4,128.6,67,4207.9,0.23
24.2,173.2,73,3779.3,2.24
29.1,100.7,67,4334.2,0.0
26.9,125.7,70,4543.6,0.0
28.9,175.7,74,4226.7,0.14
29.6,139.9,67,4843.2,0.0
30.0,149.9,84,4987.4,0.0
29.6,142.6,73,4292.9,0.0
28.3,131.8,76,4959.0,0.0
26.7,153.2,76,4469.7,0.0
27.6,161.3,80,4293.2,0.0
28.9,129.2,75,4805.0,0.0
29.4,147.2,76,4949.7,0.0
29.7,106.6,81,4998.5,0.0
28.4,143.8,68,4638.8,0.0
27.2,159.8,74,4228.0,0.14
29.8,146.8,81,3944.1,1.47
29.8,170.3,72,4337.0,0.0
26.9,122.9,71,4666.3,0.0
27.9,139.3,82,3540.2,3.37
28.9,107.0,72,3901.5,1.67
26.6,156.0,66,4031.9,1.06
29.0,135.4,78,4669.9,0.0
24.7,142.4,80,4420.3,0.0
26.9,110.3,84,4138.6,0.56
26.9,179.8,74,4878.9,0.0
28.1,161.8,82,4307.2,0.0
24.7,132.1,69,4585.9,0.0
24.6,145.6,80,4483.2,0.0
29.4,149.5,75,4787.8,0.0
25.8,176.9,83,4718.6,0.0
26.0,161.5,70,4983.5,0.0
28.7,128.0,71,4068.8,0.88
26.5,178.2,75,3747.3,2.4
29.0,124.1,82,4639.7,0.0
26.4,146.2,82,4812.1,0.0
28.6,156.1,84,3581.6,3.17
27.2,121.7,72,3999.3,1.21
29.6,176.5,74,4710.8,0.0
26.0,117.3,81,4525.2,0.0
26.2,135.3,73,4633.0,0.0
29.8,114.4,77,4314.8,0.0
28.4,170.0,72,4072.8,0.87
28.6,117.7,81,4717.1,0.0
25.8,102.8,80,4331.8,0.0
27.2,103.1,80,4272.5,0.0
25.9,133.1,72,4602.3,0.0
25.6,141.8,74,3786.3,2.21
27.2,103.3,76,4379.0,0.0
29.9,107.4,82,3956.6,1.41
25.3,107.8,73,3532.2,3.41
25.5,153.5,68,4623.3,0.0
25.5,124.0,69,4212.0,0.21
28.8,145.0,80,4854.9,0.0
27.1,105.9,65,4250.2,0.03
26.3,171.4,82,3515.3,3.49
29.1,124.4,82,4113.1,0.68
25.8,162.3,83,3756.6,2.35
26.4,166.1,73,4881.6,0.0
24.4,179.0,65,4168.7,0.42
24.7,159.3,67,4266.0,0.0
24.8,135.4,66,4048.2,0.98
26.1,112.2,66,4283.3,0.0
27.1,103.8,81,3624.2,2.97
24.0,170.9,70,4188.1,0.32
25.1,135.7,69,4495.2,0.0
25.1,160.0,75,4058.4,0.93
25.5,139.7,73,4089.0,0.79
25.0,170.4,68,4756.1,0.0
25.2,160.0,71,4304.9,0.0
29.9,106.8,77,4381.5,0.0
27.6,160.2,80,3945.2,1.47
28.6,121.3,84,4224.5,0.15
28.9,161.8,81,3580.9,3.18
28.0,175.9,84,4145.4,0.52
28.2,174.4,66,4704.0,0.0
27.8,110.0,69,3742.2,2.42
27.9,104.4,82,4646.7,0.0
29.6,162.2,77,4061.3,0.92
25.1,156.8,82,3540.6,3.37
25.6,114.1,75,4929.8,0.0
24.6,154.8,78,3772.0,2.28
29.0,101.2,76,4002.2,1.2
26.7,150.5,68,4221.1,0.17
29.4,166.6,71,4924.2,0.0
26.5,151.3,77,4371.8,0.0
26.7,105.2,83,4858.0,0.0
26.7,179.3,75,4346.7,0.0
27.7,128.5,71,3808.1,2.11
28.6,130.4,79,4346.6,0.0
26.1,106.8,83,3650.7,2.85
27.8,113.4,84,3675.6,2.73
25.2,121.7,81,3673.5,2.74
27.3,163.9,65,3518.4,3.47
27.3,155.3,76,3726.9,2.49
29.3,146.7,83,4029.5,1.07
29.4,169.1,69,3608.2,3.05
26.9,179.8,74,3509.2,3.51
24.1,130.8,75,3668.4,2.77
29.1,131.3,80,4904.1,0.0
24.0,158.9,82,4288.5,0.0
26.9,151.5,73,4152.5,0.49
24.1,101.1,73,4230.7,0.12
26.1,152.4,78,4332.2,0.0
27.8,157.6,84,3661.7,2.8
26.2,178.9,70,4377.1,0.0
29.6,146.9,76,4751.3,0.0
27.8,154.8,75,4341.0,0.0
27.9,163.1,68,4824.6,0.0
26.2,107.7,70,3707.3,2.58
24.2,158.8,82,4738.8,0.0
28.4,143.7,70,4493.9,0.0
28.3,108.0,65,4405.5,0.0
27.2,153.6,74,4383.2,0.0
26.5,118.8,76,3678.4,2.72
27.2,143.0,71,4462.9,0.0
28.5,122.5,75,4098.2,0.75
28.3,108.4,84,3594.9,3.11
27.9,120.1,65,3807.9,2.11
29.4,135.1,80,4163.9,0.44
27.7,139.5,68,4989.5,0.0
24.1,111.9,70,4146.0,0.52
27.7,125.7,74,3724.7,2.5
27.7,168.8,71,4852.6,0.0
24.4,172.8,76,3552.9,3.31
26.6,142.8,83,3690.1,2.66
27.9,139.2,74,4210.6,0.22
28.2,146.5,66,3639.2,2.9
29.4,117.2,73,4357.4,0.0
29.0,179.5,65,3736.7,2.45
24.7,159.6,74,4476.3,0.0
27.7,119.1,65,3676.5,2.73
27.6,121.8,66,4715.2,0.0
25.8,151.9,69,4600.7,0.0
25.1,125.8,81,4888.1,0.0
25.2,128.4,77,3602.6,3.08
25.1,162.5,70,4332.9,0.0
28.8,121.4,74,4563.3,0.0
24.9,156.4,66,4854.0,0.0
25.6,174.8,69,4223.1,0.16
25.3,109.9,83,4927.0,0.0
28.3,111.5,66,3683.7,2.69
25.0,175.4,65,4149.8,0.5
24.1,116.3,72,3879.8,1.77
26.2,101.7,79,3733.1,2.46
25.8,169.5,70,3930.2,1.54
26.4,122.6,68,4497.1,0.0
28.5,123.9,76,4224.8,0.15
24.1,118.2,80,3772.3,2.28
24.2,173.4,66,3547.6,3.33
25.5,162.0,72,4885.2,0.0
29.3,147.7,70,3971.2,1.34
25.0,136.3,67,3691.4,2.66
30.0,111.5,65,3719.2,2.53
28.8,174.1,72,3880.1,1.77
26.7,160.0,76,3846.2,1.93
28.5,122.3,71,3919.3,1.59
27.1,175.8,81,3838.3,1.97
27.4,174.8,77,4146.0,0.52
27.5,152.8,82,4648.4,0.0
27.9,178.8,80,3540.8,3.37
24.4,115.0,72,3785.7,2.21
27.7,158.5,76,4568.0,0.0
28.3,112.2,70,3723.3,2.51
25.9,155.3,66,4612.0,0.0
29.9,173.6,71,4272.2,0.0
24.9,142.9,68,4822.4,0.0
29.5,161.0,84,3515.2,3.49
28.1,111.4,80,4676.5,0.0
28.0,150.7,81,4358.3,0.0
29.3,105.1,67,4203.3,0.25
29.0,103.0,67,3718.6,2.53
26.1,150.7,78,3851.1,1.91
28.2,145.8,78,4679.0,0.0
24.3,126.3,71,3723.5,2.51
26.8,141.0,65,4291.0,0.0
29.6,154.7,79,3811.4,2.09
25.6,151.6,78,4233.9,0.11
24.3,105.9,68,3882.1,1.76
27.5,154.2,68,4026.7,1.08
26.1,152.8,75,4703.7,0.0
26.3,153.6,65,3555.7,3.3
27.5,167.8,75,4886.4,0.0
27.7,146.1,76,3979.1,1.31
26.6,175.0,79,4394.1,0.0
27.0,178.4,79,3832.6,1.99
30.0,160.1,68,4038.1,1.03
29.7,128.7,70,4189.5,0.32
28.2,111.4,66,4533.1,0.0
25.0,165.6,73,4809.6,0.0
26.2,111.7,72,4799.2,0.0
29.3,111.7,83,4005.5,1.18
26.5,173.5,72,3633.1,2.93
29.7,144.8,84,4887.5,0.0
26.9,123.5,74,3546.0,3.34
29.2,177.0,81,4821.6,0.0
24.2,156.6,83,3538.7,3.38
26.6,142.8,65,4964.9,0.0
28.2,126.4,79,3516.7,3.48
29.2,154.1,75,3525.5,3.44
27.7,158.5,71,4263.1,0.0
25.0,157.0,80,4500.2,0.0
29.3,115.6,67,4029.2,1.07
27.4,155.8,76,4408.8,0.0
24.6,146.5,80,4768.8,0.0
26.8,168.0,84,4693.4,0.0
28.2,150.0,83,4826.1,0.0
26.7,111.7,66,3738.7,2.44
29.2,125.5,72,3837.0,1.97
26.5,159.5,83,4381.6,0.0
27.5,159.2,75,4585.5,0.0
25.3,117.8,75,3661.0,2.8
27.1,128.4,66,3763.4,2.32
25.3,101.2,69,4884.4,0.0
25.4,126.5,69,3538.8,3.37
25.7,102.1,74,4102.7,0.73
24.3,169.8,66,3816.3,2.07
25.0,153.3,79,4661.5,0.0
26.5,177.5,82,4795.4,0.0
24.8,171.4,76,3870.5,1.82
24.8,148.3,74,4384.8,0.0
29.8,140.2,71,4764.8,0.0
26.6,170.7,79,4397.8,0.0
26.4,123.9,79,4401.1,0.0
25.6,117.9,76,4119.3,0.65
27.1,132.8,84,4479.5,0.0
27.6,104.3,79,4940.5,0.0
26.5,124.2,67,3949.4,1.45
26.4,106.7,80,3800.9,2.14
28.2,104.2,83,4937.2,0.0
29.7,144.1,71,3590.3,3.13
29.3,156.7,81,4759.9,0.0
24.7,142.9,68,4864.7,0.0
27.9,105.6,79,3829.1,2.01
24.0,131.6,73,4138.6,0.56
27.8,108.9,81,3684.5,2.69
26.8,152.0,65,4050.5,0.97
26.9,166.1,66,4186.0,0.33
27.5,109.3,71,4264.4,0.0
28.5,105.3,78,3683.7,2.69
28.4,132.5,69,4105.4,0.71
24.3,124.3,68,4437.7,0.0
28.4,120.9,77,4250.2,0.03
29.0,116.9,74,4762.1,0.0
24.4,125.4,77,4926.6,0.0
25.9,177.2,76,4725.3,0.0
28.8,168.6,82,3571.1,3.22
27.0,148.1,75,3822.0,2.04
28.2,164.0,82,3631.4,2.94
27.0,101.2,76,4150.7,0.5
29.9,108.9,65,4585.7,0.0
29.6,123.4,80,3548.5,3.33
25.7,151.5,78,3900.6,1.68
26.3,170.7,65,3640.8,2.9
26.6,118.5,71,4115.2,0.67
24.6,111.1,83,4888.0,0.0
26.4,167.8,69,4119.3,0.65
28.6,132.7,81,4452.1,0.0
29.1,156.0,74,4080.5,0.83
29.3,143.8,68,4597.2,0.0
24.1,114.1,78,4614.5,0.0
28.7,156.0,70,3707.1,2.58
27.0,133.7,76,4479.8,0.0
25.2,123.0,84,4079.5,0.83
27.0,172.2,76,4789.6,0.0
29.1,100.5,65,3736.7,2.45
26.6,132.4,76,4846.1,0.0
29.9,124.0,70,4267.3,0.0
27.7,104.4,68,3883.3,1.76
26.9,106.4,81,4002.0,1.2
25.8,113.8,74,3507.5,3.52
24.1,140.4,83,4924.9,0.0
27.7,122.6,75,3837.5,1.97
27.5,167.0,65,4864.6,0.0
27.1,119.2,69,4779.4,0.0
27.2,157.6,78,4023.6,1.1
29.1,116.8,77,3816.4,2.07
25.9,103.4,66,4139.9,0.55
27.3,121.2,78,4900.3,0.0
28.1,167.0,70,4782.7,0.0
25.3,106.6,70,4232.9,0.11
29.5,127.6,65,4318.3,0.0
28.4,100.6,84,4113.0,0.68
24.3,150.4,75,4917.1,0.0
29.2,175.4,68,4983.4,0.0
29.6,130.7,70,3933.7,1.52
28.8,146.2,66,4924.6,0.0
26.6,136.2,84,4925.6,0.0
30.0,177.9,69,4210.2,0.22
24.7,158.9,79,4122.4,0.63
27.2,103.5,72,4804.0,0.0
25.0,108.7,81,4914.6,0.0
26.6,137.6,74,4103.6,0.72
29.6,150.5,73,4238.3,0.09
28.8,123.2,66,4001.3,1.2
28.7,154.0,75,3813.4,2.08
26.1,146.1,66,4994.3,0.0
29.6,134.8,80,3783.2,2.23
26.2,146.6,68,4721.3,0.0
24.2,173.3,81,4130.9,0.59
27.8,119.5,73,3625.5,2.97
26.2,163.3,76,3987.4,1.27
24.9,101.0,69,3624.7,2.97
29.6,106.8,67,4972.9,0.0
27.8,176.0,70,3897.8,1.69
29.6,155.8,71,4619.1,0.0
27.5,150.7,68,4138.4,0.56
24.4,126.7,78,4519.1,0.0
24.2,114.7,78,3882.6,1.76
29.4,130.4,66,3641.2,2.89
24.2,147.9,79,4712.8,0.0
27.7,150.8,76,4575.1,0.0
25.8,113.6,78,3664.1,2.79
28.1,135.6,74,4596.4,0.0
25.7,145.3,67,4396.5,0.0
24.2,176.8,66,3757.2,2.35
28.4,144.0,66,4738.4,0.0
25.9,146.4,75,4548.3,0.0
27.3,161.2,76,4260.2,0.0
28.6,133.5,79,3768.0,2.3
28.2,130.7,76,4310.2,0.0
26.1,147.3,75,3744.1,2.41
28.5,162.7,84,3775.9,2.26
29.6,151.0,84,3862.0,1.86
27.7,114.9,78,4481.8,0.0
28.2,131.8,69,4519.5,0.0
29.2,141.0,83,3609.1,3.04
29.1,141.9,81,4476.3,0.0
26.1,127.2,79,3551.9,3.31
30.0,141.8,84,4857.5,0.0
24.2,153.8,81,4668.0,0.0
29.9,137.4,76,4586.6,0.0
25.5,136.1,72,3858.8,1.87
26.6,164.1,79,4981.3,0.0
29.3,160.5,66,4886.5,0.0
25.5,133.8,81,4234.9,0.1
25.3,179.7,74,3552.0,3.31
27.9,105.3,82,4267.1,0.0
28.2,126.1,76,3731.0,2.47
24.0,102.9,65,4389.0,0.0
26.7,167.2,68,4979.9,0.0
26.9,160.5,69,4635.4,0.0
25.6,154.7,67,3983.4,1.29
27.3,117.2,65,4091.2,0.78
24.9,156.6,71,4916.9,0.0
25.9,128.4,84,3665.2,2.78
28.3,169.5,76,4835.2,0.0
29.2,116.0,70,3611.8,3.03
27.5,117.4,84,4122.0,0.63
24.4,176.8,81,4618.2,0.0
28.1,141.4,75,4092.6,0.77
29.4,135.7,72,4356.7,0.0
27.0,128.1,75,4236.2,0.1
27.0,166.5,77,4407.0,0.0
29.9,128.2,73,3756.4,2.35
27.8,128.5,83,4367.1,0.0
28.8,109.9,84,4980.9,0.0
27.9,141.7,69,3790.8,2.19
25.3,173.9,74,3600.4,3.09
25.7,176.6,77,4087.7,0.8
28.0,179.6,69,4061.5,0.92
26.7,137.8,67,3688.6,2.67
26.4,162.0,81,4357.2,0.0
24.1,144.2,74,4156.4,0.47
29.3,143.8,81,4755.3,0.0
29.3,164.5,70,4134.4,0.58
26.8,166.8,78,4978.5,0.0
28.2,101.6,73,4669.8,0.0
25.1,175.4,69,4231.2,0.12
27.0,165.8,84,4328.3,0.0
26.6,157.7,72,4800.1,0.0
27.9,168.2,80,4661.2,0.0
26.8,143.0,71,4486.6,0.0
27.0,161.9,66,3900.2,1.68
25.8,147.9,73,4115.5,0.67
24.3,143.4,74,4680.8,0.0
29.5,116.9,83,4441.2,0.0
24.1,167.8,68,4934.7,0.0
25.7,170.7,77,4809.3,0.0
26.7,177.7,66,4140.6,0.55
25.9,109.6,83,3940.7,1.49
27.3,123.3,70,3686.1,2.68
26.8,154.8,80,4111.4,0.68
25.5,168.4,79,3840.0,1.96
24.5,160.1,78,3525.1,3.44
24.8,136.4,77,3707.3,2.58
26.9,158.1,81,4179.5,0.36
29.1,105.8,82,4838.6,0.0
24.6,153.0,84,3981.4,1.3
28.1,100.6,65,4161.7,0.45
28.8,103.8,68,4076.1,0.85
25.7,160.6,80,4053.5,0.96
28.0,138.2,82,4584.0,0.0
28.1,104.8,74,4259.0,0.0
28.2,138.5,84,4112.7,0.68
29.3,105.0,72,4915.0,0.0
26.4,127.7,70,3914.4,1.61
25.5,112.6,81,4749.3,0.0
27.3,117.5,69,4272.5,0.0
24.4,115.6,68,4162.5,0.44
26.0,129.7,68,3594.4,3.11
29.3,108.6,83,4787.7,0.0
27.2,142.2,73,3906.0,1.65
26.6,132.6,77,4519.0,0.0
25.6,167.2,71,4811.7,0.0
25.5,166.1,82,4304.2,0.0
25.4,165.9,82,4461.0,0.0
29.0,137.6,81,4010.3,1.16
29.9,123.3,72,4589.8,0.0
27.2,133.2,75,4484.9,0.0
24.5,155.0,70,4167.2,0.42
28.5,142.4,72,4451.9,0.0
29.3,149.9,72,3894.0,1.71
29.6,155.5,83,4486.7,0.0
27.8,173.5,79,4509.1,0.0
27.0,175.5,83,4167.3,0.42
27.7,167.2,70,3874.1,1.8
24.1,105.2,68,4704.6,0.0
27.9,178.3,71,4631.2,0.0
28.3,156.3,66,3585.6,3.15
28.3,155.5,66,4241.4,0.07
27.4,101.8,78,3638.2,2.91
28.2,138.4,73,3979.3,1.31
27.8,150.1,71,4133.4,0.58
24.7,122.3,69,3765.3,2.31
29.4,106.7,76,4203.4,0.25
27.7,142.6,82,4559.3,0.0
28.4,135.7,83,4155.4,0.48
26.1,103.5,80,3851.2,1.91
29.5,141.6,76,4122.2,0.63
27.0,108.6,70,4388.6,0.0
28.1,134.0,65,4904.6,0.0
29.7,121.6,76,4249.2,0.04
29.5,177.6,75,4831.8,0.0
27.9,102.8,75,4976.8,0.0
25.0,144.8,73,4338.5,0.0
29.7,112.2,66,3720.6,2.52
29.9,125.5,72,4813.0,0.0
24.6,114.7,65,4793.5,0.0
26.7,179.6,65,4802.8,0.0
27.3,102.6,76,4925.8,0.0
24.6,143.3,68,3914.7,1.61
25.1,148.6,65,4000.1,1.21
27.2,161.8,76,4530.6,0.0
29.8,150.1,78,4345.9,0.0
24.2,118.5,65,4802.6,0.0
29.5,147.8,76,3881.8,1.76
29.4,178.0,69,4487.6,0.0
29.1,167.9,66,4910.6,0.0
26.3,136.3,68,3823.8,2.04
26.9,138.2,75,3960.3,1.39
26.4,110.6,82,4111.1,0.69
29.7,145.6,83,3630.6,2.94
27.1,122.4,82,3765.3,2.31
24.5,108.6,84,4073.1,0.86
25.6,137.9,79,3611.6,3.03
26.8,103.6,79,4044.0,1.0
29.7,109.6,73,3866.2,1.84
27.4,117.5,72,4796.8,0.0
28.2,179.3,74,4412.7,0.0
24.5,164.7,72,4847.7,0.0
29.3,143.3,75,3804.3,2.13
27.2,118.6,83,3622.5,2.98
29.5,141.5,76,4031.1,1.06
26.7,151.9,71,3584.6,3.16
28.1,100.4,65,4825.3,0.0
26.8,179.0,67,3782.2,2.23
24.9,150.1,77,3711.6,2.56
25.6,179.1,68,4681.7,0.0
24.4,137.5,74,4568.6,0.0
26.6,149.9,70,3585.4,3.16
27.9,136.9,68,4264.3,0.0
25.5,100.8,72,4173.3,0.39
26.9,168.0,78,4080.3,0.83
26.8,135.9,82,3690.1,2.66
27.2,137.7,72,4681.0,0.0
25.1,128.8,69,3859.9,1.87
27.2,134.6,78,4187.4,0.33
26.2,158.0,79,4821.6,0.0
25.7,156.0,84,3977.4,1.31
27.5,164.7,81,3553.6,3.31
24.9,178.0,68,4833.7,0.0
29.4,131.3,84,4240.8,0.08
29.6,127.1,77,4245.6,0.05
28.0,139.5,79,4327.1,0.0
25.8,112.4,73,3769.9,2.29
27.8,160.6,81,4572.3,0.0
27.6,146.5,67,3847.1,1.93
26.3,116.9,73,3951.7,1.43
25.7,169.1,75,4446.8,0.0
25.0,149.5,84,4624.6,0.0
25.3,102.7,69,4595.9,0.0
27.9,115.7,82,3624.7,2.97
29.3,171.3,76,4631.9,0.0
26.3,130.5,83,4494.1,0.0
24.7,178.7,69,4407.6,0.0
24.1,142.4,76,4950.3,0.0
26.4,116.6,70,4020.2,1.11
25.4,147.5,81,4524.6,0.0
25.9,108.2,78,4359.9,0.0
25.5,164.6,67,4081.9,0.82
28.0,150.2,65,4682.4,0.0
27.8,177.1,77,4104.7,0.72
29.5,155.2,82,4337.8,0.0
28.2,103.9,74,4340.9,0.0
25.0,138.1,83,4267.0,0.0
28.5,142.5,83,4186.1,0.33
25.1,173.3,81,3751.7,2.37
27.4,134.6,71,3861.3,1.86
24.5,147.5,72,3685.3,2.69
24.3,114.9,80,4585.2,0.0
26.8,119.6,80,4616.4,0.0
24.6,143.9,80,4457.8,0.0
25.8,155.8,84,4876.5,0.0
26.0,134.8,73,3897.4,1.69
28.6,134.6,77,4731.5,0.0
26.0,120.5,68,3778.8,2.25
27.0,155.9,74,3601.7,3.08
28.6,100.4,73,3500.2,3.56
25.2,141.0,82,4371.0,0.0
28.8,100.3,76,4668.1,0.0
29.0,147.5,74,4734.5,0.0
29.9,102.5,81,4206.0,0.24
26.7,175.2,76,3588.1,3.14
26.2,138.2,66,3553.6,3.31
28.2,154.7,78,4876.0,0.0
24.3,168.3,70,3639.4,2.9
24.2,118.8,75,4677.0,0.0
26.0,143.2,78,3604.4,3.07
28.4,169.1,78,3775.0,2.27
24.7,143.0,70,3744.3,2.41
27.8,131.4,65,3915.7,1.6
25.6,129.5,81,4108.4,0.7
27.9,130.7,81,3687.1,2.68
26.7,149.2,81,4959.7,0.0
24.7,103.7,74,3503.0,3.54
25.5,133.2,74,4658.2,0.0
25.3,144.8,78,4289.8,0.0
25.0,162.9,65,3628.4,2.95
26.8,142.4,66,3680.0,2.71
29.7,174.1,82,4385.0,0.0
27.9,135.5,84,3972.9,1.34
29.0,152.1,67,4175.3,0.38
29.9,101.4,68,4323.8,0.0
27.2,119.1,69,4360.0,0.0
25.4,165.2,84,4373.9,0.0
29.6,146.9,67,3605.1,3.06
28.2,175.7,67,4610.7,0.0
29.8,160.2,68,3940.3,1.49
27.9,136.0,70,3671.6,2.75
28.7,162.3,71,3653.3,2.84
29.3,137.4,68,3855.5,1.89
28.6,126.4,79,4443.0,0.0
27.4,103.8,70,4207.9,0.23
26.8,169.2,69,3660.6,2.8
28.9,133.5,72,3548.5,3.33
28.6,154.8,70,3537.0,3.38
26.2,112.2,81,4131.6,0.59
27.0,166.3,80,4682.2,0.0
27.8,165.9,75,4360.4,0.0
24.2,138.6,65,4714.5,0.0
25.5,153.8,78,3979.1,1.31
25.5,141.7,77,3710.5,2.57
29.3,144.2,74,4704.5,0.0
26.0,171.1,74,4591.8,0.0
27.3,177.4,72,4383.7,0.0
29.0,129.4,73,4831.6,0.0
25.6,126.5,68,4446.0,0.0
24.7,124.3,75,4288.7,0.0
29.7,161.7,73,4253.5,0.02
28.2,157.8,76,4426.1,0.0
25.1,103.5,77,4274.9,0.0
28.9,107.1,72,3909.1,1.64
28.7,151.7,77,4930.8,0.0
29.0,122.0,65,4937.1,0.0
25.7,107.3,75,3750.3,2.38
26.7,133.1,66,4295.9,0.0
28.2,170.2,69,4684.4,0.0
26.3,129.3,75,3582.2,3.17
24.4,155.7,68,3685.3,2.69
24.8,172.0,72,4317.3,0.0
27.6,113.5,76,3542.5,3.36
26.3,148.8,67,4749.5,0.0
24.0,172.6,81,4809.7,0.0
28.6,115.5,72,4604.5,0.0
26.5,179.1,70,4733.5,0.0
25.9,129.2,68,4507.6,0.0
28.3,117.4,68,3712.8,2.56
26.7,167.0,71,3544.8,3.35
28.2,137.4,74,4772.1,0.0
24.1,153.7,70,4560.7,0.0
24.1,139.2,68,4097.7,0.75
27.4,151.5,74,4695.3,0.0
29.9,102.8,84,3579.9,3.18
25.6,128.0,81,3978.6,1.31
28.1,152.6,84,4012.8,1.15
25.0,128.1,70,3657.3,2.82
25.9,162.1,75,4612.5,0.0
24.5,176.9,82,4666.3,0.0
29.3,103.0,73,4374.8,0.0
25.9,168.4,76,4126.8,0.61
25.4,113.5,75,4410.6,0.0
28.4,173.4,82,4847.6,0.0
25.2,175.7,66,4036.6,1.04
25.4,145.5,80,4001.4,1.2
24.6,138.3,73,4434.1,0.0
29.8,160.7,80,4525.5,0.0
25.5,173.4,76,4186.6,0.33
30.0,118.6,81,4789.3,0.0
25.1,130.6,77,4028.4,1.07
24.1,133.4,68,4461.4,0.0
29.4,167.7,77,4501.7,0.0
27.5,111.0,76,3942.2,1.48
26.1,149.8,66,3528.3,3.42
27.1,128.1,81,4739.9,0.0
25.6,170.8,79,4223.6,0.16
27.8,127.2,77,3643.2,2.88
27.7,178.2,66,4936.3,0.0
24.5,101.3,70,3944.6,1.47
29.5,119.2,76,4211.7,0.21
26.8,136.6,65,4226.1,0.15
25.2,120.5,79,4056.2,0.94
25.8,159.0,67,3727.4,2.49
29.2,165.2,74,4556.4,0.0
26.3,155.8,70,3793.2,2.18
27.4,177.6,69,4523.5,0.0
29.7,136.5,72,4703.2,0.0
27.9,178.4,70,3534.7,3.39
28.1,110.0,75,4597.7,0.0
25.5,167.7,78,4457.0,0.0
28.0,103.1,84,3793.7,2.18
26.4,142.6,69,4430.3,0.0
29.5,138.8,77,4131.2,0.59
24.8,168.5,73,3626.9,2.96
25.7,156.1,74,4285.5,0.0
24.4,135.3,75,4959.9,0.0
26.3,171.7,70,4473.2,0.0
24.9,170.9,69,3995.8,1.23
29.1,102.0,69,4345.3,0.0
29.6,169.7,80,4606.7,0.0
28.0,142.1,72,3734.4,2.46
24.6,167.1,79,4293.2,0.0
26.0,114.5,79,4260.3,0.0
29.8,112.1,73,4064.8,0.9
24.8,157.8,79,4620.6,0.0
27.3,122.0,72,4347.5,0.0
26.1,144.7,78,4548.3,0.0
30.0,155.1,71,4393.9,0.0
25.7,148.8,76,4671.4,0.0
24.3,155.9,65,4450.9,0.0
28.2,149.6,79,4516.6,0.0
26.0,130.3,71,3838.2,1.97
27.9,107.2,79,4768.8,0.0
24.6,168.4,74,3733.1,2.46
27.1,167.7,70,4009.7,1.16
26.3,100.5,80,4834.1,0.0
27.2,167.3,78,3662.9,2.79
29.1,112.1,76,4800.0,0.0
29.8,126.6,81,4213.0,0.21
28.5,133.1,74,3775.4,2.26
28.6,154.4,74,4605.8,0.0
27.2,107.4,72,3925.8,1.56
24.6,166.1,75,4516.9,0.0
28.0,175.4,82,4686.3,0.0
24.9,176.2,77,4354.0,0.0
25.5,107.3,84,4679.0,0.0
28.2,173.6,80,4902.6,0.0
27.9,145.4,78,4325.6,0.0
25.9,158.2,76,3728.6,2.48
28.6,174.4,77,4564.4,0.0
29.6,152.9,77,4115.1,0.67
27.3,136.5,80,4297.0,0.0
28.1,142.0,65,4440.2,0.0
25.6,154.8,76,4576.2,0.0
29.8,175.6,73,4459.7,0.0
25.6,171.2,77,3849.3,1.92
29.3,146.2,77,4622.2,0.0
29.6,116.9,72,4711.0,0.0
28.3,127.7,82,3556.5,3.29
28.9,128.9,82,3962.2,1.39
26.7,123.1,73,4966.7,0.0
29.5,159.7,65,3766.6,2.3
28.5,166.9,71,3774.2,2.27
26.0,125.6,77,4387.0,0.0
24.2,167.7,79,4007.2,1.17
27.2,158.8,66,4485.7,0.0
29.0,135.3,72,3894.0,1.71
29.2,155.9,84,4139.0,0.56
29.0,161.5,69,4997.6,0.0
25.3,144.9,73,4060.2,0.93
26.6,135.4,81,3629.2,2.95
27.7,108.1,78,4613.7,0.0
28.0,100.1,73,4382.9,0.0
26.0,175.0,79,4166.9,0.42
28.2,121.4,84,4863.1,0.0
27.5,153.0,65,3719.9,2.52
27.4,175.5,77,4234.6,0.11
28.0,165.5,74,3787.7,2.21
27.6,109.8,76,3625.2,2.97
25.0,164.2,78,4163.5,0.44
29.2,158.1,70,4921.0,0.0
25.4,126.4,75,4583.1,0.0
28.5,155.2,71,3851.8,1.9
25.1,166.1,84,4193.9,0.3
28.0,123.3,68,4696.2,0.0
29.4,169.5,76,3793.1,2.18
24.1,106.3,66,3805.5,2.12
29.9,142.2,84,3771.5,2.28
24.2,118.7,78,4411.2,0.0
24.1,158.2,73,3543.4,3.35
29.1,114.0,78,4381.4,0.0
28.3,127.3,70,4738.1,0.0
24.6,110.2,69,4674.0,0.0
29.6,165.0,84,4500.2,0.0
28.0,110.6,83,3829.2,2.01
24.7,157.9,82,4724.6,0.0
29.2,156.6,71,4936.2,0.0
26.9,111.4,65,3775.7,2.26
25.7,145.3,84,4865.5,0.0
29.0,139.8,73,4779.5,0.0
28.4,147.6,72,4968.9,0.0
27.7,175.0,75,3978.9,1.31
29.4,106.4,71,4901.1,0.0
29.2,165.6,81,3769.3,2.29
25.4,169.0,79,3762.8,2.32
29.3,110.1,72,3660.5,2.8
26.2,152.5,84,4141.7,0.54
26.6,156.2,76,3518.3,3.47
29.8,143.9,69,4072.0,0.87
28.6,140.2,72,4438.9,0.0
25.9,125.4,69,3617.4,3.01
27.9,155.1,78,4727.7,0.0
27.2,122.8,68,3939.1,1.49
24.7,136.8,79,3569.7,3.23
29.3,168.6,84,4061.9,0.92
28.9,107.2,74,3707.7,2.58
28.7,142.3,81,4692.9,0.0
27.4,138.9,68,4001.0,1.2
25.3,130.3,65,3675.5,2.73
29.3,147.8,70,4180.5,0.36
26.1,101.3,72,4178.0,0.37
24.1,139.4,68,3913.4,1.61
29.9,138.9,78,3990.5,1.25
29.2,141.3,66,4653.3,0.0
27.7,117.0,69,4458.1,0.0
24.1,116.6,79,3822.0,2.04
25.4,151.8,83,4922.3,0.0
26.7,107.4,78,3957.1,1.41
27.8,124.5,71,4300.2,0.0
28.2,166.5,73,4356.7,0.0
28.7,108.3,65,3820.5,2.05
27.3,137.4,84,3936.8,1.5
27.9,153.5,74,4221.0,0.17
28.9,111.3,75,3884.5,1.75
28.3,125.0,76,3958.4,1.4
29.7,144.7,65,4419.7,0.0
29.2,126.2,72,4600.6,0.0
25.0,108.8,70,4701.5,0.0
29.7,118.6,76,3682.6,2.7
25.2,108.8,73,4605.5,0.0
29.9,178.7,68,4904.5,0.0
28.2,118.9,70,4371.1,0.0
27.8,142.4,67,4407.0,0.0
25.9,134.3,66,4933.0,0.0
24.8,145.6,82,4804.1,0.0
24.8,139.8,69,4336.5,0.0
29.2,158.2,76,4648.8,0.0
26.6,169.8,66,3771.3,2.28
27.4,122.8,69,4119.7,0.65
29.6,114.7,82,4573.1,0.0
25.5,178.7,70,3932.9,1.52
28.6,169.3,75,4180.8,0.36
26.8,129.1,71,3759.1,2.34
25.3,171.6,80,4846.7,0.0
29.1,153.6,72,4843.5,0.0
28.1,135.0,67,4217.5,0.19
24.6,169.9,75,3788.0,2.2
27.3,154.0,84,4518.8,0.0
29.1,166.1,83,3820.3,2.05
24.4,133.4,75,3842.9,1.95
26.5,163.9,73,4958.1,0.0
28.8,129.4,76,3649.3,2.86
29.2,158.8,80,4068.9,0.88
28.7,134.8,69,4332.3,0.0
25.8,132.4,66,3661.7,2.8
27.0,163.7,74,3558.4,3.28
28.4,110.0,66,4313.5,0.0
24.9,174.3,68,3671.8,2.75
27.6,140.7,80,3876.8,1.79
28.3,150.9,70,4245.9,0.05
29.1,132.4,74,4021.2,1.11
24.7,151.7,71,4565.8,0.0
26.0,156.8,69,4943.7,0.0
27.2,169.5,77,4629.8,0.0
28.2,168.4,73,5000.0,0.0
28.4,128.6,73,4083.4,0.82
25.5,149.3,79,3957.9,1.41
24.1,162.4,68,3818.9,2.06
28.2,161.2,65,4827.3,0.0
29.5,171.3,84,4084.9,0.81
28.8,166.6,78,4566.4,0.0
27.7,157.4,83,4512.2,0.0
29.9,159.9,65,3585.6,3.15
26.6,164.6,74,4819.5,0.0
27.2,167.0,68,4229.8,0.13
24.1,128.2,82,3835.3,1.98
29.7,162.5,76,4968.6,0.0
27.5,175.9,71,4629.7,0.0
26.3,118.6,70,4425.1,0.0
24.3,103.9,73,4982.6,0.0
26.2,105.8,66,4634.9,0.0
24.0,117.3,79,3681.7,2.7
25.9,173.6,77,4986.7,0.0
29.7,110.1,75,4396.4,0.0
24.9,159.8,83,3949.2,1.45
27.3,169.4,70,4726.3,0.0
25.1,170.2,73,3571.9,3.22
28.7,133.3,76,4481.5,0.0
27.4,139.6,75,3738.9,2.43
25.2,125.9,67,3631.3,2.94
29.2,111.8,82,4031.0,1.06
28.7,117.0,77,4034.5,1.05
29.7,110.8,77,4400.8,0.0
24.0,132.6,79,4348.2,0.0
26.7,113.6,83,4531.9,0.0
30.0,132.3,79,3761.2,2.33
28.9,168.1,79,4806.3,0.0
29.0,152.4,69,4788.0,0.0
27.7,153.0,69,3824.4,2.03
28.3,164.9,66,4210.4,0.22
28.8,103.3,82,4232.0,0.12
24.6,163.6,70,4881.9,0.0
28.2,115.7,82,4858.4,0.0
28.9,127.7,71,3601.2,3.08
24.2,124.6,84,4937.0,0.0
25.8,108.5,84,3602.8,3.07
25.9,113.9,67,4324.4,0.0
29.1,176.5,81,3967.4,1.36
28.7,148.0,84,4085.7,0.81
27.9,137.9,83,4440.1,0.0
28.8,160.6,72,4375.7,0.0
26.7,165.1,83,3751.2,2.38
29.2,108.8,83,4954.7,0.0
25.4,159.3,70,3543.0,3.36
28.2,174.6,84,4015.1,1.14
25.5,146.8,72,4702.1,0.0
24.2,149.1,67,4776.4,0.0
25.7,169.6,69,4695.9,0.0
27.0,154.4,65,4058.7,0.93
29.1,179.6,65,4510.1,0.0
27.1,122.6,65,4646.4,0.0
25.1,167.6,70,4366.9,0.0
30.0,149.0,66,4518.5,0.0
25.6,129.3,76,4330.4,0.0
29.9,170.6,81,3582.4,3.17
29.6,179.7,74,3909.9,1.63
27.3,104.6,69,4554.0,0.0
24.6,174.0,69,3862.3,1.85
28.2,116.2,66,4183.2,0.35
29.1,116.4,76,4301.9,0.0
26.7,103.3,69,4506.5,0.0
25.4,173.8,79,3888.7,1.73
28.8,160.8,84,4392.8,0.0
27.3,104.3,82,4394.8,0.0
25.2,150.7,70,4767.5,0.0
29.7,109.6,78,4328.1,0.0
29.7,160.1,75,3942.6,1.48
26.2,132.7,72,4284.1,0.0
24.4,104.1,73,3660.9,2.8
27.8,166.4,70,4411.6,0.0
25.9,145.8,67,4874.2,0.0
24.4,161.8,72,4294.7,0.0
29.4,154.0,80,3938.3,1.5
30.0,134.8,83,4108.3,0.7
26.1,155.9,65,4852.8,0.0
28.5,101.2,77,4719.6,0.0
24.4,127.2,76,4704.8,0.0
26.2,162.2,84,4346.1,0.0
24.7,161.0,72,4094.6,0.76
24.3,171.0,78,3698.7,2.62
27.5,148.9,70,4963.4,0.0
28.8,175.4,67,3768.7,2.29
26.7,144.6,67,3878.2,1.78
27.1,140.0,78,4646.4,0.0
25.6,115.8,67,4026.1,1.09
28.4,162.3,76,4375.8,0.0
26.2,155.4,76,4642.5,0.0
24.4,136.9,81,4334.2,0.0
25.0,107.0,75,4236.1,0.1
24.8,110.1,73,3576.1,3.2
26.6,109.2,69,4231.5,0.12
24.4,130.0,75,4182.5,0.35
28.8,112.7,71,4820.8,0.0
29.4,168.9,74,4171.1,0.4
25.5,171.9,73,4444.9,0.0
26.9,168.5,84,4660.6,0.0
27.1,148.7,79,4201.6,0.26
29.9,147.7,75,3891.3,1.72
24.4,171.3,67,4840.9,0.0
28.0,132.5,79,4843.3,0.0
26.1,105.0,81,4849.8,0.0
27.0,137.6,67,3909.2,1.63
25.3,144.3,84,3973.2,1.33
25.0,144.0,68,4878.2,0.0
25.5,112.7,75,3688.7,2.67
24.4,162.7,71,4483.8,0.0
25.7,158.6,84,3938.5,1.5
28.1,118.4,78,4582.0,0.0
27.9,144.1,68,4750.5,0.0
27.3,163.2,77,4112.2,0.68
24.0,100.6,65,3726.7,2.49
24.8,122.0,82,4598.4,0.0
29.1,137.8,77,3583.6,3.16
25.6,167.6,67,3522.5,3.45
29.5,163.9,72,4815.8,0.0
29.2,112.1,82,4725.2,0.0
24.9,137.0,66,4372.9,0.0
29.4,124.4,84,4498.1,0.0
27.8,132.1,70,4928.9,0.0
27.8,143.2,82,3594.1,3.11
29.1,139.9,82,3824.9,2.03
26.4,111.3,73,4593.8,0.0
28.4,109.7,79,3896.1,1.7
28.0,110.4,67,3810.9,2.1
28.6,167.3,73,4163.3,0.44
28.0,101.6,82,4585.5,0.0
24.5,116.2,84,3815.8,2.07
25.8,176.5,84,4144.3,0.53
29.6,105.3,71,4278.2,0.0
25.3,102.9,81,3758.3,2.34
26.8,131.0,67,4215.2,0.2
26.1,112.1,71,4798.8,0.0
24.5,145.3,77,4619.1,0.0
25.1,127.1,73,4255.2,0.01
25.7,116.7,73,3687.9,2.67
26.8,179.9,69,3535.0,3.39
29.2,127.3,68,3600.9,3.08
27.1,151.3,73,4625.3,0.0
27.9,169.9,70,4556.6,0.0
26.6,173.8,74,4619.1,0.0
29.2,132.8,82,3960.8,1.39
28.0,178.1,67,3634.9,2.92
24.5,158.0,84,4571.5,0.0
26.9,146.7,71,4883.7,0.0
29.0,155.5,76,4178.3,0.37
28.4,128.8,69,4646.5,0.0
29.4,134.0,81,4592.1,0.0
25.4,146.9,83,4780.5,0.0
29.9,126.1,68,3542.6,3.36
25.7,161.5,76,4933.0,0.0
24.3,120.1,79,4798.0,0.0
27.0,163.7,66,4814.7,0.0
24.7,112.2,79,4994.5,0.0
28.1,117.4,75,4459.2,0.0
29.4,160.2,65,3622.5,2.98
29.5,121.1,78,4734.2,0.0
27.6,163.6,68,3702.3,2.61
27.2,162.7,70,4606.8,0.0
30.0,120.6,72,4136.0,0.57
27.5,105.8,84,3509.9,3.51
29.6,113.3,66,4153.7,0.49
29.5,160.2,68,4695.0,0.0
25.7,167.8,81,3631.1,2.94
24.1,130.6,73,3503.3,3.54
26.6,113.1,83,4179.1,0.37
29.2,106.0,72,3502.2,3.55
29.0,117.3,73,4902.1,0.0
27.6,178.4,77,4737.3,0.0
24.9,113.6,72,4445.2,0.0
24.6,106.9,78,3526.0,3.43
29.7,162.8,82,4354.7,0.0
26.5,149.2,82,4506.6,0.0
27.9,142.8,74,4381.2,0.0
29.4,135.8,84,4920.3,0.0
29.2,156.1,65,4747.0,0.0
27.4,155.9,76,4047.6,0.98
26.9,134.0,67,4542.2,0.0
28.4,118.7,84,4191.7,0.31
26.1,167.3,76,4892.5,0.0
